"","1981","1982","1983","1984","1985","1986","1987","1988","1989","1990","1991","1992","1993","1994","1995","1996","1997","1998","1999","2000","2001","2002","2003","2004","2005","2006","2007","2008","2009","2010","2011","2012"
"AFG",622140,406400,376160,323980,289140,162140,207140,91220,23400,32180,15840,NA,NA,NA,NA,NA,NA,44100,72180,130640,175240,49720,15960,9320,25920,39800,22820,31980,57220,39780,60260,55740
"AGO",394280,601340,451780,453700,456440,311600,267360,420180,396400,581380,367640,335440,185460,109600,12700,5020,163660,51520,7000,44380,180920,238900,23920,580,5160,15300,20280,5300,56140,23800,28980,89160
"ALB",NA,60,340,0,0,0,0,0,2720680,NA,0,0,140,580,300,24080,47720,38020,15940,13240,360,320,160,140,120,1360,440,NA,0,200,NA,0
"AND",NA,NA,NA,NA,NA,NA,NA,NA,NA,NA,NA,NA,NA,NA,NA,NA,100,NA,40,40,100,20,0,0,0,0,0,0,0,0,0,0
"ARE",56400,33820,42100,34980,48000,43160,58260,23740,21360,23740,22960,21260,14900,10360,13420,8500,4860,5920,2340,1380,600,1060,840,440,580,NA,NA,1100,NA,1740,NA,2640
"ARG",351640,88640,142120,635020,184800,128960,160480,95020,80180,39340,841860,411020,101740,2680,13100,1180,2500,204580,6260,120,0,0,0,0,0,0,0,0,60,340,60,40
"ARM",NA,NA,NA,NA,NA,NA,NA,NA,NA,17580,3840,920,6760,2980,3740,40540,16040,1040,820,300,1380,800,80,35660,45620,2740,20,0,0,40,0,0
"ATG",4940,0,200,20,20,0,0,0,0,0,0,0,0,0,0,0,0,0,0,0,0,0,0,0,0,0,0,0,0,0,0,0
"AUS",NA,NA,NA,NA,NA,NA,NA,4960,3380,17600,27600,28500,90720,97900,23960,9960,17060,6540,4700,2160,2820,640,1820,1400,200,NA,220,1300,2080,1400,3800,3980
"AUT",NA,NA,NA,NA,NA,NA,NA,NA,NA,NA,NA,NA,1200,NA,NA,NA,0,0,20,NA,0,NA,1800,300,180,460,400,8960,980,1040,1360,0
"AZE",NA,NA,NA,NA,NA,NA,NA,NA,NA,40520,122440,10700,26420,129560,9480,3020,13560,57820,21620,4200,11480,87060,39560,16540,24760,4440,0,100,NA,0,0,0
"BDI",1179400,841020,986040,571740,734800,792620,465940,665220,560280,265640,207940,446880,477380,143840,295640,321980,25460,28980,58560,367260,NA,20320,4480,40,0,15680,860,3460,6100,9900,2580,980
"BEL",NA,NA,NA,NA,NA,NA,NA,952320,1620880,NA,144320,191300,147460,226920,213000,144420,77380,0,NA,NA,1660,NA,880,1220,520,300,1280,1960,660,800,11520,0
"BEN",247560,237000,235480,268740,264200,147480,263600,105500,65620,NA,107920,60980,82040,151140,209380,27300,190420,12960,51460,84880,117180,31760,4340,5240,4200,3520,6820,18560,29220,7840,8520,5760
"BFA",346540,418800,427900,601880,349220,234440,565640,155640,149480,196080,131800,435020,288900,58500,113380,370680,28760,NA,110320,121480,83480,34880,58920,1540,5060,2500,240,7900,1082360,50220,17200,147240
"BGD",208820,362320,191380,237020,233980,287040,272620,229420,546540,34100,185840,115360,108860,191420,99900,98580,206580,130440,113320,101960,88280,69680,81340,194860,518680,123840,58480,53200,14360,15760,112500,39720
"BGR",184780,5620,6520,5840,19440,27400,31200,8080,2220,2940,40560,405160,7080,2420,3440,13900,460,1600,480,920,160,0,0,0,60,20,20,20,44980,440080,3140,20
"BHR",6580,22940,8760,22680,38200,1940,440,100,3620,1180,140,240,40,0,60,1480,80,80,760,120,100,160,240,220,80,60,140,40,60,0,0,0
"BHS",900,1000,57360,720,520,1700,840,440,1180,1440,0,0,0,0,0,0,20,0,0,0,0,0,0,0,0,0,0,0,0,0,0,0
"BIH",NA,NA,NA,NA,NA,NA,NA,NA,NA,10240,3580,2880,4980,17500,2500,NA,78740,56220,2660,860,NA,560,360,560,460,340,3320,160,440,900,200,440
"BLR",NA,NA,NA,NA,NA,NA,NA,NA,NA,4480,27020,46480,77480,16400,30320,7900,2700,10340,3060,420,900,280,420,40,20,2980,20,0,0,20,1000,200
"BLZ",3720,120,220,80,140,2480,4480,1480,40,500,140,220,0,0,80,0,0,0,0,0,0,0,0,0,0,0,0,0,0,0,0,0
"BOL",153080,14400,40680,25400,4340,6920,19740,35860,13380,16400,42160,98740,67820,28820,1520,140,140,20080,28820,2440,0,0,0,0,0,0,0,0,0,0,0,0
"BRA",1225620,787400,1165180,1617500,1519860,2582520,1321180,523580,457060,1228700,850740,158680,120740,700,15860,11600,1045680,55620,18160,720,20,20,40,0,120,1140,0,0,0,1360,860,40
"BRB",820,120,120,100,140,40,40,20,40,1020,40,0,0,0,0,0,0,0,0,0,0,0,0,0,0,0,0,0,0,0,0,0
"BRN",15500,4860,11160,10820,12340,8800,1260,560,780,240,NA,1020,1000,NA,NA,NA,260,240,460,840,220,NA,480,320,180,NA,NA,60,40,0,80,20
"BTN",22040,37360,27120,26420,16380,18960,13460,7640,11080,3460,8820,2060,10100,13660,2960,180,3380,1320,198400,8360,15120,540,0,60,220,0,220,140,120,420,200,20
"BWA",43140,30240,130840,184980,33680,20360,2520,14220,75420,24360,11300,11320,106540,48940,9560,20600,100640,14000,8780,53440,20,140,1180,20,100,120,20,0,3680,17060,160,140
"CAF",76400,51260,31280,127900,48920,35700,42960,37960,6620,25500,72880,60440,33880,NA,18040,4960,3880,2920,12000,64140,56740,18760,13040,24660,9420,60,980,240,220,40,13580,2820
"CAN",46140,21280,18680,81560,56320,298820,47700,12180,222900,20660,123560,54840,4060,10460,47220,6540,11580,240,580,4120,680,120,300,140,120,260,2020,1240,280,1980,15180,240
"CHE",NA,NA,NA,NA,NA,NA,148000,152000,54000,39800,54000,86000,60000,28000,28000,40000,128000,40000,16000,NA,14000,NA,11480,780,1200,NA,20300,40440,19160,1540,12420,1220
"CHL",130540,188760,135040,95700,342020,251260,52460,901580,260160,39160,41960,20,20,0,0,0,1160,120,620,0,0,0,20,0,0,0,0,0,20,0,120,0
"CHN",20215100,17857400,15629500,12394180,8363180,3974760,2098500,1939880,1700980,1714100,2468560,2800960,2357020,1524080,1064640,1368080,1592420,1060600,1236800,1421860,1779240,1166820,1437580,1410980,2484380,1992040,2180460,2628820,1049220,763180,198860,123660
"CIV",295640,312100,142780,118920,177840,476780,683400,337280,373200,355980,198040,295300,149300,NA,600780,417160,193300,245780,96480,114580,115800,117640,95400,69320,2300,220,100,240,3660,8820,12560,2740
"CMR",210920,677520,1178080,771600,943560,638720,333080,464140,486280,423000,292440,548840,217840,30960,49260,235400,150080,214620,217880,292580,478680,28960,17980,7160,12100,3920,2000,9900,5020,4800,10080,12180
"COD",762840,615500,421140,227700,390160,388600,297320,264280,223560,91280,NA,1260,54980,251460,108860,190920,115320,305420,242700,165640,161440,609320,439120,898680,3649700,1602460,1111540,249220,1140,108140,2676040,1440580
"COG",193360,258620,332840,372300,152000,128480,28400,9080,9960,72160,80840,86040,13860,4520,47620,77940,25340,3480,6260,33560,43040,55760,74240,70480,2920,2520,1680,40,20,80,6300,5200
"COK",1140,280,80,20,1000,100,320,300,13820,720,1220,180,60,0,140,0,3880,180,0,40,0,0,340,0,0,120,20,0,0,0,0,0
"COL",392240,185460,261980,236980,111440,103600,412400,296020,251960,250400,207820,159520,182100,10500,8200,3200,1340,1220,880,20,60,2780,0,0,0,0,0,0,0,0,120,20
"COM",0,0,0,0,0,0,0,0,3400,46560,0,0,0,40,0,0,0,0,0,NA,NA,0,0,0,18240,1700,0,0,20,0,60,20
"CPV",3000,25640,27700,980,60960,NA,9000,140,20,0,140,20,0,600,200,0,171680,5780,20,40,0,0,0,0,0,0,0,0,0,0,0,0
"CRI",3400,3340,780,220,20,90680,80080,7160,660,1520,125920,47220,5460,0,700,480,520,540,460,0,0,0,20,0,20,NA,0,0,0,0,0,0
"CUB",367740,468160,65740,66300,57480,66240,17160,2420,240,240,340,240,40,0,20,0,0,0,0,0,0,0,0,0,0,0,0,0,0,0,0,0
"CYP",60,540,3660,60,20,20,0,0,0,80,20,400,0,0,0,1100,20,20,0,0,NA,0,0,0,20,0,0,20,0,360,0,20
"CZE",NA,NA,NA,NA,NA,NA,NA,NA,NA,48400,16780,8320,280,180,100,200,280,380,40,180,120,80,600,340,0,140,40,40,100,0,340,440
"DEU",105800,40580,195960,235180,11360,3980,3780,340,900,NA,NA,NA,NA,NA,NA,NA,NA,NA,NA,NA,120480,93140,15580,2420,15560,46140,11340,18340,11480,15600,32140,3320
"DJI",90660,620,NA,25900,2160,NA,1040,9460,9800,2080,260,2580,740,NA,160,8200,NA,3960,6820,3660,1580,1000,740,1420,5960,980,480,2860,960,140,980,14180
"DMA",540,40,20,3760,1280,900,1640,200,180,260,120,0,0,0,0,0,0,0,0,0,0,0,0,0,0,0,0,0,0,0,0,0
"DNK",713020,313120,664840,423760,263740,469800,125360,12360,8100,3600,3240,2580,2300,720,400,2380,1220,NA,NA,280,220,640,0,0,40,540,40,280,120,100,1680,40
"DOM",68200,73420,59200,88580,88340,10020,9980,13840,30100,69540,150240,153000,92740,60,0,0,20,280,5480,5080,2260,0,0,0,0,0,0,0,0,0,40,0
"DZA",416980,591680,442520,451060,402280,79500,50000,52680,83380,35920,119380,176460,62820,118260,164080,420060,391460,66020,50060,NA,53720,117240,307480,65780,46040,18880,0,4340,2140,2060,2240,0
"ECU",93560,32940,51120,139580,23660,16780,30740,160080,72980,32920,31700,87120,72540,73360,18380,840,0,0,0,0,40,0,0,0,0,0,0,20,0,0,5260,1440
"EGY",35540,147300,16260,97960,111080,23520,36100,73440,81140,17740,24620,88060,57480,28880,36660,88060,92120,97360,30940,52660,43000,13060,3280,1600,1540,19060,33680,13360,12160,320,520,4900
"ERI",NA,NA,NA,NA,NA,NA,NA,NA,NA,NA,NA,NA,5340,10820,3700,35660,15540,6320,6400,15780,4080,9200,7520,480,380,2560,1100,0,1640,1020,960,3880
"ESP",2933780,3191240,6087000,778280,1613260,4402180,702920,454020,658160,433000,488900,489200,239700,135920,176980,99280,36840,8920,4920,3040,NA,1340,5120,520,440,7240,5340,5940,820,6040,76040,24080
"EST",NA,NA,NA,NA,NA,NA,NA,NA,NA,660,2580,1420,6240,4600,340,380,360,340,240,180,0,0,0,0,40,540,20,0,0,0,140,80
"ETH",195680,210540,117320,196860,1330880,75200,96640,151500,83380,36720,9940,96300,23040,22660,11240,31720,22260,32060,106580,33200,47320,66640,4560,1460,7140,29020,28920,70220,23520,84700,65100,86940
"FIN",76260,108040,95020,14580,12280,14820,12700,2580,20640,60,160,100,0,20,120,0,0,20,NA,NA,20,0,0,0,20,0,0,100,40,100,540,0
"FJI",20060,18040,6260,16540,3040,7700,21500,12200,1060,640,NA,19380,8500,780,8280,780,16560,NA,NA,NA,340,6080,6100,740,NA,2720,0,0,20,0,NA,0
"FRA",22640,16240,17400,19560,7980,18620,NA,NA,NA,NA,3136980,2190960,1544640,880100,1084780,1320000,1600000,NA,NA,2e+05,NA,103700,NA,88960,720,800,780,12080,30820,100960,298980,0
"FSM",NA,NA,NA,NA,NA,NA,20,0,0,20,0,820,0,18600,0,NA,0,0,0,0,0,NA,0,0,0,0,0,NA,0,NA,0,0
"GAB",46120,34940,86480,144680,104440,136520,41480,13100,35600,14760,NA,24900,19160,NA,NA,1400,NA,NA,NA,300,102580,2200,NA,1260,0,1800,0,60,0,20,40,40
"GBR",1235580,2112840,2298960,1352640,2095480,1804280,897000,1765180,603200,564560,234540,246340,240360,470500,180340,137320,96880,1480,NA,2080,1460,6280,9200,3780,1580,15280,20440,28900,24240,8860,22240,41840
"GEO",NA,NA,NA,NA,NA,NA,NA,NA,NA,NA,7040,2300,8180,14460,3620,6080,6840,4360,2880,1000,700,3980,4320,136940,27120,6680,880,1120,460,440,1280,620
"GHA",769520,1592720,731220,803580,1290340,221980,495620,809120,399940,644920,342700,798660,692820,696420,805520,685460,745220,466700,319740,461360,269520,245780,38780,1200,8700,8400,120,1640,2020,12820,2400,32260
"GIN",227940,300760,177120,87920,59380,51840,147140,67060,83040,255120,134160,32340,104560,47440,21700,205840,203400,183400,360080,225880,148160,43020,49940,200,1980,80,60,1780,5280,900,220,120
"GMB",5240,31320,27440,NA,32560,79940,NA,NA,NA,NA,3280,7280,18240,5600,2600,300,30000,NA,17120,6720,1980,640,2380,0,0,0,0,0,0,40,0,0
"GNB",41920,32260,64360,7100,26560,44820,3480,22060,2120,5180,47920,16840,34140,7560,10560,1460,9960,NA,9440,NA,2520,5960,23160,70520,0,0,20,240,0,520,0,0
"GNQ",NA,NA,NA,3960,9280,15760,237300,297500,11640,640,640,5940,3140,5400,880,20,0,NA,NA,NA,26780,480,360,760,NA,0,100,8720,1560,0,0,23800
"GRC",27780,68340,474460,24000,29680,21000,37820,102000,10680,4900,27420,68960,10060,3260,2240,121640,2720,1320,1380,1120,240,100,NA,20,2440,NA,40,20,40,2980,800,60
"GRD",180,34260,5360,220,140,400,120,80,40,120,40,0,0,0,60,0,0,0,0,0,0,0,0,0,0,0,0,0,0,0,0,0
"GTM",69440,79840,55240,61440,45440,33000,8000,3640,48260,176040,4180,1940,340,4080,460,20,160,20,0,0,0,0,0,0,0,0,0,0,0,0,0,0
"GUY",140,820,400,5880,1740,300,440,18340,220,20,240,0,0,0,0,0,0,0,0,0,0,0,0,0,0,0,0,0,0,0,0,0
"HND",117140,48920,23360,100560,129520,12060,28740,23100,127060,167200,1900,1160,260,60,0,80,100,0,0,0,0,0,0,0,0,0,0,0,0,0,0,0
"HRV",NA,NA,NA,NA,NA,NA,NA,NA,NA,2380,2340,3200,1740,2760,13940,2380,4800,12960,620,180,160,120,380,1080,40,20,0,1020,40,140,240,40
"HTI",50040,21280,17380,33620,42220,5380,62600,4700,11600,28280,NA,NA,NA,NA,NA,20,0,60,0,19840,3180,0,0,0,0,0,0,0,0,0,0,0
"HUN",211460,50420,2480,1960,400,340,600,22060,NA,580,320,280,660,220,80,240,480,460,20,20,400,0,0,0,40,20,0,0,20,0,100,40
"IDN",NA,NA,NA,NA,NA,NA,NA,NA,667600,228940,254340,1586000,1235640,1002300,685820,655680,557620,1060480,1479260,981480,870000,613740,642220,777080,988600,1103300,417920,213000,416360,330580,437860,309780
"IND",4041080,2923920,2592780,3817620,3224320,3101520,5058800,3227580,3315420,1792240,1557180,1435960,1007820,1010360,749880,941440,1220080,679800,420260,776700,1035600,800880,942940,1030920,734220,1283700,822880,885160,1123760,596160,586780,373360
"IRL",21500,37940,123600,114500,198060,9020,4020,18720,24960,11120,2700,3580,86560,24660,4700,4560,3700,4080,2940,NA,4820,4860,11680,6680,1900,1740,1280,1140,3280,8860,5700,2140
"IRN",717160,954380,872460,658180,411640,298080,387660,231180,117900,106820,120680,100560,92320,10120,5260,46580,78020,57380,82740,237480,191640,191080,232880,60,140,4400,2660,2540,5240,10760,1460,6640
"IRQ",1285880,631280,758060,762960,443720,202440,159560,185680,232340,60900,227160,402120,326780,213140,153000,5120,14160,874700,198400,14520,81760,NA,NA,181620,18160,9480,4600,109880,606560,9840,300,300
"ISL",480,280,780,3240,7480,2640,280,220,460,280,200,160,160,140,40,20,20,NA,NA,0,0,NA,0,0,0,0,0,0,0,0,0,0
"ISR",4560,157280,2580,2740,60100,39020,8760,3880,580,4600,19820,1320,2820,31100,440,380,240,160,280,720,380,40,2480,2320,40,180,10780,18620,100,460,1400,4220
"ITA",1424780,368460,527420,1542980,1500800,426120,412540,1843760,584280,104460,469160,1300260,337800,123160,742620,651920,825080,81440,58160,29140,NA,187700,219640,11980,2700,8780,6420,32340,7020,7440,103780,0
"JAM",105320,56300,23280,4720,1340,600,740,600,114520,73020,6160,0,0,0,300,80,0,40,0,0,0,0,0,0,0,0,0,40,0,0,0,0
"JOR",23480,31880,3660,51840,11180,5940,32900,96200,27940,5800,2860,21420,59700,10320,6360,8960,140520,8560,2300,640,1220,380,1520,420,560,20,820,40,0,0,0,60
"JPN",429420,134320,145620,245360,56200,126460,117440,62180,35060,65180,109040,NA,40040,NA,NA,32800,NA,17980,NA,449940,451040,676240,165720,175040,NA,10400,NA,220300,14820,9000,8680,4560
"KAZ",NA,NA,NA,NA,NA,NA,NA,NA,NA,5460,28500,12940,65940,35760,5680,2460,2400,38700,27820,4900,1880,360,480,44080,322360,2180,260,400,0,80,2540,1100
"KEN",5156780,5415340,5713620,4002860,2229840,523980,997160,1404000,1734540,1541440,1198740,1300080,19220,83600,66440,71440,66780,185240,172020,420040,226080,15320,1300,400,3060,36940,30320,25640,24360,1900,47900,0
"KGZ",NA,NA,NA,NA,NA,NA,NA,NA,NA,11680,16480,16300,76500,3360,340,1480,19960,47940,9560,320,340,40,120,160,1060,540,800,320,20,0,4440,0
"KHM",815480,1152100,207360,766580,891140,344380,185620,98680,185120,49460,43720,55180,25240,18920,40760,56280,76520,39860,276540,244740,75220,27220,13060,7040,5280,3760,7880,84220,95580,23120,14440,300
"KIR",1400,220,0,28340,40300,40,440,5280,32240,600,160,87140,2280,5840,80,260,500,7100,40,0,0,0,NA,0,0,NA,0,0,0,0,0,0
"KNA",1040,2760,11120,40,540,440,420,240,240,1600,0,0,0,0,20,0,0,0,0,0,0,0,0,0,0,0,0,0,0,0,0,0
"KOR",46140,135520,13900,44920,25660,36360,37600,31580,47880,68300,NA,NA,NA,157660,1420,1420,40,80,NA,652940,461200,1240,660,220,140,560,3880,40,340,2280,840,40
"KWT",51900,11720,31800,12160,41220,4740,8560,1400,1420,1420,3300,7660,5200,8640,240,300,520,1800,260,120,NA,NA,NA,460,200,NA,NA,NA,NA,260,640,540
"LAO",NA,7660,21520,18480,29840,27340,51600,44860,55860,43360,28000,10400,21660,19680,63480,18340,13420,92260,46040,6640,1880,41400,36200,29820,5900,1160,33560,3480,1560,3060,2260,640
"LBN",60,NA,5320,NA,NA,NA,NA,NA,NA,NA,NA,260,7920,1020,60,40,2680,19320,160,100,160,720,10520,4260,12360,19120,7460,480,440,240,180,180
"LBR",156200,137460,96700,123020,53720,16720,43560,51120,37320,NA,NA,115520,127960,11420,1120,38760,59220,28720,33580,119540,27580,2620,2840,80,160,400,20,20,120,44000,5580,860
"LBY",31400,18560,19920,50520,83860,17020,8020,6320,4140,18620,33900,73820,14660,22540,NA,NA,520,1000,NA,NA,12660,77800,NA,55420,5840,20,1180,160,6580,NA,NA,6400
"LCA",2680,40780,1420,260,180,640,80,80,200,600,40,0,0,0,40,0,0,0,0,0,0,0,0,0,0,0,0,0,0,0,0,0
"LKA",124640,265460,163420,264300,187960,124700,70160,52600,15600,80080,37920,14020,11160,11320,8160,3160,3900,3540,48340,330540,6180,2780,1300,700,60,0,880,660,420,1580,1200,1020
"LSO",152480,138820,104780,116420,147240,87520,48960,35940,27560,43900,47020,36320,4700,11460,6080,NA,0,NA,18880,13200,4340,0,20,620,NA,20,40,0,0,49760,3440,3580
"LTU",NA,NA,NA,NA,NA,NA,NA,NA,NA,NA,2860,4000,4980,5720,3760,700,600,360,460,380,140,2060,20,20,20,20,0,20,0,40,140,0
"LUX",4280,4860,420,700,1240,540,3060,360,240,320,20,960,80,20,20,500,20,NA,NA,0,NA,NA,20,0,NA,160,0,20,0,0,120,40
"LVA",NA,NA,NA,NA,NA,NA,NA,NA,NA,420,120,4960,1080,200,40,60,80,60,0,0,20,NA,NA,0,40,140,0,60,0,0,20,60
"MAR",2189720,1063200,1616120,229680,84320,306660,532420,46120,33780,31540,42500,120160,168620,70240,47600,26480,50240,157260,217060,147360,54480,120000,216820,127980,NA,24340,44960,29100,16680,12660,19640,13360
"MCO",240,0,0,0,0,0,0,0,0,0,NA,3200,NA,NA,NA,NA,NA,0,NA,NA,NA,NA,0,NA,NA,NA,NA,NA,NA,NA,NA,0
"MDA",NA,NA,NA,NA,NA,NA,NA,NA,NA,64840,12420,6440,17320,79020,23480,6880,7280,13460,4900,13740,9140,98580,1740,80,120,680,200,0,0,0,0,220
"MDG",2813060,1689880,2038500,1337880,1397680,430920,216820,341380,593080,289180,116480,36920,121200,283280,234620,119220,277300,310200,703920,705120,187140,215900,1244660,711160,NA,40,0,60,0,20,0,40
"MDV",29580,0,0,0,40580,0,0,0,0,0,0,0,1220,14120,61400,0,NA,0,NA,400,0,18520,1500,740,27900,940,400,0,120,0,0,0
"MEX",222720,127280,67360,103160,476520,196480,55520,78300,407620,1375640,101540,10660,3440,2560,4880,40,0,0,0,600,60,0,880,1280,120,460,0,0,0,0,60,0
"MHL",0,0,0,0,80,20,0,NA,260,280,380,200,180,0,NA,0,0,0,0,0,0,0,22540,0,0,0,0,NA,0,0,0,0
"MKD",NA,NA,NA,NA,NA,NA,NA,NA,NA,NA,3620,3600,49900,4580,4340,21120,7280,NA,1060,720,540,380,360,180,100,60,20,540,100,4340,14020,0
"MLI",168260,328640,175180,89880,594640,93380,87040,89560,72100,27760,269460,156600,211900,68400,66120,219900,70620,204800,50120,31560,89280,14340,4640,3440,660,2560,40,1960,58780,34380,480,6820
"MLT",2420,30600,12400,1160,3500,36880,920,340,340,120,160,860,60,160,540,320,100,60,20,40,40,140,80,80,120,20,40,20,20,0,60,0
"MMR",536420,502040,378380,331600,327720,76600,110800,86460,77660,158000,88740,35880,53640,37100,23400,33680,20700,29300,15820,16900,50380,14720,16600,26580,6280,15200,21760,6660,6580,3800,40920,43500
"MNE",NA,NA,NA,NA,NA,NA,NA,NA,NA,NA,NA,NA,NA,NA,NA,NA,NA,NA,NA,NA,NA,NA,NA,NA,NA,0,0,0,0,100,100,0
"MNG",13900,4180,38700,594760,10500,2660,7560,60880,43520,5920,13120,21380,1420,3540,11100,2560,80,160,200,18500,213540,24100,360,0,0,520,240,620,160,140,0,0
"MOZ",327160,238180,234680,250160,330140,322180,254980,242840,456640,361640,101180,61840,115980,192360,83320,185020,306480,313860,78720,147500,141700,143100,577960,187920,251960,3660,5340,80,1200,46420,3540,2900
"MRT",173160,134860,314200,224060,302460,106360,46460,8680,100640,27580,92020,99800,115080,53360,3900,NA,9980,26060,105260,NA,27960,17660,72220,100780,2540,440,220,80,6440,25840,4680,700
"MUS",0,80,0,120,40,100,0,40,0,20,0,140,1760,200,120,0,0,NA,0,0,0,NA,15540,560,140,60,260,240,300,240,40,0
"MWI",275250.25119017,441125.943428384,577522.874247278,485963.179557962,545744.713747392,514000.727905177,501845.075287629,445414.413361455,444429.88281843,451687.618054638,323270.752269186,319898.060362529,287904.947796748,278334.743479482,271215.986426,272966.183196134,276810.504048205,266737.41928605,72097.1425064349,161913.079302486,220614.298713227,258073.589244708,264560.520973519,264767.731911484,262006.847989684,109773.197063751,179538.282924634,217883.220088697,94826.9606608587,228007.36879157,234613.005658616,242478.870142972
"MYS",113800,185360,186260,162940,103260,93980,108580,46080,20540,11260,5500,7260,10840,6920,13080,9200,12540,9660,51520,123740,43960,8160,12640,114580,28140,11280,7880,6680,3060,1460,31380,37360
"NAM",NA,NA,NA,NA,NA,NA,337480,89640,NA,NA,NA,137480,26560,2660,34460,98020,107180,9900,5920,9380,8320,25560,5240,80,80,60,420,0,81520,62760,1580,1720
"NER",722780,796300,605760,843980,1293780,352520,285800,337280,458640,409260,1801420,626820,731140,973700,1359720,1378420,652980,228080,723120,426380,1224160,631680,1083800,1261140,43660,1180,5640,26340,16020,7440,15420,5440
"NGA",2593420,2795700,2735560,3651820,3235360,2314860,1551320,1518160,673560,2313640,880520,1719300,1094680,2121620,247860,1773500,427700,2861960,4343020,4243660,3362140,840140,2825160,630420,2218540,14080,52260,199200,25440,169820,376860,128940
"NIC",4480,4520,2240,3060,19120,51000,15840,6280,0,0,0,46640,6780,60,100,0,0,0,0,0,0,0,0,0,0,0,0,0,0,0,0,0
"NIU",40,0,0,0,420,140,0,20,20,NA,2420,0,0,40,0,0,0,0,0,0,0,0,0,0,0,NA,0,0,0,0,0,0
"NLD",1540,1900,9600,1640,480,1800,4540,30380,2480,320,1180,9440,9360,6040,3680,1140,420,180,47360,20380,NA,60,80,220,80,20,200,2180,300,300,1020,200
"NOR",91720,219480,123620,35500,26240,24380,11260,2660,260,1900,340,1460,140,120,360,460,220,NA,NA,0,80,100,160,140,0,0,NA,80,40,60,780,80
"NPL",5080,25360,22340,40840,19040,1360,3800,3860,3420,3640,1860,2720,1180,28020,96200,144260,253540,115420,NA,187940,216980,134980,266880,241480,100460,56760,28300,41780,3780,3800,47180,67240
"NRU",0,20,NA,NA,NA,20,0,NA,0,6000,NA,NA,NA,NA,0,NA,1160,NA,20,0,0,0,NA,0,0,0,0,0,0,NA,0,220
"NZL",NA,NA,NA,NA,NA,NA,NA,NA,0,NA,184780,NA,1380,660,NA,NA,40820,3280,2120,1300,1300,420,1320,660,400,400,500,NA,3960,860,11940,1360
"OMN",813580,332900,183020,193040,83220,40020,76080,121040,85100,25240,4400,36680,62160,3620,1360,920,240,100,180,300,300,100,20,360,500,260,480,360,380,60,100,260
"PAK",580200,397800,420080,346440,533720,846080,919920,1110860,46980,435700,12340,59340,39340,28420,34400,21800,36960,46660,58800,41280,76980,78060,94800,84960,59620,152820,56020,22580,17260,86420,87720,160920
"PAN",86640,80280,11900,7160,85900,83980,37700,7560,6020,37820,48600,16900,1800,60,380,0,0,0,0,0,0,0,0,0,0,0,0,0,0,0,80,0
"PER",201420,254160,152380,260780,187860,121980,124800,115700,22900,14740,20280,452100,34600,13400,7060,2100,1900,200,240,20,0,0,0,0,0,0,0,20,0,0,0,0
"PHL",540620,719780,873680,1505800,1259180,1187500,1637920,1416020,1379720,858760,580740,786080,150820,60120,78260,NA,184360,39680,59620,142400,147200,140060,210220,60500,2360,180,10600,6820,29380,127360,130760,30720
"PLW",0,0,0,0,0,0,0,0,20,0,0,0,1860,0,0,0,0,20,0,0,NA,0,NA,0,0,0,0,0,0,0,0,0
"PNG",330380,255420,200460,197480,113600,380480,204120,130860,195980,91500,54800,132680,164240,136420,74600,46260,13560,22960,126080,142700,80460,352400,77260,27700,24440,20,0,0,0,0,0,0
"POL",705660,152400,225420,1088060,713600,136120,25720,20100,144500,1129420,48380,73900,28200,17280,15040,12780,6760,45100,1980,1540,2660,680,960,220,260,2400,800,NA,2300,260,NA,0
"PRK",0,0,0,0,0,0,0,0,0,0,0,0,0,0,0,0,0,0,0,NA,0,0,0,0,0,0,71000,0,0,0,0,0
"PRT",NA,NA,NA,NA,NA,NA,16260,45700,235820,8140,5500,4160,17620,64600,3840,2240,2580,1920,1000,900,NA,160,160,100,140,0,0,20,60,100,40,460
"PRY",8560,10620,25180,19580,13320,12200,34840,15100,7720,27920,10520,17280,41320,2440,1460,260,2860,1400,0,0,0,0,0,0,0,0,0,0,0,0,0,0
"QAT",29780,10120,16320,17720,28200,41900,8180,7640,21660,6280,11260,1360,1720,620,0,760,8780,2320,NA,920,460,680,480,580,1480,2880,7220,NA,2240,5900,2020,3200
"ROU",431680,1233640,94460,42160,100140,680740,236660,36200,77400,93820,35460,121220,566420,124560,43760,18120,471580,190940,4800,700,200,280,180,2340,100860,63920,7060,240,160,3860,83780,149000
"RUS",NA,NA,NA,NA,NA,NA,NA,NA,NA,367400,408980,371400,1489260,573440,132600,142400,57480,124300,148560,96000,41440,11600,65820,48880,9080,22940,3460,540,2020,2580,12580,42460
"RWA",1587680,735840,400020,345380,335200,854980,247740,87280,108580,179400,116400,348580,197220,119980,577480,79760,15740,NA,87180,41900,17920,54760,21280,7720,2580,9880,520,120,100,2420,620,1500
"SAU",715800,665880,892660,609140,367860,456600,584400,164500,71760,108780,127360,225980,63640,25060,51480,48140,79560,110380,56300,NA,3100,6220,24160,37600,7460,16140,92960,3160,1640,6680,7240,5880
"SDN",1296080,1363420,56120,47800,1351780,542720,32700,149320,302280,281500,600280,340340,13660,19260,16820,51180,7000,11000,66940,57500,87240,90580,87620,191240,27480,4560,6540,2580,1360,13600,137440,209500
"SEN",690320,647600,529620,NA,NA,136620,69060,31920,218800,100080,228540,307340,293860,118880,NA,161380,131880,131880,73360,116780,495780,363680,30380,620,0,60,220,120,19980,8560,360,920
"SGP",15420,39300,13540,48340,2720,4360,2460,3840,2920,2860,4320,12120,0,3180,3700,NA,28260,2280,1300,2820,8160,4220,660,1920,660,460,300,360,320,1000,2960,0
"SLB",42080,66620,18460,4760,40,0,8680,11860,275580,6860,900,1720,30540,12800,0,0,0,0,NA,NA,0,0,0,0,0,0,0,0,0,0,0,0
"SLE",68160,82040,86540,80320,67020,3280,20000,4140,12500,16600,5680,18280,45760,2280,6880,NA,7220,NA,NA,71500,12980,11360,11720,140,580,660,0,880,620,21780,37300,13560
"SLV",251080,73280,48140,95500,28260,5560,8100,15740,0,0,0,10180,760,0,0,20,0,0,0,0,40,0,0,0,0,0,0,0,0,0,0,0
"SMR",NA,NA,NA,NA,NA,NA,NA,NA,NA,20,20,140,120,NA,NA,NA,440,NA,0,20,NA,NA,60,0,0,0,0,NA,0,0,0,20
"SOM",NA,NA,12440,9740,2560,1400,4440,5920,19760,NA,NA,NA,NA,NA,NA,36600,NA,61500,110460,79300,71420,191180,165140,240160,NA,140,22980,21620,260,2300,345960,199660
"SRB",417560,276520,259340,404660,506500,282960,172780,132580,322980,99560,19820,42160,335540,16000,10480,9160,93840,18440,5760,760,700,1260,300,220,40,40,4020,40,20,400,7400,0
"STP",3880,60,4320,11520,1240,1380,0,2360,NA,200,0,0,1760,6380,460,0,0,NA,NA,0,0,0,0,0,0,0,0,0,0,0,0,0
"SUR",14320,12940,340,800,2200,740,100,1360,0,700,0,0,0,0,0,0,0,0,0,0,0,0,0,0,0,0,0,0,0,0,0,0
"SVK",NA,NA,NA,NA,NA,NA,NA,NA,NA,940,4220,8300,11020,580,40,0,12400,10600,0,0,0,0,20,40,0,0,0,0,0,0,0,0
"SVN",NA,NA,NA,NA,NA,NA,NA,NA,NA,NA,640,200,140,2680,7960,160,180,260,20,NA,0,0,0,0,0,0,0,0,0,40,440,40
"SWE",70800,124460,92520,20060,6520,3460,NA,760,1240,580,500,1140,500,420,460,880,1240,NA,NA,1180,100,180,60,100,260,380,20,500,60,120,520,600
"SWZ",51840,183700,65340,95880,65060,45060,85220,31620,29220,29300,29340,40840,142960,12200,3420,44020,12180,3600,0,200,980,740,7000,0,0,0,0,20,520,6260,0,0
"SYC",80,6940,5340,380,200,80,40,0,100,260,120,0,0,0,0,40,60,12520,40,NA,0,0,0,0,0,200,20,0,0,0,0,0
"SYR",34580,16000,17580,28100,8500,43080,5840,1160,14580,10700,7180,7480,46000,26680,27240,41200,137000,108000,60,2920,5800,10760,16020,3780,7500,10340,8060,380,440,520,260,260
"TCD",720,24460,103200,138420,128600,70000,72460,72900,148980,144520,423640,380700,417880,193920,439040,483240,208920,247420,137360,70920,498160,145540,316020,206480,40,31880,8820,1260,3300,3880,173000,2400
"TGO",380860,438500,388060,517380,514580,262380,202220,351540,69980,90960,198680,139180,80340,145960,122880,4460,9000,75420,50800,71560,36660,7260,5900,1220,760,520,160,3740,8500,2400,3740,4760
"THA",485960,553820,694260,944100,643120,390900,843440,721840,297240,584880,534180,157840,357020,773180,222240,115140,302440,274680,63340,81480,146380,NA,91300,78000,70520,71760,77860,149300,121420,50680,61320,103940
"TJK",NA,NA,NA,NA,NA,NA,NA,NA,NA,137940,24820,48780,100900,10620,1120,840,77640,61400,3540,3840,760,18540,42880,80,NA,60,40,0,0,0,20,320
"TKM",NA,NA,NA,NA,NA,NA,NA,NA,NA,56120,26920,13840,49720,52260,7860,1920,7540,20700,9040,2260,180,220,20,20,0,960,1180,0,0,0,0,0
"TLS",NA,NA,NA,NA,NA,NA,NA,NA,NA,NA,NA,NA,NA,NA,NA,NA,NA,NA,NA,NA,NA,0,1880,820,4060,1800,0,0,200,1000,15260,320
"TON",3740,380,720,100,8240,4660,0,0,500,1300,360,200,0,NA,0,0,21620,720,120,0,80,0,0,0,0,0,0,0,0,0,0,0
"TTO",72020,25680,47840,71120,70980,53200,8820,7760,43400,10220,2820,0,0,0,0,0,20,0,0,0,0,0,0,0,0,0,0,0,0,0,0,0
"TUN",60140,36560,29280,49620,95320,74800,11460,5760,22940,10940,25000,237440,28260,11940,13520,10660,7420,2460,2020,940,4620,1960,440,20,300,60,80,40,20,20,220,960
"TUR",530940,175560,630300,613320,293900,45340,43880,185580,385460,227440,450420,492520,685700,474660,270880,543420,455900,542400,326580,324880,610180,156460,116880,178540,124000,680,60,0,80,140,2220,0
"TUV",60,400,0,40,0,0,5680,0,0,NA,0,20,0,0,20,1020,280,NA,0,NA,0,0,0,0,0,0,0,0,0,0,0,0
"TZA",1595280,2042540,1376080,786220,920640,764580,842180,291360,140660,298400,543760,260800,329420,71160,63200,213520,145740,200460,117740,292980,236940,102620,33460,28380,460,47240,154520,68260,31480,3340,32440,33360
"UGA",372600,228160,860320,401440,NA,NA,NA,33320,13200,52740,NA,730220,NA,996300,853180,523960,251240,850560,854740,851080,970860,997420,588580,2820,440,114720,75520,26380,32020,26260,66240,40540
"UKR",NA,NA,NA,NA,NA,NA,NA,NA,NA,136820,106420,265780,469040,196740,38460,173560,140000,102140,27780,16340,339400,151740,8220,2920,47840,854480,20100,960,NA,780,26660,254920
"URY",309300,2700,360,7040,3200,3960,23800,1520,400,2200,40800,3740,320,0,100,40,40,120,680,0,0,0,0,0,0,0,0,0,0,0,0,0
"USA",62480,34280,29940,51740,56440,125640,73100,67920,363860,555720,192860,44620,6240,19160,6180,9780,2760,2000,2000,1700,2320,820,1120,740,1320,1100,860,2800,1420,1260,4440,0
"UZB",NA,NA,NA,NA,NA,NA,NA,NA,NA,78860,77560,40400,47080,33220,5880,4560,5220,17500,23860,1600,440,500,1700,1500,14740,16460,17260,40,0,2340,9520,0
"VCT",380,15140,1260,300,100,40,20,200,20,20,0,0,0,0,0,0,0,0,0,0,0,0,0,0,0,0,0,0,0,0,0,0
"VEN",625100,284000,225260,236660,439480,280520,385220,246780,203200,197620,305460,238980,404880,307280,3440,1780,540,80,0,440,2300,47840,0,0,0,1560,640,0,0,0,0,20
"VNM",1248000,1449320,2503520,1755920,1644620,1369260,609200,466160,446640,163500,197480,236600,240300,237060,123420,103120,130140,233800,282680,330240,241160,135100,45940,4340,8200,39560,340,7040,131640,56180,15000,11560
"VUT",900,16640,8020,32680,18800,21280,5060,2800,3380,1340,10820,3080,1340,540,540,80,2260,NA,240,180,140,2020,3300,NA,60,0,0,0,0,0,0,0
"WSM",1440,560,140,0,21900,20,0,0,20,0,0,80,140,0,0,1740,0,160,NA,NA,NA,NA,0,0,0,0,NA,NA,0,160,0,20
"YEM",427100,489640,666960,794260,559940,311920,348160,208480,533620,NA,1500,48400,12020,700,4500,NA,1020,175700,522520,NA,9700,17800,170720,254160,125700,161580,260,140,2600,10200,53520,43540
"ZAF",316180,258120,334700,323200,357680,269180,451180,305160,365360,212480,95540,454900,257400,136900,176900,130020,26740,19540,7700,29180,23320,20860,5020,14420,12300,1720,420,780,117140,487860,1840,640
"ZMB",3684200,1469980,1022800,737620,1020000,477320,295860,249740,114940,134960,56440,220120,236580,285100,170660,189180,142800,NA,470360,618600,339940,500720,17620,700,900,9180,10700,2800,520,315080,264680,17920
"ZWE",99900,98820,725060,433240,445800,407760,353500,996240,950180,274560,481800,346920,681420,755700,170580,748140,259420,40980,15440,29660,10580,6080,19960,620,8400,4240,4840,0,17060,193920,0,0
