"","1990","1991","1992","1993","1994","1995","1996","1997","1998","1999","2000","2001","2002","2003","2004","2005","2006","2007","2008","2009","2010","2011","2012","2013","2014","2015","2016","2017"
"Afghanistan",5.71362189099993,5.68860435446024,5.7502357293178,5.86050560697864,6.02857206943836,6.19471146043774,6.23333951846747,6.16707802321597,6.00246379447276,5.86176847886406,5.76960375196012,5.81490250771038,5.85855691526605,6.69752310728351,9.10532722731034,7.49305732637692,6.80605112872302,10.7385725961507,11.2597515003275,9.32959361764097,11.983078049276,10.1451804456017,13.0590201758513,13.7625857246041,13.03178293164,11.8289184839444,10.8635474321088,10.2126186485276
"Albania",12.3340398182886,11.9481910834313,11.7434801776021,11.542205088009,11.5282808629061,11.8313266660708,12.2284697837415,12.6975379580398,13.0926517906981,13.3080175867149,13.6601691194729,18.5992174876331,18.7633404584116,13.140235480309,13.2886903454218,13.5865156952122,13.8012416162008,14.0701093163002,14.3919124068178,14.7648081184301,15.1882056952303,15.2606185734961,15.3694589865216,15.508854315451,15.6786095822263,15.8773931249245,16.1286526761697,16.3730858556925
"Algeria",8.70662529816559,9.2281638702376,9.73808002614704,10.2170343341563,10.6664086058637,11.0945865278615,11.5667559833156,12.0376135390871,12.3335222639293,12.4788852522984,12.5956468151008,12.5467101653107,12.5394127728726,12.5853478648179,16.4753935372065,15.6256086393288,14.9641974619474,14.7219189144546,15.5093182532202,15.1782691493444,15.2069452940385,15.4020032513198,15.5980522440531,15.7990265482332,16.0089127605268,16.233329987555,16.530740967137,16.8194053083741
"Andorra",7.82601472177402,7.87567384525145,8.02655860122467,8.25438572646053,8.54282112508183,8.88080802879979,9.23105259886907,9.87496065145723,10.7791953732479,11.703973380605,12.6528726273965,13.5465821234738,14.4557351263567,15.3742234108487,16.2976722133691,17.2181165909175,18.0516358308535,18.9000542489966,19.7848234433567,20.6827980144934,21.5832210908844,22.4150825634755,23.2495964540838,24.0874150847768,24.9280899670908,25.7717870178927,26.6603335747457,27.5390916602476
"Angola",6.33639507983696,6.13200529143981,5.94086030083149,5.83865811639572,5.76397826927526,5.69587883044176,5.91290103098351,6.37874875590212,6.77174829125724,6.87116078224145,6.86039559439497,7.12763160361519,7.60006129123091,7.89774938346099,11.1281031072478,8.74511321107076,7.38512083221778,13.7298445466305,12.3736979319796,11.0999221346529,14.8618693388962,14.0460690454655,13.5888977200894,13.355379646513,12.9811691660042,12.6121321755255,12.251309179635,11.9866258318095
"Antigua and Barbuda",10.4878657032656,11.0091662091719,11.6328392532502,12.3634194628694,13.0158060089536,13.6307695047422,14.0626470476766,14.4899978379574,14.9148245787054,15.3720738906672,15.82762789903,16.4074728513465,16.9778185268169,17.5356206714196,18.0767472913041,18.5968484906051,19.2482658977801,19.8887220177215,20.5161902516755,21.1265559146928,21.7155390634541,22.2864525120351,22.8460324714319,23.3921404715636,23.9200141183164,24.4232268074062,24.900251039484,25.3829936730729
"Argentina",10.420643533521,10.9584651160892,11.2697011605092,11.3335658587924,11.2796086751127,11.1454916039104,11.2470380231619,11.3231107842739,11.4707623989141,11.6711376288074,11.7029364281261,11.5313958175549,11.5976204309731,11.8971665116657,12.2236011899806,12.5718968282436,12.9337630800949,8.82349460911531,9.2508985736719,9.70628130321674,10.9571271390752,11.3096111508356,11.6382912776424,11.8628332515338,12.0364218795463,12.2425058292054,12.4777819860598,12.7368275519051
"Armenia",6.072658045315,6.19508738437879,6.76767271996194,7.68230822547233,8.54243627269974,9.28460626700801,10.0746216176777,10.8246493796142,11.5636647862492,12.2678295859785,12.9184604159453,13.3514583878173,13.6898916706725,13.9804394956371,14.218128370246,14.4073072340997,14.4694232035366,14.4030029123559,9.42856322906154,9.24997487142072,9.22365222788002,9.41882901376527,9.65212307617269,9.91098914628307,10.186814599912,10.4737271134886,10.7541334432582,11.0636877927977
"Australia",10.3231010972479,10.7221544843542,11.0236524980892,11.4131761951532,11.6759654102309,11.5477458515357,11.3973975201304,11.2504602078401,11.0446978359582,11.0130302749666,11.2407903914401,11.5911973110839,12.0274826872562,12.5157870252314,13.0062287853877,13.4924789318891,13.936861248179,14.3913411366407,14.8503025978325,15.3066007578574,15.7531997830632,16.2255373307296,16.6978724780819,17.1643082170903,17.6215348437864,18.0624164809121,18.4728817694385,18.8839308764844
"Austria",9.40336149049261,9.50858086395009,9.66877350969564,9.37094600345796,9.27045885028148,9.21577828446226,9.70278095503308,10.1474567644101,10.6015294908089,10.7657747711803,10.9819004626154,11.3225649503795,11.7197306792466,12.1379336733607,12.4519651762594,12.67119320262,12.9797484045006,13.33414221858,13.7180707420852,13.3440480630811,12.4246457572397,11.6109839670972,10.900998176632,10.3868038987729,10.1103934592564,9.83898416791621,9.03449669773216,8.1766634372799
"Azerbaijan",5.81478710830752,5.90947277340392,6.224207380611,6.62359628575209,7.18561343365088,7.56672782431939,8.04824204166579,8.55984479788906,9.09601032279001,9.62574749975843,10.1372213588908,10.5381775367444,10.946737137467,11.2962714198553,11.5862701764489,11.2756949760011,11.1986156806101,6.27895742669626,6.53400029380661,6.93569267882954,7.46148366938717,7.97613402584685,8.55743772127456,9.17528436519257,9.79185896562518,10.3828146311268,11.1094038297387,11.8188935384062
"Bahamas, The",10.4269081077587,10.8561933362086,11.4219582562046,11.8526629547179,12.2012170415654,12.6230369565476,13.1115929810126,13.7141902672796,14.2991747773483,14.7383957094081,15.1997645512001,15.8623243544678,16.5431650718761,17.1585358695487,16.7595030518651,17.1996922274009,17.6137281267657,18.1905885783722,18.7876190261653,19.3809085241843,20.029207330592,20.5201603136287,21.0034314702219,21.5269157675894,22.0660755200756,22.5984209846182,23.0422936321101,23.4791089922147
"Bahrain",9.31729151896687,9.83559780077869,10.3571178815264,10.9305631226314,11.6165755442945,12.3837539404165,13.0028894772416,13.5801729022644,14.1468421830332,14.7131414291222,15.2768256214079,16.1057605100886,16.9238551412197,17.7227733067354,18.4953357451779,19.2374760080277,20.3033483636174,21.3149218672586,22.2647016353919,23.1508527384735,23.9757046453331,24.2849394942912,24.5835512374918,24.8724799413632,25.1523506706585,25.2501464731878,25.3439758726707,25.4550976197004
"Bangladesh",6.60964541969661,7.13156547869122,7.62140230142314,8.09588313659255,8.5894853937377,9.05523542461453,9.3601928477345,9.56632603127387,9.7493115149816,9.87657457508073,10.0153267363169,10.2092213720947,12.1816579993706,11.9978439280691,11.9708576865825,12.182739281638,15.0003376365667,16.9514108182726,16.6110383620164,16.5488514236205,16.4001197363081,18.8649038972616,18.5923475635153,18.4782865169722,18.4208358979808,18.4120820849533,18.3351254732905,18.2931960795493
"Barbados",11.4753435745082,11.5797522973787,11.3053582090418,10.9377428822153,10.7090837954814,10.4334519525548,10.6245419487598,10.8441741235329,11.1007055717814,11.2024366935635,11.3470359710566,11.7335519392829,12.0669851576554,12.3553856529586,12.7602190799699,13.2334464576579,13.5944417475914,13.5909915015071,14.662999832503,15.0964187355408,15.3383555183159,15.6280532889402,16.027991257805,16.3789254868923,16.7396955037232,16.7754715533914,16.5371264321746,16.3781042279478
"Belarus",6.606729360074,6.82997788118117,7.49502409985744,8.4631425243338,9.3462115740753,10.0925547696347,10.9372541813275,11.7347146387273,12.5354456927043,13.3280278180632,14.1041443679002,14.786671611943,15.4772666702893,16.1733582914769,16.8717261056648,17.5695230634576,18.18203489187,18.7970250818612,19.4129676494354,20.0310450985741,20.6507281723255,21.1969310159553,21.7458417255063,19.5619028243496,19.7705645086631,19.9601914531904,20.2550358197059,20.5680052476877
"Belgium",10.5978419290525,10.561516200102,10.4936167112335,10.3894021930327,10.1715797114476,10.1988250206806,10.3376945553346,10.3827195573614,10.5848100916231,10.9046071481753,11.2722746524021,11.6180788096229,11.986149290269,12.3711933018042,12.7702458192054,13.2568524588133,13.8380613288851,14.4693233853006,15.1115643492112,15.7921030989089,16.4940381919797,17.1918829072174,17.880577252838,18.5149783540738,19.1017111548432,19.6869668660448,20.2833680863958,20.872423422225
"Belize",8.08549123995864,8.47136031194739,8.58628799010874,8.77417419833459,9.12274053415674,9.48922344382413,9.87663327399562,10.2828718967483,10.7401483569372,11.1570342634488,11.721646811993,13.6711127629891,14.2060619585012,14.7646627485452,15.4301438252443,10.8984144445701,11.2555346097715,11.6016098151637,11.9682194624342,12.8106675755847,13.1533164441709,13.6041114253108,13.9552078122234,14.3173758548644,14.6868859101762,14.985474515209,15.1157022428293,15.2641380334135
"Benin",6.40331880656056,6.8322587439851,7.1528665651964,7.46000565884507,7.82600782929339,8.0752725326888,7.99256541526494,7.92554981902784,7.8972243247619,7.88617742947241,7.94739023352603,8.01011273600141,12.1923205093589,9.50311015673345,12.1801484976108,9.37971341525292,12.6858575868548,10.2675524884389,8.99326289636168,13.5233778096717,11.0223269310896,9.63856084118957,13.9457110418498,11.2418042997828,9.6190515621557,8.70325461986176,8.13619755780165,7.8352637598403
"Bhutan",7.86681705784883,8.53819513814918,9.04432740180253,9.43042915383285,9.70079039406143,9.84029369250043,10.1408100977257,10.3976152770155,10.423997506313,10.411496968311,10.3607348303988,14.5196419149171,12.3746023810458,11.4008802860472,11.1161127928925,11.1588075902676,11.2247267162704,8.06265084780691,7.80309219163789,7.68617931429259,7.72047558203031,7.96099727642479,8.25345207746718,8.55188344675937,8.86217395886238,9.20627179830265,9.48358936207542,9.78224831403652
"Bolivia",7.3054276586757,7.36165146805558,7.44183003626637,7.35156905593479,7.10748122239747,6.64480024821265,6.4686069365786,6.39072765753621,6.50527811001069,6.89642675116217,7.39942677320557,6.7046121332244,6.43065493060665,6.68054323539634,7.40768867225963,7.29284693350093,7.27549916647492,6.66045232984861,7.22434186705055,7.52757489891394,7.75461402310191,8.08895150913732,8.59138216271806,9.09151591858971,9.58921752056484,10.0812071507558,10.527062196913,10.9694364711921
"Bosnia and Herzegovina",6.91114469011102,7.00200565325825,7.33880252513583,7.83050198725248,8.18367070192079,8.63441291544725,9.05876324127958,9.61529485538496,10.1597396045223,10.5769558265538,10.7999942978118,11.2674601034516,11.7958487135575,12.1148105701299,12.4255413953339,12.8498480209226,12.6677325872533,12.5714009702771,12.3601169532887,12.1162536534722,12.0630550618277,12.0349042750934,12.1314343636822,12.3599508495397,12.5505725105923,12.7163982513963,12.8766816434131,13.018608384407
"Botswana",10.0820163828485,10.2370231323638,10.3487550119681,10.5286557681848,10.5638155539912,10.4062105994313,10.2286999805203,10.0793446655572,9.82149940526806,9.58198022443857,9.52425552385825,9.5246674038827,9.57825395673547,9.69449833693613,9.87092617437751,10.0938998210573,12.1985864209468,12.1595159861658,12.1767406491578,12.2390921901275,13.9537469869085,13.7815496500388,13.6787056267543,13.630329920454,14.1629332385574,14.11624983441,14.1127762405081,14.1489559331579
"Brazil",8.78736508053,9.15631169862754,9.63319300048235,10.0435473537053,10.1983522118606,10.3960454710314,10.6428490005485,11.0512504326676,11.6559987171088,12.2270077016044,12.7950566855608,14.3314888662348,9.71947000953233,9.57581323915412,9.97318124499215,10.379483450039,10.8590838106189,11.3524142967567,11.8545152632063,12.3602432452609,12.8655208518853,13.3086065123999,14.9051801649478,15.2580983053613,15.6074077027486,15.9470135227173,16.26592207694,16.598303280944
"Brunei",12.2343545631579,12.5201614539564,12.7491953983223,13.0513284179719,13.4720562082916,13.9023537619927,14.446030334141,15.0169752848755,15.6148072624039,16.1954170580011,16.7894219431373,17.3331041455106,17.8704054394293,18.3981430311499,18.9147544752888,19.4201419241694,19.944626496193,20.4592271527903,20.964604173397,21.4622656929849,21.9340624218159,22.2100021335572,22.5120650601559,22.9143795418735,23.3283222225855,23.7518595534815,24.1298237849917,24.4962034647797
"Bulgaria",13.7433508753672,14.1764049821757,14.4912761118223,14.44376889957,14.4818732288726,14.7219404069271,14.8364719099185,14.880503642013,14.9134224707251,15.0082730590604,14.8250932698068,14.2110045853383,13.7432996745133,13.507784400588,13.3912362369221,13.2633233794653,12.912883196262,12.5519759974596,12.1853781068362,11.8179520518196,11.4517964480014,11.2100409132773,10.9084911060062,10.654562926569,10.4456639448167,10.2742160160149,10.0744091706073,9.9030430430816
"Burkina Faso",6.96431879044744,7.3419746640103,7.49604123064453,7.35834420377705,6.97728149195796,6.6184392669338,6.40606195886943,6.21072284574488,5.94323075203149,5.78227799650358,5.84490336464147,6.12110953229485,10.6119916587562,8.81824431085434,8.17750507278361,12.6180341290551,11.3637791744385,10.9835622366531,13.8224113883195,13.2524871511736,13.9983142118195,12.8728868814168,13.8035504796633,12.1248718769398,10.88530453708,10.1072081683856,9.5603655849942,9.22704768457172
"Burma",7.28552165662551,7.79965749170989,8.31940937322969,8.86740856101099,9.47177173054,10.1412009034795,10.8075659078654,11.5129654988521,12.2379487224284,12.9418980543261,13.5987038494624,14.0823731561297,14.5092949487449,15.645871816014,16.5636540312361,17.1133607159128,17.5800041843073,18.0293333277502,19.7112126162682,20.2133000363477,20.7943147625059,21.3950542730498,21.9475965773789,23.8737252210116,24.3718323683493,24.8745077481902,25.3178400220951,25.74788454087
"Burundi",6.78020500001413,7.13306786666109,7.38615203018425,7.54557911731469,7.28401866972211,7.28636477382195,7.6710692882242,7.96316981697356,8.09218605544597,8.18286319350299,8.35565059273708,8.51456473179688,8.54454827909671,10.7971115510581,10.1385130610656,9.86026321485635,9.940189237967,13.7279122310978,12.7394384518534,12.1797218836546,14.0729520064236,15.7883082875077,15.9377303343891,16.2457251429242,15.7282176672729,15.3298814001395,14.9781712281541,14.6984562614533
"Cabo Verde",8.00452634512786,8.36489656424034,8.76484240631205,9.28404777817379,9.82047739310975,10.2225590810654,10.6825296054104,11.047348614848,10.7002226485773,9.79415358905259,9.0960773164168,8.87213352201201,8.87563846402618,9.02348455430686,9.27549562380836,9.60489829524922,10.7818529583184,11.0658607793214,11.4123767633077,11.7816099893005,12.1662000936887,12.4722357882737,12.6708826702293,12.7919459555798,13.3969530256269,13.2320029446064,13.0568764934958,12.9609316054515
"Cambodia",6.12702427223451,6.17180244814824,6.38119440986714,6.52367250253974,6.77878664278552,7.0596955488806,7.66296848846004,8.08106839637726,8.45671375983541,8.89043950836324,9.34319162192778,10.9185251126461,15.0365548142324,15.8879120661359,16.9971928811811,15.6887308098389,15.6610968992985,14.3749444563444,18.6606419406163,17.4473465665692,17.0317695789876,16.7277034065891,19.8493630307753,19.0402810626929,19.6533928687548,18.7037073059149,17.9261224892948,17.3249634211072
"Cameroon",6.58215034332796,6.63528192072146,6.54544809825807,6.34331258469821,6.18061121176224,6.17216857710675,6.28752906826861,6.42046291617027,6.61324775853992,6.81626906410237,7.02054996816061,7.20994360223156,11.4987881654245,11.4444872998635,9.42416442835752,8.49714808841817,8.15963791135397,13.774613303079,13.9544219693518,12.2129167547095,14.2525758074495,14.8896485024639,15.5030758497738,15.8110910346497,14.3555980866723,13.3541351118074,12.5628748726773,11.9924567457315
"Canada",9.29117935734429,10.0030013794373,10.7232115436644,11.4172140834773,12.0809009980488,12.7247550568404,13.4200158964093,14.0957191570265,14.763776425012,15.4256514308071,16.0833378572958,16.7174453570379,17.3471683451939,17.9745112479611,18.5819941159647,19.1696377236846,19.7155921540764,20.2601011232025,20.8218436012989,21.3995782482239,21.9737478833106,22.5541790640226,23.1217272875087,23.6782675962999,24.2302616657739,24.7749769457117,25.2943586355546,25.8062399629704
"Central African Republic",6.80451557781626,7.16847045116472,6.94773509106582,6.58926716353343,6.4543888439831,6.32131491099344,6.20818392067611,6.16587171355611,6.16976002321361,6.22955090662509,6.33781319299908,6.39564843120924,6.40010803557082,6.48921730156067,6.68998765895234,6.97420473064013,9.81240176357093,11.0899669336372,8.81779945865653,11.9129239379589,9.25350251941193,7.8088558782284,9.78838288700387,7.68276393733756,11.3327825336211,7.84585441375507,6.42510143592671,5.78227216105075
"Chad",5.61368671512942,5.65551990536906,5.58708611935546,5.41597059886429,5.17809606405796,5.05373186218626,4.76489129956007,4.47791764178215,4.15316950689509,3.94656407793743,3.85146000588944,3.82289035762055,3.81219105256174,3.80937175276923,3.78440658771686,3.83569723667559,4.07593222976964,3.88210282142818,2.54171679143164,4.19644117887583,4.84984374971492,3.52309317325785,6.00425553881415,6.0599352577333,4.55710971999142,4.12854756952357,4.06685771233419,4.1884875391522
"Chile",12.5291972143052,12.8848025641599,13.0395645341097,13.2138781832201,13.5867519762294,13.9870593022058,14.3684025879435,14.7638929074137,15.2175570069702,15.6481207996138,16.0854591178349,16.5715388718353,17.9779377269765,18.4020702396365,18.8029904171961,19.0796863862768,19.3601795920372,19.6585933187919,19.1951483992033,19.5989988845522,19.964345283578,20.2916013621357,20.5552818758851,20.8100096397472,21.0807668505174,21.3671334727298,21.5968501773896,21.8353338955499
"China",10.7043620403155,11.3489827781982,11.7690871050112,11.9487644719561,11.934737510763,11.9920045881306,12.1438875802796,12.3596349291464,12.5694885670139,12.8110478145173,13.0885219078047,13.1930196960941,13.3106461453061,13.4203386611155,18.9845834747223,19.2518266840923,18.6404410294911,18.3701551198527,19.136541335892,18.9813223396638,19.1306742831256,18.6791295976842,18.0036217903034,17.4502417481741,17.0062323473468,16.6199765192015,16.4300834355367,16.3014021972996
"Colombia",8.82621863166781,9.16956332258022,9.32619589749869,9.69642139986502,10.0515416204588,10.3762298800463,10.9026080267782,11.154945299313,11.2553998620532,11.4092223669307,11.7606368882564,12.2782722481768,12.8726264908784,14.7300048480078,15.5170678696583,16.0618304188674,10.7875553995802,11.2330116489373,11.6951712063653,12.0711017568142,12.3229211759147,13.0872549454127,13.2640427467248,13.6834364563251,14.0714073114704,14.4601989813134,14.794324005358,15.1349201599128
"Comoros",7.64443457091973,6.75960454972408,5.52155571099751,4.99293188043959,4.78423751291111,4.82349217290912,5.01288463660791,5.16609561831203,5.54123197998262,6.03870605797389,6.54379446974182,7.04605818571239,7.54544905845461,8.01072632155116,10.4240618271037,10.5912480774543,11.2517444227581,8.34623644332049,10.0804422891438,8.74247753864518,7.91548401556839,8.88720509288382,8.76600279199564,8.63941044112849,9.00717177132647,8.9290318394671,8.91668398988159,8.97686424249811
"Congo, Democratic Republic of the",6.06594025572097,5.91682950822023,5.87410067504375,6.02901978843619,6.30180375396895,6.55849717634659,6.77401057758551,6.99428972272773,7.24044145952426,7.48730189504128,7.86882185130175,9.86791830106165,9.9846449674025,14.9112735337295,16.403521149697,16.1400267645242,16.2915931923098,18.1679947083353,18.4050956756752,19.1688545316885,19.2057956634843,20.0440729419301,20.3715903374905,20.7299906863159,21.0693289550963,19.044795154295,17.5060792940247,16.3464423665492
"Congo, Republic of the",8.18309850911482,8.1644255935884,8.07027807764153,7.99784710202468,7.91539121641757,7.81115366737667,7.75961631156536,7.66471262498592,7.57572675936694,7.62308241824493,7.80848772031715,8.07567448253067,8.3729066595836,8.75347882347631,9.2658882547375,12.3717746566055,12.1955994207299,12.1482246757132,15.4334915463313,15.0613066465218,14.8930510464658,16.1252221795829,17.7731411036492,17.1036812412109,18.6111033551143,17.8686719244639,17.2908787952681,16.8332564821073
"Costa Rica",10.4698454440921,10.908652710628,11.2169030872869,11.0775371589765,10.6709326415014,10.3875887871478,10.3234011391973,10.4967095709766,10.6718195955771,10.7575116802787,10.8798560055348,10.991110266709,7.0999841391834,8.0180417222925,8.47799187312732,8.95808869968654,9.39869780441439,9.86490154285112,10.3241016645909,10.6487278863995,10.9132437700776,11.250253124188,11.7139121476853,12.2927926405979,12.8828631446534,13.4706238254303,14.0246014285953,14.5719597444717
"Cote d'Ivoire",6.32071852656206,6.62688025286095,6.93615904582705,7.23104862073258,7.55279193055255,7.91678433081955,8.33491915383107,8.81441266824212,9.28503254019499,9.665380750393,10.0648580387993,10.5582913573457,11.0525746795568,11.5200312575394,15.0790512445008,15.1939045840731,15.6022541910411,15.3771773762336,15.0742284569646,17.9408613742002,17.4026726815633,16.6678303163057,19.7654412583314,19.2629666096193,18.8474782364572,18.5081276094627,18.2092875155441,17.9702259700299
"Croatia",7.11764825867968,7.18578732852718,7.68883208501083,8.500707543415,9.292732963698,10.1948223650697,10.9008539207101,11.5119416820934,12.0605973047962,12.4634412857966,12.7816979073891,13.2784795452125,13.8525717084044,14.4623158393766,15.0747762694042,15.6794316057846,16.0727520829882,16.4792854985511,16.8955358579607,17.3085494326564,17.7167932249395,18.2111272915718,18.7065993335258,19.1785652201881,19.635086918071,20.101318721463,20.5326931740661,20.9338671020171
"Cuba",12.3930358413324,12.9253248116986,13.4838027204244,14.0430597351143,14.6063224319451,15.1780259352577,15.7008680733103,16.2186041419939,16.7320001228444,17.2432039321455,17.7348466549501,18.2909498861275,18.8620835266477,19.4256657338112,19.9837150988924,20.5420695420088,21.1295823571258,21.7081327927104,22.7566529939436,23.2267517595144,23.7498072135628,24.1988654136623,24.6866092082117,25.1545026745141,25.6024556048499,25.9680698941614,26.3540643904544,26.7701259944731
"Cyprus",9.16181965546746,9.2639782285728,9.77136930504068,9.53560609914367,8.84481470305227,8.27995629767921,8.50553015716095,4.35180449932779,2.83760443506826,2.61284492070152,2.74025043579023,3.02195344774872,3.39722159087317,3.82283479129677,4.27990352022605,4.75967853505169,5.195253304379,5.63353555289465,6.07416884358804,6.50042582367638,6.91931797172641,6.86230442063296,6.56612049705124,6.45182978214618,0.357809015262478,0.622934353828155,1.07630850343155,1.55882827660498
"Czech Republic",7.09598592310916,7.11204334489638,7.04190270182777,7.36000963997116,8.05789031539503,8.69878993788295,9.60728792488911,10.4926968489107,11.3605274470634,12.2170200130407,13.0691483843299,13.8673883767702,14.6573960821585,15.4287875384922,16.1802514871604,16.9178426890896,17.6389801876858,18.3582994266967,19.0654455859779,19.7589066240844,20.442412162162,21.1594632322326,21.8784867565964,22.5941726413989,23.3060523254626,24.0088151332943,24.7116015160979,25.4119603385754
"Denmark",9.43893643395418,9.993665895346,10.5406974394567,11.0182255291628,11.5301615681443,12.113447709847,12.718668537698,13.2634776640204,13.8719737984912,14.5550343638074,15.2671336894705,16.0285742440458,16.7719704970653,17.5088867441786,18.2279725894339,18.9307528742134,19.6153886070092,20.2059673244932,20.7410294499375,21.1950899982267,21.6121411587812,22.183707512526,22.8078775903809,23.4342724356652,24.0255643229198,24.5946280480255,25.1252892362741,25.6645581025636
"Djibouti",7.24983719493694,7.42988959209351,7.34471195730303,7.23628577159397,7.19833762269529,7.12412185801513,7.11784285219221,7.13219425593162,6.79245714515003,6.46247240261947,6.34859500311801,6.41265717938851,6.53684469223754,8.55552217652209,8.91634026065068,8.65442945591567,9.21267802140542,8.63988001980653,8.41814685689493,9.96102858082776,9.91097033175766,9.87116453490314,10.2047480849982,11.7685962144232,10.2805370758777,9.37906190871433,8.79877718474228,8.46396319367617
"Dominica",10.7479793132124,11.1952835943092,11.7500330298751,12.273228942512,12.7710351612306,13.2432359474137,13.7791209204294,14.3103341753029,14.8364339493649,15.3574767341945,15.8746432331956,16.4471228021614,17.0130161028091,17.569656956607,18.1161007084981,18.6537318432849,19.2190928216659,19.8009001329548,20.3974613898604,21.0075859297913,21.6310922477799,22.0951568809264,22.5484441096737,22.9439792209685,23.2741364460371,23.5801866945647,23.9086969266845,24.2561418433242
"Dominican Republic",7.84773979698424,8.10666231463774,8.26522927520169,8.26284293667434,7.98241413570236,7.66643506486546,7.75400254147096,7.93536631873993,8.19982727567288,8.53577526628606,8.93811453177596,9.37967203596504,11.3752934743965,11.5465707300048,12.4817014775372,12.8011631106756,12.6668153873967,6.20560295899571,6.2787176933021,6.45086573172049,6.69079529479066,8.94089935052446,8.50954282702,8.31412215137296,8.27377978458968,8.33997930795858,8.45493134591126,8.62856731534432
"Ecuador",7.55922292282098,7.63119958219181,7.82228806194681,8.25722328950418,8.71496937504186,8.95171322773988,9.11517561689097,9.25306636611398,9.59325488113822,10.1969418748011,10.8730450766283,11.5473998279076,12.2073504115399,16.8421478065489,16.9021855769318,8.92749397303963,8.90443163306529,9.04063811106718,9.23028469154208,10.7965520057458,10.7787789576361,10.8083351349987,10.9030114726019,11.077344966316,11.2858226482729,11.5230593346027,11.7506931643946,11.9978131233046
"Egypt",8.91183623212641,9.38830373467123,9.88402407426336,10.2870563933582,10.5674977175323,10.7912629045572,11.0319742395974,11.2422360675319,11.4042393387468,11.4872212378721,11.4821504832101,11.3463007463485,11.1731137659399,11.0270937873237,10.9552688977742,10.9583479946613,11.0044063145348,11.0761685458048,10.9951428528967,10.3127631965149,11.6280615164294,11.095684322086,10.6324926133425,10.3456497326551,10.2537132181437,10.1330965405396,9.8921050434608,9.59550301520291
"El Salvador",8.3225183179465,8.52197928134617,8.38213622587023,8.62928648652454,9.04031514686514,9.52687124348959,10.2214408696683,10.9182071335533,11.6068262668025,12.2638918487943,12.9097085213855,13.6008343804186,14.7588084833244,15.2936709505561,15.8312701168527,11.2983646941702,13.0053840567691,13.4855432110247,14.1757151934013,12.6970799851516,12.5836339778631,12.4631273929565,12.4708701710516,12.6850595951728,12.9613655116343,13.188057710798,13.1743292287499,13.1266322405322
"Equatorial Guinea",5.87869895788613,6.65636334275092,7.27943659070602,7.74399380498474,8.10783915199715,8.42130627497295,8.7815015232856,9.11513623348506,9.42271166827508,9.19779458516543,8.68561232365564,8.33630154134389,8.07407230912426,7.86705538217227,7.70040890327032,7.56081476162482,7.39445055855724,7.29870487763599,7.2785776024462,7.28973570876478,8.32680357136538,8.03753334593994,7.75122727778788,8.16659305263285,7.95416665748313,7.85169912330148,7.72768293428122,7.60497156467028
"Eritrea",5.40530195652308,5.5471205105887,5.78065754094725,6.18668221398688,6.18693756332011,6.61454377665767,7.03139639767015,7.4565681932099,7.8433033020542,8.27798692295983,8.53335025717585,9.64406663471178,9.32636840351562,9.24276538630673,8.68408794552972,9.15458635441651,9.09891792910214,9.86461263593936,9.69746350612898,9.61595512046216,9.59215381421772,9.65935546819381,9.76693909108676,9.8947366552999,10.0397494307582,10.1997149903369,10.2830386050192,10.3478852777216
"Estonia",6.47747431202447,6.71439834596644,6.94705529457318,7.63892688698854,8.47951812865169,9.17495020602629,9.80396009807405,10.5021165410044,11.2415002307838,12.0219543009351,12.8361637582275,13.5159658551404,14.2367749048424,14.9763831596465,15.7257345009104,16.4756372045492,17.1129223766383,17.7569623879727,18.4057132485684,19.060662364038,19.7181161908724,20.3675034997084,21.0119935913954,21.6677611080225,22.3336059155126,22.999448515867,23.6177524518006,24.2239642634388
"Ethiopia",5.62525075930055,5.72592329147139,5.72432498283388,5.77893326164963,6.04346950923416,6.30230476864662,6.54592691751421,6.81560125762972,6.974128112639,7.01113371275715,7.0184195477093,9.80352212251576,9.92946723576919,11.7136966213511,11.2778518645611,10.6750719022853,11.2131087779447,10.8726658766026,12.4265102615531,12.3827236017403,12.8240734351092,13.8786605785656,13.9210417581352,11.2269491335903,14.0600880713981,11.1819080665303,9.38526992277982,8.2814307936415
"Fiji",8.30463259084626,8.91690573539415,9.58536216669955,10.2037884611176,10.7423845592338,11.2217357837541,11.6089031255117,11.423610709836,10.7712192009372,10.3088232571945,10.1183913575572,10.0305917124853,10.0786134316065,10.2108474582604,10.3927931721987,10.6746442260285,11.0213357717597,14.1906006743415,14.2763521443479,14.4011953757708,14.5614092970129,14.7457163130063,14.9606554921311,15.1964324779306,15.4470777078912,15.6933850132126,15.8836254297933,16.0696566295225
"Finland",12.6233404150065,13.1071894875025,13.5842627763962,14.0547391613256,14.5196665684383,14.9797189994407,15.5483578358837,16.1172751115193,16.6855322738854,17.2512559566312,17.8126566562426,18.3302064742724,18.849376798737,19.3688555287054,19.8866241745454,20.3998690605949,20.888711147132,21.3790882173535,21.8692762274651,22.3551717847876,22.8319204135682,23.327928768982,23.8212062467861,24.3126538150416,24.8026764803058,25.285134026575,25.7316142186443,26.1650870631824
"France",8.64438832179371,9.11282035133248,9.5263939280082,9.83349238636551,10.0313757521603,10.2418045515195,10.4490773466605,10.5852618623112,10.5921060411032,10.6033153534807,10.3863109806243,10.3233350998941,10.3777040116698,10.526533179849,10.7528217122653,10.9995271667576,11.3080931135163,11.6894272147736,12.0770988387872,12.4539437372076,12.8364209939795,13.2285216012578,13.6145448705404,13.9992160761682,14.3913757331163,14.7885750718421,15.2073586070065,15.6301483335536
"Gabon",7.75913907785146,8.03692879656732,8.18706241334682,8.23953829783331,8.230272221482,8.17189129408572,8.14052762298522,8.14701197938267,8.19907920916657,8.270385000935,8.34206280773275,8.44743861917507,8.57715117593779,8.72507183872617,8.88897960360159,11.1156582000293,10.5707706430875,10.3165963401084,12.1885956004833,11.8653256662712,11.5989661936528,11.5597669064752,11.6770932095853,12.0038300435629,12.1037682432991,12.235247824484,12.3678748975305,12.5115669818093
"Gambia, The",8.62533964307346,8.81326661113803,8.99363316974907,9.21296074817615,9.55806994134244,10.0290531457894,10.4914467900891,10.9871084926203,11.3859173356375,11.7553490545934,12.0919895478462,12.3747007642263,12.6802080769822,13.0032358558263,14.5053684706509,14.6741513335128,14.7546071109379,14.7720328183939,16.6844584964316,16.8323849304079,16.9736297951925,16.984587881848,18.1934057341738,18.3631445436761,18.5317578882002,18.6975810373757,18.8414690060783,18.9780005744686
"Georgia",6.46199290465884,6.59536836023274,6.67015440209107,7.09439300630136,7.5073141436619,7.8752769426126,8.40326900549227,9.02597099355824,9.56793925860981,10.1344590139895,10.6729518618059,11.0032248386466,11.3335552557364,11.5664890903239,11.7728550392356,15.6081101842594,14.836725112508,14.3106699080767,13.9338261671623,11.287657283949,10.6747703063749,10.7818152901979,10.8822355840519,11.0664843077291,11.342713532696,11.6270400794982,11.9843485585788,12.3428500068457
"Germany",10.2926931839792,10.5987694988408,10.9465302379201,11.4769381672951,12.1518417469568,12.8341733439742,13.5005249721016,14.1586109516492,14.8246776475382,15.4928113018003,16.1461506651307,16.2525772415127,8.89600531678606,0.720060378654527,0.760666479496156,1.14802624633941,1.42484875952368,1.01684889791656,1.10029973199002,1.22020555071763,1.39364771457866,1.51803259188107,1.28662010776983,1.43420911333602,1.23800797390437,1.3216406652065,0.848548520771487,1.04716266945949
"Ghana",7.11840679234451,7.31052259752336,7.49081620303186,7.64396870568224,7.76423871793474,7.87965244441693,7.96165748583626,8.02041733964354,8.12471303745964,8.29629408346856,8.63854851890596,8.80745200513963,12.6598585341392,12.7718480527609,10.8804322415391,9.88828913182769,9.38323789183491,9.46486080090748,9.56181119311647,9.67671946843355,9.99533385853819,11.0480413969136,10.9971769919549,10.9547545315741,14.8743985324061,13.7792972538053,13.0151484772938,12.4849381914873
"Greece",10.5913386369928,10.9295884241595,11.22277604869,11.3929890353288,11.4168408472741,11.4100328038578,11.7363387886595,12.1521556474743,12.4073380896453,12.6547669119518,12.9438196884939,13.2683617644074,13.6705239208779,14.1465284643814,14.690633195034,15.2594545966574,15.7709996478857,16.2818476890031,16.7971107633632,17.3206740289746,17.8520332903814,18.3520893040686,18.8492033745345,19.3540800390716,19.8708160584239,20.3981001048207,20.978299286356,21.5442085217638
"Grenada",8.05158629749914,8.76412359928739,9.2952429208194,9.81527021858624,10.4786857915095,10.9233710162337,11.5696499293987,12.1070965776102,12.7615595265586,13.4305551649747,14.0491199449562,14.6650474850366,15.3320804252723,16.0097542603737,16.4144797818974,16.8351725555594,17.3392414191475,17.8628278865418,18.4009228694243,18.9477044433384,19.4957351476834,20.0649039978794,20.6257928786395,21.1791596475866,21.7430325775057,22.3140540458111,22.7185317416227,23.1077828747122
"Guatemala",7.08861885952594,6.93155518657351,6.5599190599313,6.49299966104926,6.52567528944103,6.69175450712219,7.0666889374131,7.37584421575444,7.79470683892963,8.29608471299351,8.85396979837222,9.5012415899668,10.191206972188,12.0222661079147,12.6661503267351,13.2777476472428,13.9035663264764,14.3936315799787,8.18406055500669,8.74995901721928,9.05239152680084,9.26817090469816,9.52669945777858,9.70463127871585,9.76150668554926,9.87090835830102,9.99244363468235,10.1552871901031
"Guinea",5.80173034995319,5.87063584187125,5.96001503693672,6.11559838440096,6.23962954541039,6.32374481178787,6.49667464768703,6.43583315936952,6.04895788158915,5.39351195106728,4.49271173287004,3.77508496218363,3.40568700766283,3.70239726126457,3.65972274639183,2.48385434721828,2.44179877926769,4.22994191429696,3.10707375358541,2.92680849861653,5.05434310213734,3.84790144017902,3.61275760437473,5.62114398713926,4.52947991195474,4.20969293939623,4.19376745150908,4.33763164235027
"Guinea-Bissau",6.97465746238836,6.9778465315969,6.95466999789642,7.02908996009861,7.04851598423757,6.71138350346267,6.42989957764843,6.36693626975034,6.49802612625701,6.79283286605825,7.13877726573267,7.45365513411765,7.7679950658973,8.09252700742349,8.3812543573178,8.61123131727346,8.78336340328988,10.8898483549092,9.90867007226977,9.24732917920052,12.8843284810814,11.2585308704585,10.2790519183583,12.3205226785853,11.1238758474167,10.3769267140012,9.87381479442023,9.56184745357185
"Guyana",8.31771428207747,8.71482706450994,9.10513505501627,9.66037079849985,10.2717394277801,10.7067375342044,11.108042216139,11.5455045983178,12.0110649642126,12.5237355159741,12.9583044796348,13.5816774492464,14.1850799195137,14.7237896524098,15.1862397330548,15.6655497376385,16.3136290869508,16.9779419466689,18.3025354482528,18.9820525916423,19.6526810346904,20.3207104499008,20.9465233654474,21.5310634984984,22.0775262902142,22.5758759821962,23.1057918540737,23.6453485
"Haiti",6.44826978958967,6.48546352115752,6.61231601730072,6.86152146012515,7.19722270601418,7.57766109375319,6.85022447534976,6.9580165155161,7.16249302334304,7.43037129014478,7.74530675614631,8.05442073209286,9.69284890369804,11.2735505492895,11.8777916728302,11.7963134027316,11.6927163611855,11.6964337948979,13.1189333946917,14.3603398307444,13.0719789239858,14.5167701662348,13.4716006677847,18.7319428776527,16.6540465267109,15.2799407111546,14.1681081556786,13.3657281483799
"Honduras",8.5247850878428,8.86812594245127,9.06990784751495,9.39976652831149,9.76255071821512,9.96548385770124,10.2765237681377,10.5957418438746,11.0167528064211,11.5520173431631,12.0716715669443,13.4333483689991,13.9091410906636,7.84251175711268,8.01286474040882,8.40387828268773,8.74028232998255,9.10372541847438,9.48915270506084,10.6757821737848,10.975679015318,11.2955468911936,11.580813698524,11.7299315116508,11.8358827086164,11.9974338105163,12.0855246998979,12.2099872641749
"Hungary",13.8710725550702,14.2780106677842,14.7019573477787,15.1310208931669,15.5511158448425,15.96138922261,16.4374349132051,16.9321865301264,17.4398626611939,17.9594340168211,18.4965430327582,18.8862437696699,19.289700023936,19.7146818516187,20.1726553169509,20.66095775887,21.0440497901672,21.4401044493144,21.8622596289257,22.3192084136463,22.8070866294,23.2295844478165,23.6599560874271,24.1145354535792,24.6055448237502,25.1294212874011,25.5315383306303,25.8973622137124
"Iceland",12.1461912580721,12.6372853055084,13.1035261817909,13.5464746703202,13.9673619493798,14.3660216078804,14.9039974266529,15.4440739645066,15.9841933199952,16.5010387321387,16.9334436623724,17.1819256439697,17.4415362283072,17.8195078506522,18.2493368331949,18.6185009625017,19.0358600263087,19.5724745630165,20.1141167660129,20.5826906880139,21.0027906846469,21.4185592648016,21.7667528423343,22.0684904713621,22.4080089603757,22.7479261956142,23.062482050404,23.3620085912051
"India",6.73969118563755,7.00918567635164,7.22641570472976,7.51101510469663,7.86002539570867,8.24998822570418,8.59972695069911,8.76704463628413,8.85292465203928,8.95987913139051,9.08334836254695,10.3175525954371,10.3978189788073,10.2525867661996,10.2745626267195,10.2479492298108,10.2976053030791,10.4431838564331,10.615332413917,10.8260240269174,11.0161350262792,14.327057891927,15.0457372410593,15.11324422699,14.9046254936351,14.3659464469367,13.903103440719,13.575029452182
"Indonesia",7.82406363397733,8.07839859171719,8.41199967228529,8.7118159406548,8.89258849686022,8.89568668784498,9.07123856728811,9.36313603421083,9.5705195575802,9.7014518814182,9.70658777299622,11.5174623923977,10.2849150401893,11.6263648287692,10.4142455236004,9.36079313199306,12.4829734885525,11.6075338318139,12.5227950671754,9.65528302209605,11.8299490572164,10.8748394530344,11.1795174012151,9.45517527193838,8.36305759449832,7.70711253269091,7.36824178094328,7.18965700433743
"Iran",8.25724911975656,8.82523594626943,9.51737544961114,10.3106164502451,11.0732005649069,11.8083161923944,12.5708448958791,13.3380533560367,14.1029960174696,14.8592959161178,15.602214469431,16.3763192678375,17.1572021228177,17.9385714302428,18.9389244764204,19.2446913332895,19.3483971075354,19.50737433126,21.3833827945673,21.4049390071505,21.4241753828365,23.6425331747665,23.5807658946278,24.305487938837,24.2096078344628,24.1259535853151,23.8873137358947,23.7020872105619
"Iraq",8.65065894645703,8.7087006059337,8.65125966074313,8.4072581045938,8.18740084569803,8.16709396127388,8.27963640991013,8.48635604467224,8.81216376479946,9.2119398141734,9.49525129415834,9.57371942275827,9.50096022229527,11.5910243386072,10.5949212179164,13.1609506435821,10.4031074095012,9.77707627753448,10.1482685858453,14.1857729910986,13.7853925327092,14.0764706197382,11.6186217141732,12.8110395284993,10.4130661345544,9.13817290953314,8.39848981824091,7.99023812688253
"Ireland",9.71880965413322,10.1652293228711,10.6115370028,11.0778307995199,11.4549260798652,11.6852049673672,11.792108610428,11.9230940264033,12.0833205331608,12.2756090054439,12.5280038627814,12.703052123333,12.8338168152107,13.064771469044,13.4116809321559,13.8435876346505,14.2406185931813,14.6860758293795,15.1830392580515,15.7313999055988,16.2239502319201,16.7257023592437,17.232997942189,17.7474495877159,18.2809238836281,18.8225521590376,19.4723881435157,20.1052874561097
"Israel",11.1281730616464,11.4957246389383,11.875682834686,12.1312278865858,12.3915231446627,12.5072002473336,12.5945259786499,12.7842911773948,12.9991398945332,13.2366520534779,13.4936198208529,13.7843711872039,14.0854798996614,14.3982591055743,14.714492986796,14.9925472140638,15.2604073405668,15.5752299402762,15.8650308107835,16.0622882156491,16.2169195208439,16.3071837830383,16.4148392565676,16.5242188443553,16.6382418482503,16.7717950712424,16.9657094061668,17.164230206097
"Italy",7.79740779240147,8.18908307717507,8.60312938178143,8.92321879143071,9.14154601583064,9.39383291742121,9.66258473306375,9.91378431983594,10.0878818199744,10.3602322797416,10.7995330191167,11.265974802305,11.7938067576442,12.3734070494696,12.9796780304403,13.6019111377351,14.25101290047,14.9210237100277,15.6011000820333,16.2707740196253,16.9422649100671,17.6511238410601,18.3366445963303,19.0118313070253,19.680716847851,20.3420103874149,21.0261607388854,21.7082193307976
"Jamaica",8.54811163107883,8.76922888249835,8.65867790477281,8.61886068442574,8.81897968491278,9.13772806970084,9.75891187220728,10.3242094978732,10.7830172491032,11.15150091022,11.5322627763385,12.7273380532112,13.1308534079319,13.4537020601953,13.8086923305988,14.2500062355246,14.7157717141531,15.0918436875615,15.5014190036244,16.0619722578333,16.6377691992222,17.2131811463969,17.8402012608845,18.5381890773978,19.2457473274116,19.9439556418046,20.4683853215613,20.9828957584685
"Japan",11.3503509979742,11.3475879433803,11.2323779557227,10.9499712772396,10.8958908826659,11.2880223203018,11.7799591576154,12.287487847968,12.7997389589792,13.3218429674013,13.8410762389793,14.0116347372379,13.2563063488025,10.2776226390203,7.53411386962503,5.91701781670409,4.88302986603446,4.43391464203342,4.3742024688023,4.25078535775881,4.19445899788844,4.32912360210962,4.60170708352236,4.95288379785621,5.33369825032783,5.72490890636915,6.1381553200573,6.56850349224481
"Jordan",9.51611291188273,9.74572417967334,9.97806780480686,10.1967529728519,10.3263600947631,10.4922915067911,10.4587095406927,10.5107958679759,10.3521765060337,9.65502849035962,9.34133876999896,9.59057632320273,9.9023313852891,10.2294837037708,13.596481595995,13.798584638147,13.3695280168745,13.0727638163487,12.8909979514498,12.7991250214806,12.7790436111372,12.8094378785336,12.8888146047704,13.0088515462433,15.923773918204,15.6399663968852,15.4112231721154,15.2536060474426
"Kazakhstan",6.04182677499695,6.21558672424438,6.82438593084816,7.7768063561032,8.53249040800876,9.28379145707601,10.1109796368745,10.915972673597,11.7052788707423,12.4405463307477,13.1189568351416,13.6665703566695,14.1905837677492,14.6993523974447,15.1999206171406,15.6272903929264,10.3776891262955,7.94380611658944,6.78634298036043,6.23320086046527,6.00748367408666,6.03512490959741,6.14134800623521,6.30437667566129,6.51519417317842,6.75328174105784,7.0456096992849,7.33147232955675
"Kenya",7.92311068699151,8.29145957356739,8.66065414771745,8.96117231977987,9.17542028701843,9.32924019160037,9.43656459162858,9.50703171490541,9.77055334835791,9.95629934788588,9.97385678071602,9.97856328142129,9.99969196327696,14.5419987314916,12.5792883197555,12.9869172351285,14.0751722264493,15.9781694628234,14.7873604694571,14.2270647891032,13.8578342708184,13.3945310948767,13.3167400164508,17.0897722045442,16.7097162856172,16.4254719927869,16.0906518937807,15.8042071521659
"Kiribati",6.74336080250785,7.16728126425823,7.64849587699486,8.23638833636686,8.5372351072643,8.2644855313941,8.14425675475651,8.48409283339655,8.95540630058829,9.2007668829717,9.50660174253685,10.0052192624915,10.5970118586979,12.3950867388118,12.4112228025496,12.5635823983544,12.6089311114397,14.6334567128127,13.9763450794726,13.2214937131609,16.4114799784385,16.231365234492,16.2294620309283,16.2898135445439,16.3054004818744,16.479469340928,16.5265081328372,16.5579238978917
"Korea, North",8.69169923930184,9.94749578257077,10.6555251024817,11.3713960250003,11.9297703792701,11.6954289430724,11.9367977270074,11.5456564900885,11.420562283649,11.6014034709083,12.0781451231191,16.1689735690149,12.4082659364727,12.7513558232766,13.1268805200129,13.5059592747002,13.9582119033721,14.4340878471638,14.8751104882849,15.3245190967452,15.7536411654358,16.1859280017521,16.5528806016752,16.9058931999522,17.2598490590198,16.8147482257373,16.7180638968754,16.6578976597854
"Korea, South",11.4139562010483,11.973361891673,12.5373216662239,13.0863514463034,13.6192303675711,14.2606343966711,14.7307381104541,15.1724486435035,15.5882153892874,16.1075283542314,16.7667811018569,17.486857278798,18.8488471495598,19.5253397675745,20.2140292379332,22.688448589078,23.4591065012036,24.1750214600397,24.8413381893329,25.5411834162882,26.1593856548826,26.7027116637735,27.2456209071671,27.7915825544187,28.3451002170695,28.9103026933477,29.4455224484632,29.9688847913096
"Kuwait",11.3519540142644,10.9836347594523,10.8862418738648,11.1690353532819,11.6399258073739,12.0827260509868,12.53469070562,13.0240955466803,13.5386015566866,14.0612043226829,14.5839763415615,15.1788367530213,15.7798139783097,16.377481570543,16.9614283118881,17.5234777576878,18.0983363828487,18.6444981785522,19.1567676861361,19.6318134086514,20.0701613097041,20.6048558559858,21.133504715469,21.6467251971211,22.1354480848776,22.5942243734387,22.8726268086383,23.1419873035331
"Kyrgyzstan",5.67002701224895,5.77118853953805,6.33798667370041,7.31051414580375,8.02869321132533,8.66382197968536,9.46374267233714,10.2511818454352,10.981236868655,11.6182302531686,12.1760418840587,12.7157282130332,9.33360094756616,6.82338275927934,7.09537748592824,7.42385299694759,7.57238336373674,7.76230350086482,7.98298255515399,8.22839136571609,8.49565245060225,8.73900163156653,8.97471420133412,9.20430055010481,9.43765334013905,9.67356000405886,7.04576543420942,5.11205345719784
"Laos",5.80295443007377,6.09119521075778,6.46561315222414,6.83968447131547,7.36292213792056,7.96939736628158,8.64062196011896,9.27662440533587,9.88448085126726,10.4967327964234,10.9306862248013,12.873358393032,13.6219578642902,13.7553738960624,13.7949687451798,13.8805970718026,14.008492737961,14.1499705992141,19.2088919341825,18.867814992415,18.7236982078218,18.8150560761883,22.9356201583107,24.1985391970309,24.2684900369282,24.3577320160555,24.3325325853161,24.2891407233437
"Latvia",6.25041708426689,6.42843364610891,7.28197769471867,8.22629763962905,8.9521692232083,9.57571998989711,10.2728757359423,11.0864542636463,11.9172232538938,12.7543793133451,13.5877733769727,14.2888623549628,15.0079353735944,15.7365241786436,16.4658366777613,17.1909688974918,17.8330403516273,18.482972386306,19.1374426722111,19.7765310804141,20.3623765704464,20.8715430464294,21.3823195054318,22.0193630639592,22.7275972438043,23.413748182963,24.0196792717305,24.6175846900078
"Lebanon",7.73141498126177,8.07440884380537,8.54590643170703,9.19039797535651,9.47217883623363,9.9197945506795,10.2932609403998,10.6788210626467,10.9437059210485,10.9146920835904,10.6391244871768,10.9166067615889,9.69607660323273,8.88079150521988,8.4707853631394,8.39407274908368,8.64294743410528,9.03319989698042,9.52159083522201,11.338557024963,11.6586907794534,11.4964047161775,11.4150541244662,11.3905079992953,12.6031683267599,12.3230684939757,12.2809791301205,12.3185724918764
"Lesotho",8.89245224128211,9.06092028898593,9.20198172188667,9.30443537185707,9.38381131557483,9.45866758033365,9.56684001996629,9.63292919741446,9.67314201566397,9.69265826627325,9.65496403465749,9.64256467543023,9.77223024520043,10.1343751421846,11.7701697183902,12.0033250047372,12.1966339902995,12.3757511704946,13.8796506420835,13.9402897669376,14.1641363161315,15.6736565965988,15.8644708953813,16.0393664490914,16.1985199001286,16.3500301554596,16.4429484908273,16.5344528395462
"Liberia",6.30928606256267,6.267223270376,6.20913782677619,6.1495082375201,5.99345875210458,5.82361356266319,5.78440369954877,5.79261762935304,5.76200233149955,5.95772827721816,6.25217671053284,6.36463815928932,6.32701852495804,6.25978039112464,6.20897848977004,10.2017895352385,7.73391691122848,6.87302767615867,11.2978766641398,11.6249307649556,9.61565230186595,11.463050413043,12.1120997812021,9.93305007715431,8.62360450691497,7.93251208766404,7.49016348068864,7.22193368044928
"Libya",9.45457914714003,9.95346568840596,10.4479745843037,11.0117007394672,11.6303023653994,12.2557024286827,12.8257177901122,13.3887281311719,13.942995786617,14.5153888504501,15.1058193452577,15.6612701937009,16.1881125512651,16.7598654697697,17.4059764159574,18.0540001205342,22.4139907526797,22.5094085322385,22.6213558736693,23.4732374099178,23.9634241084175,23.9946133584136,24.0647456618477,24.1697911852796,24.3071498028282,24.4744821659204,24.5865213203462,24.6913998462218
"Lithuania",6.5075988416262,6.6152722204373,7.16283962735206,8.05869931029197,8.91951270312371,9.72207782874011,10.5207379689321,11.3139080236053,12.100229067095,12.876974062777,13.640981474576,14.3745295461053,15.1039084288937,15.8234570082644,16.5357759406514,17.2510740173539,17.8853588146195,18.5144501656862,19.1391517849503,19.7612421241965,20.3823836687214,20.9194100206768,21.4098405264004,21.872311621905,22.3201708888744,22.7501694760994,23.2296450622062,23.6908278059729
"Luxembourg",10.043528429681,10.3417936204451,10.6388199933355,10.9182497321,11.2097903979419,11.556120817415,12.1177956388744,12.6845627706909,13.2134618488886,13.7369388669006,14.2526168407697,14.7967313548867,15.3371416813615,15.8732456406209,16.4734969255063,17.1299748717123,17.8835085293894,18.6288334593,19.3636387307822,20.0908848331549,20.807263891548,21.5069954084109,22.1868689618874,22.8437398033351,23.4818328607354,24.1002960590131,24.6648736400496,25.2202688394004
"Macedonia",6.61390785416716,6.71232924316855,6.90892648596552,7.51111113584786,8.4108960415716,9.30728941980646,10.213586771247,11.1061706444462,12.006027083935,12.8996120280802,13.7914375140681,14.6603422301755,15.5236628295861,16.3970884102343,17.2666311047538,18.1357160857811,18.9973456507979,19.8548464192983,20.7134913599397,21.5689692177142,22.4247910293974,23.247927958593,24.066154723541,24.8782098185444,25.6854916372191,26.4909585826677,27.2639917191497,28.0313631074247
"Madagascar",6.15453861669382,6.39798041487743,6.64575492969388,6.8694637467283,7.15308394312448,7.37811938068682,7.44421625382511,7.44792437632119,7.49682490724263,7.58620396593895,7.63553993877022,7.59785726502907,7.56411553243161,7.60794621524984,7.70323922832593,11.4035113453849,8.269526659359,7.1772798549256,10.7575952080953,7.86711288083819,6.58626597225186,9.15348658691114,7.18746428034748,6.33754822910416,8.84528115635339,7.38250453637322,6.64946480010379,6.29246474723741
"Malawi",8.15107653938274,8.37639800377329,8.72338165869415,9.0107957879144,9.05866811832431,9.15943046431237,9.41736637279814,9.56324990437649,9.70380007733319,9.6829162989172,9.33786316036019,9.16488438175184,8.99803112889323,12.2621850522056,11.4962960532577,11.0615302061631,13.8754143602638,13.0068239860107,12.4821789940561,15.3100563526776,14.9107194472584,16.2488748117131,15.500692482022,14.5235617946985,16.2161989507595,14.9306256236106,13.892878487766,13.0856024827677
"Malaysia",7.81692292469818,8.2559814313261,8.7834201630681,9.29733790389696,9.92884866392747,10.6798649482209,11.445343068262,12.1842057906274,12.8967867636947,13.5836902867861,14.2151064259076,14.7398414768364,15.0675171549287,15.303911202822,15.6003999229159,16.1840209415256,16.0182635087191,15.8946296550491,15.8387774013226,15.8392928962899,15.8870918896033,15.7740613173668,15.6851316358069,18.3976284731519,17.6639118881251,16.8006983222253,15.8023594853312,14.9017696036415
"Maldives",7.9212845143766,8.7121434587694,9.45175569162967,10.0052014640088,10.6312465094587,11.1516195523599,11.4155313776417,11.5827293852216,11.8274579111846,12.1287663267016,12.4612089856007,12.6913209849651,12.9488112663648,12.6197176928603,11.8833064841276,11.3505396570998,7.29342444057126,7.04906604317094,6.95858794344696,6.98510972577689,7.09944057755718,7.28062188132533,7.50423151170762,7.75880782739273,8.03565803016038,8.32809976080632,8.68648908066422,9.05642830482827
"Mali",5.99864877457402,6.18675017840241,6.17287531212613,6.18195012376628,6.10865097333136,6.00058603407843,6.07305554613593,6.09346186677747,6.03811281471718,5.89341094106697,5.73192430472783,5.7043755415469,8.55152734900665,5.93404711842863,5.14652562089076,9.68048570110239,7.36012012975469,6.2165849413438,9.81344435846967,7.78575708089994,6.92574197184121,6.40475449327833,8.71489914105773,10.3795478861904,8.33782846273837,7.33984894310663,6.79678720179187,6.53305015410565
"Malta",8.55015731062168,9.23459029080668,10.012468562306,10.7598132655474,11.2581939192365,11.4066539292983,11.5174891403155,11.7804906728835,12.0876306669705,12.5024069073435,13.029152681873,13.602476331868,14.1232124166733,14.7699398527788,15.5744812446477,16.3466682032644,17.0510265718133,17.7255014956233,18.3037937454216,18.8991171958596,19.4628699801643,20.0661686160455,20.8026779116301,21.6120064282887,22.4299273106838,23.2402834428436,23.9926545051862,24.744728415609
"Marshall Islands",6.48055535931531,6.95491233141585,7.57305909686255,7.68795910087936,7.63110693285423,7.716308681374,7.70328474244094,7.4682811246513,7.58972280890764,8.11301650028866,8.54133535858006,8.00648169007984,7.38344327231461,7.75619646367505,4.71434266265577,3.56884833154793,3.6382948934495,3.85299111901937,3.69498083635116,3.26726616581428,3.40639462558161,3.63651356356106,3.46611266787419,3.18297798762518,3.07213946084429,3.11358054842692,3.18484404344097,3.2899494913552
"Mauritania",6.36240453344178,6.29539505339177,6.32111893289468,6.44462510012548,6.56361674071751,6.74777339873532,7.05576877451322,7.33948715838529,7.59909288899882,7.84679576100021,7.8859856392842,9.34826076970206,9.51025499267668,9.96632379274356,10.1600800018454,13.587780532925,10.9002543265051,9.54592534159451,8.82613342526357,14.0762009237552,11.4594072752349,10.1789414542932,11.5404693374432,12.5643244925949,10.7144233767295,9.65371696174337,8.99137683733234,8.61183370868248
"Mauritius",9.98836494945451,10.2473400892974,10.5051461933198,10.6083116345852,10.6414888711843,10.7111808461095,10.2028750871768,9.92352348405743,10.092771629731,9.99915859908915,9.87835343463821,9.75724861927534,9.52976420642448,9.43357035694679,9.8906939434062,9.76475439238033,9.77072457223491,9.74797601356965,9.72244467097474,9.71203969446592,9.72669075733475,9.66772466799659,9.62680808714633,9.60926454078427,9.61935529925861,9.65663527793768,9.64882784320145,9.6643230847691
"Mexico",8.67058308003146,8.97920872131242,9.2303393014233,9.18769699025859,9.18263259349122,9.36205946065033,9.78666068270237,10.22638052574,10.7115566921823,11.2475492038163,11.7788603433705,12.3374206987933,12.8877887420419,13.1262361840333,13.4897865739832,13.9437176251449,14.3373486376136,10.7584776371623,11.1568808170216,11.4896775098929,11.9072849405281,12.308051880427,12.8590414914856,13.0908556953244,13.2043631164841,13.3394311080546,13.4407668780582,13.5758288467265
"Micronesia, Federated States of",8.20355631341599,8.64792991731311,9.06238244589934,9.51523991857385,10.0134419647668,10.6093993310028,11.2258141061658,11.6568397515125,12.1064782738047,12.611218886969,13.1536913596151,13.7244788778092,14.3180841747026,14.9728410219875,15.5738375954531,17.1650164436309,17.6444161716183,18.0807813867112,18.5455607461889,18.9184627277462,19.1952326672965,20.2377001092922,22.0060015221366,22.4493812693093,23.2405642620215,23.6544656090288,24.0306343671845,24.3999912448751
"Moldova",6.19672382585946,6.44827915685867,7.06302782391893,7.87611186543359,8.69886801226108,9.56959601196275,10.4347351534293,11.3292479032299,12.2404488570045,13.1379196335949,14.0014386774107,14.8594169335679,15.7533543101523,19.6288474419241,20.3272987417365,21.0341805310117,21.5573818566662,22.0876067605192,22.6210420026068,23.0671112321585,24.5499030159389,25.0384295087587,25.449864941024,25.8535974545645,26.2417859095898,26.6134966657889,26.8430850489997,27.0868896596939
"Monaco",9.6485370671397,10.4413788102203,11.2438282455997,11.8908232214827,12.3856236797073,12.8867898441495,13.3435036480339,13.8085066798873,2.49405543380629,2.10040539694966,2.27253894099419,2.61576265801029,3.02349175206735,3.46645404875974,3.93179678494152,4.41266663274402,4.89109839484119,5.376037005122,5.8679461022439,6.36730118334716,6.87490343775386,7.37584695607211,7.87648075782039,8.37875367985725,8.88547067792579,9.39872302177803,9.9248724055504,10.4514577776796
"Mongolia",8.05758825244141,8.75288880665613,9.32648543734396,9.88793599793041,10.378134882774,10.8651863133182,11.4249968539299,12.0379285000563,12.688626561458,13.3565754860566,14.0036382339168,16.3403230425077,13.226068732175,13.1410362297592,13.1269452727894,13.1776148333127,12.955400813534,12.8000822085438,13.6323774809115,13.3475698441079,13.151349762711,13.0767477627537,13.0428459011012,13.0932646845512,13.11807176739,13.1816892168838,13.3398130031656,13.3784356936988
"Montenegro",6.66634692188932,6.75940207838775,6.95088879188075,7.21293849639886,7.52782804364238,7.88896110717643,8.25209041800735,8.64380430974252,9.05478668843635,9.48214448932302,9.923693388346,10.3671976781513,10.8228622544995,11.289860360807,11.7675703837798,12.2556439938574,12.9169282975516,13.7947223012625,14.6647578235045,15.5172956583125,16.3683434275336,17.2720732811058,18.1679249789835,19.050364092763,19.9258724656237,20.8014917766284,21.6444236805789,22.4794568698502
"Morocco",8.93008254090529,9.29604308010459,9.66699434143012,10.0429457327269,10.4321294186057,10.8148534343146,11.3194692013419,11.8616447210311,12.3451121691277,12.7458793308306,13.1173185478931,13.4727139644145,13.8009007923236,13.9396730736969,14.0581291576431,14.2496217448803,14.2792861233893,14.2914726405847,14.3172940646043,17.5086476226788,16.9531141762663,16.5105421292819,16.1717237462187,15.9199923048534,15.7467630351015,15.6458211232608,15.6054890207348,15.608185068405
"Mozambique",6.6171485904665,6.65526047473142,6.6382195958051,6.70919370107476,6.87505258005282,7.06239863417166,7.17811877177158,7.19700297083253,7.21733489705805,7.21156867423198,7.26536300657857,7.41149493149469,7.60644402036076,7.844227189575,8.0129769859875,8.12508806770405,11.0388557699156,8.81542716185608,7.75961593586468,11.6661095157193,9.87152961827101,8.94749202895877,12.1039793932896,10.5817963249829,12.5809573385373,11.1687570478396,10.2440069431355,9.64258018329654
"Namibia",5.57786619733571,5.96985467430378,6.63593801427496,7.17361531758469,7.55103290071441,7.81135911259389,7.83982115206873,7.61089313931802,7.21731800320755,6.96210110677226,6.97481645841839,8.13429437159584,7.8887561100082,7.92211872805582,10.6587716264299,10.1315582007808,9.65646658270997,12.4727067371886,11.6027929265058,11.1375254300426,14.2082414399073,12.9513745169004,12.0216900823315,13.9879435280944,13.055513712304,12.4085658482097,11.9857901200015,11.715011295533
"Nepal",6.9722666272358,7.14609511504829,7.29437475274117,7.41402348779456,7.53982316938748,7.78219634310315,7.7404976014067,7.289163945494,4.86955274713456,3.23468121071004,1.8712106218196,1.1477718078857,0.791293533442744,0.831159420176039,0.615278972198825,0.129005830178521,0.386279048906919,0.752501950173343,1.12450896622039,1.44074869024796,1.53629829689358,1.86521140640053,2.21054311672814,2.62643558541249,2.45969303325071,2.6596108452391,2.9687998145701,3.33618405698783
"Netherlands",13.7216585818888,13.9805133409463,14.254526982737,14.5266624769949,14.6457504877772,14.586487138037,14.5524962923258,14.5855058782529,14.6984645849101,14.8453560217122,14.2485290254919,12.7425977537464,10.8643768411667,9.45546171381213,8.69633536601095,8.30057192217724,8.25925463028323,8.34239219511998,8.50843142838385,8.71515343999984,8.95716633409252,9.20284857307835,9.47595277971534,9.77149948112286,9.35713955187297,8.60264859913511,8.2116938175796,8.06254427269349
"New Zealand",10.1084307402136,10.4655040086562,10.58244577078,10.2679618520121,9.49475487852364,9.25446252879122,9.37868486200596,9.81117128647108,9.89411567708964,9.76812367679668,9.84120797149382,10.011138929533,10.2113569935074,10.4366745583308,10.6809849618262,10.9287704718442,11.1255579779635,11.3074640779936,11.5848768254934,12.0246560384899,12.5434095974268,13.1585079908367,13.7554961844065,14.3097742415101,14.851549018259,15.3845016636889,15.9365867146051,16.4852919481085
"Nicaragua",7.71283290980336,7.93026066795066,8.23686121901684,8.70952253755907,9.03078264936115,9.30866488296649,9.66838861557552,10.0599867193949,10.5513149041857,11.050977756076,11.4805936069684,12.7787129961983,13.3984554093761,14.1636548012382,14.5301625085862,15.7439767463798,9.41421934274134,10.627504960952,10.676442437855,11.65743326869,11.6662564778244,11.7675987239538,12.9016944036143,13.3295253653389,13.3755054087051,13.4649643590644,13.5122260391429,13.5986406791288
"Niger",5.41245097470928,5.4543212787471,5.30421228059766,5.05881502576298,4.93247085655685,5.05208741360158,5.10023300581425,5.01207323064109,4.91560374155686,4.90532934799532,4.95241055565904,5.06094822100903,5.14533898478122,5.21438176458468,5.27252475339307,6.39195843102346,6.67082101521966,4.57184106116974,4.13703970310262,7.59616611803069,5.60011082613678,7.79817594461052,5.85769742688667,7.98303540786527,6.11680762631056,5.38565484481313,5.10392816981418,5.05583105954951
"Nigeria",6.658484674115,6.84272134712553,6.88694978563831,6.79544377656179,6.74376710848431,6.70234853897145,6.62145824550347,6.51944438575004,6.41624271195183,6.24625649861534,5.92083696059075,5.46649586980121,5.01962887445121,4.7813820973488,4.68314604836711,4.6970739153851,6.24466430152652,5.46600694251912,5.9128540253257,7.30644961690778,5.24638332041775,4.3937963996578,6.29695177479404,4.53357513494353,7.32566998762594,5.26818970326345,4.52290993645349,4.21061706840002
"Norway",11.3474732819466,11.782253745779,12.3508724282067,12.8748850330591,13.3624047361512,13.8150331115813,14.2888737973178,14.7786676559903,15.2393987487624,15.6406850573228,15.9840958174607,16.3908573137592,16.7823953977581,17.109420432844,17.4812584571997,17.9224467922677,18.4177548510838,18.9500087995745,19.4996536833984,20.0614619369519,20.6139979958197,21.2231608279913,21.8343412724814,22.4267959782041,22.9858697606565,23.5284418190863,24.0272323275032,24.5206092744394
"Oman",9.11563486235519,9.82389429752192,10.5082125914256,11.1643308180548,11.7357639805588,12.2388479474985,12.7471126188848,13.2691110617394,13.804241544783,14.3503629571867,14.8750562729067,15.4008493396465,15.9182660860967,16.4230933941704,16.9254163679996,17.4179058419647,18.1092717671478,18.81279286858,19.5204752772148,20.2191441986922,20.8983247580875,21.9114606373142,22.8338895703124,23.6675657357156,24.4162195203167,25.0681605496309,25.3056137118959,25.5082339264175
"Pakistan",6.58759464585994,6.74260986675978,6.90865957977479,7.07009199450214,7.2198917347593,7.3116147846404,7.42543033543815,7.58539187961785,7.77449700704999,7.98276107456561,8.21024735707771,8.47409600024361,8.74321019223959,8.97413555175312,9.2112590589434,9.5183990984582,10.3688789328939,10.296060821314,15.1025907097484,14.5952716640471,11.8073021770613,15.2038653866364,15.2216400025357,15.3203823675909,15.3054586486335,12.1219922507427,10.3815118544044,9.38173232584142
"Palau",9.79257739639524,10.4908210108437,11.1171073976016,10.8945533285334,8.9964667585412,8.20113641104187,8.75511862191618,9.03307203092732,8.95480529227849,9.1878189619659,9.54930008371402,9.92070388158911,10.4870736036445,11.1030617827413,11.7045624350421,12.2914180972096,12.8338593606978,13.331517883342,13.8489503801425,14.1331166447148,13.6631675622365,13.1147159169891,14.6882256270283,15.0168926532105,15.4536315870167,15.9150282250848,16.4478925316215,16.9653277574372
"Panama",9.32745223135744,9.35827563836068,9.34440026125793,9.3342590217276,9.44436126204252,9.57180367732458,9.88776028357407,10.3530270703398,10.9094961776327,11.4183842438699,11.9345108575562,12.5665353756114,13.1838920384763,13.7910215767493,15.1719674355397,15.717530614259,16.2339021474439,16.7395170097719,17.2380015210951,17.8819637730334,18.3679928031965,18.8630171788554,19.3525287401504,19.7626002849414,20.1050046297448,20.4483422380313,20.7479217443972,21.0478826462342
"Papua New Guinea",7.26830923924636,7.59495598165258,7.91013905297676,7.75732780255661,7.35112023070615,7.06752135058498,6.75959868720533,6.6776510444599,6.91385823069553,7.23956704349649,7.5227465114678,7.70532748216299,7.8448162558109,8.00632686865735,13.1199851205302,13.3341999742847,11.9613001882294,10.207237974551,9.0336436391318,8.34829769078181,11.219519532265,10.028101983465,9.53241918622576,11.9968752384346,11.3448925567192,10.8711243177047,10.4620091250426,10.2070507478544
"Paraguay",7.51313118643839,7.7651865997053,8.15816992003402,8.81040133695352,8.97323388650793,8.67935501490842,8.69569694525035,8.56260865103471,8.4454620539009,8.68769540115036,9.21044362942228,9.8728428249454,10.4377175071109,11.0110004295376,12.2251256829342,12.7896041132199,7.85501483568182,7.98463319342485,8.18060314104079,8.42689636035426,8.78390233606437,9.20731599817251,9.57050924571504,9.93226001032047,10.3297926653447,10.7197898821397,11.0681702612101,11.4248016712715
"Peru",7.55531477437707,7.91354243442934,8.44376232078302,8.74104699958581,8.74037047120146,9.0263013403491,9.56243325204805,10.0368447211382,10.6014563535871,11.1871830349326,11.7971381769523,12.4277129058755,13.7157353408548,14.2886874480499,14.8022812232329,14.3925136267623,14.5586201906183,8.97904976678032,9.0952386070836,9.24427092581941,9.5071791516791,9.87627100590636,10.2527636415107,10.374505916266,10.3483618216428,10.3972626180049,10.4920230408136,10.6378643099273
"Philippines",8.51775644356055,8.94930314413299,9.25265063421122,9.40849910431511,9.41543922420342,9.30991815979206,9.30630634895738,9.43170043466948,9.6182614831529,9.81902289548459,10.0065294360941,10.245292311869,10.5561695074652,13.4748146986867,13.7363151003742,14.9418414416147,15.2766767427923,15.6231961327703,16.7359773951782,16.9237390407117,16.8479190181547,16.5628828586952,16.9843601971925,17.1129414398452,17.3660586435127,17.6175559003274,17.8244268466464,18.0310851007704
"Poland",13.1608929357394,13.372875423168,13.374085004263,13.3484216179678,13.2683470825869,13.1624859387884,13.4065583315794,13.710628945714,14.0636556091549,14.4469771230357,14.8558180477707,15.1559842723054,15.5052165851973,15.8930958103866,16.3095742806769,16.7471069202781,16.9774272757884,17.2471239871562,17.5456778837223,17.863272560411,18.1919582962227,18.5669665461012,18.9645543536324,19.3765401600595,19.7945582401603,20.2122526709014,20.5645106783741,20.9195610833673
"Portugal",11.6362347927533,12.1407520486521,12.7850529584311,13.4355298346803,14.0198582981347,14.5298977362817,15.0362432506935,15.5706047923272,16.1125688941009,16.5950292640794,16.9176058832594,17.1508357562465,17.5358947316079,18.0435469651923,18.6065173559988,19.136164571216,19.6814863236615,20.2666318448203,20.8502387508961,21.4363281524866,22.0287558110697,22.5973133541739,23.1691187311522,23.7465126247316,24.3321767750244,24.9288563598213,25.5058632078756,26.075228581354
"Qatar",8.88467925025975,9.28781890127899,9.74153532933252,10.1775017886404,10.5883284250583,10.9975434473644,11.4832177115364,11.9603159506174,12.3691133703871,12.7045363838922,13.0657629393589,14.2295425658828,14.88340761847,15.5854463497501,16.2976504720413,17.0537291036026,19.0563341124849,20.5805886133204,21.8890072985625,22.9731724281943,23.8958907848981,24.0024625442702,24.0450705460316,24.0227479213756,23.9360468049413,23.7828986008324,23.7771404147921,23.754112607965
"Romania",11.182872125177,11.8498029608387,12.4889991881052,13.1673605198669,13.7690236615877,14.0986129849834,14.6160980005119,14.9374041603449,15.2155090508937,15.3855596595476,15.531182710705,15.7416705527269,15.9815584450522,16.242340370453,16.5241213029052,16.8346428718967,17.0008473196626,17.1598307679093,17.3105583943501,17.4672837967801,17.6470638021362,17.905513608145,18.1411277106888,18.3174309482189,18.394842313397,18.490762705984,18.5981066108489,18.7143065681319
"Russia",6.44706006023997,6.8267867910047,7.54217602511305,8.51535232458016,9.28422718476193,10.1232959330593,11.0146815381398,11.9263126754743,12.8350766174658,13.758079256964,14.6590052866501,15.4865588073053,16.3480656936161,17.231007859726,18.116009979923,18.5282808354215,18.4664361325697,19.2340419143745,20.0126942795702,17.6900823297823,18.1991036918688,18.6567701970471,19.1056973390568,19.5363000617188,19.9445751154267,20.3395674551638,20.9829372444666,21.6450429506119
"Rwanda",8.19764815981242,8.76989738985894,9.31990657709472,9.63382633262687,9.23810233665146,9.66531576146918,9.19780298294778,8.57650142852178,8.09273790325651,7.91579493841197,7.81663140040778,7.8632025624786,7.90717846729823,8.2805213557576,14.0218663695257,12.8543547774382,12.4770381768156,15.241227358167,14.5453420325639,14.1028981677428,15.8476570069187,15.5168146772677,15.3162887343315,15.2148750294352,17.0411622990639,16.7853831365945,16.4001957575148,16.0646736251026
"Saint Kitts and Nevis",10.3320270913083,10.868624202941,11.2410902785842,11.5556428522322,11.8173415641475,12.0387285033695,12.4310024859746,12.8315985501351,13.239606831725,13.651927943065,14.0670063945212,14.4418335277689,14.8371128239538,15.3391519400469,15.8362482449487,16.3275867997266,16.8145860274907,17.3266678052456,17.8611385581684,18.4152172254026,18.9869896633191,19.3832147771901,19.7813380391605,20.1752796049263,20.5608096374823,20.9361901357914,21.307461941841,21.6927714579951
"Saint Lucia",9.81668953943228,10.1793233130995,10.1568647703125,10.1433828377607,10.4581641581553,10.7734017632105,11.3800100485209,11.9934725996503,12.486841106038,12.9964350197791,13.4637564892468,13.8256240404354,14.3424350551614,14.8782199915589,15.4191186046237,16.0228554510821,16.4656867937457,16.9261043161857,17.4254587184542,17.9641949270142,18.5209428117021,18.9979542609723,19.4761817445969,20.0321702205923,20.5907907238077,21.1464714947068,21.6199411429651,22.0845725603792
"Saint Vincent and the Grenadines",11.1088107277407,11.7257557575618,12.3062018030081,12.8808524767085,13.4514119357771,14.046618926245,14.556615183913,15.0383480892485,15.5395294894074,15.8611335942295,16.2029572822522,16.7560980796119,17.3069540479278,17.8334120535223,18.3599491269781,18.9059671487954,19.4398932729144,19.9704215642703,20.4978275380791,21.0222825912467,21.5438884725807,22.0198724071686,22.4799707356837,22.9509040903972,23.4558285573694,23.9751762049311,24.4039755820081,24.8273433652392
"Samoa",9.88275602547051,9.91523538721827,9.98618334081282,10.2647094051036,10.5358483955809,10.7874804267921,11.0640867041488,11.2752739250202,11.43170291863,11.4358737845452,11.3676687969479,11.4542635258044,11.6435965999946,11.0034779592334,8.94145706125791,7.98835934682504,7.69155549552786,7.62478517768106,7.54555420377118,9.30970263412387,10.346870538061,9.97567429172851,10.1489658569544,10.7295434451706,11.4022686452441,12.0272265963702,12.5710122055864,13.1062216512254
"San Marino",6.93104614459062,7.35794444589666,8.23685295630097,9.07003892482634,9.8337547469768,10.556553501001,11.3252274182465,11.6975717468562,11.804398738944,10.9853052345041,8.59625943186522,7.01563855059003,6.60962640491852,6.67694010051549,7.03521005282689,7.44380614033223,7.84328933523046,8.21461669184888,8.12538057725374,8.22678003739586,8.26647540955636,8.39143906101702,8.86478872349554,9.19740442957623,9.40133643564412,9.66464992245223,9.87741605896899,10.1384375781428
"Sao Tome and Principe",7.31287417279299,7.64201199736962,7.69500562560736,7.67410261282683,7.87772715942369,7.85135793716177,7.51914482734536,7.195742477782,7.11603627707246,7.17095590574538,7.34601647405431,7.58171832779828,7.95685693112178,8.46866667183681,9.05185886130774,9.62117166041667,10.1044389289862,10.5599175371441,15.8111520960338,15.3226786115104,14.9418593383944,14.707141971603,14.5633517844218,17.4116917218885,16.8069922041021,16.3441654348963,15.9398499053452,15.6197374104653
"Saudi Arabia",9.18066637394537,9.72208605040092,10.1904804368574,10.5180524373867,10.8770997873942,11.2527182497992,11.6237077950844,11.9485445616261,12.3038637884153,12.646441331349,13.0258246514683,14.1039513555372,14.4696048907021,14.8864786578721,15.3162760951074,16.331469339683,16.6249423750397,16.9413308060535,20.4475436730346,20.3513683533905,20.316486667888,20.3323200703816,21.8530409451791,21.8035962743261,21.8091435279377,21.8596082702713,21.8424978449984,21.8415965795365
"Senegal",6.8331276532682,6.9306677095898,7.04119657646848,7.10241173676833,7.04317184703902,7.19990972161295,7.41102687739918,7.39829850485385,7.29085097583215,7.15672915749706,6.92052749273567,6.65556662914726,6.37645168637854,6.09774577535442,8.90255748724242,6.45514978124771,5.95984908938748,10.6124149608166,8.45150786995458,7.26225245756935,6.76230182412709,6.91791671439749,6.81194041640079,6.81811581500559,10.7322535253919,9.22954192416714,8.395456756051,7.9246328426219
"Serbia",6.66414838101588,6.77966945000855,7.29323768487931,8.13297574563117,8.89430687576936,9.60600316095073,10.301335385541,11.0363206584451,11.741011109603,12.3593999260276,12.9763590104074,13.7009537187071,14.4547952108718,15.1792007576845,19.3744538863241,19.8391451173824,20.2443359744927,20.6616990305208,21.162979863235,21.6742051270195,22.2524576521435,22.7395973283449,23.0760383100176,23.4056637434989,23.8397332374494,24.2758950034485,24.6707451710294,25.0613238324378
"Seychelles",11.326517530244,11.4732708992675,11.532763611681,11.5473324329926,11.5243052286256,11.5810638308522,12.0028994064997,12.4037442107346,12.6857923051043,3.53135132762514e-09,0.657729612057442,1.16651499747938,1.65510853933992,2.13322427531615,2.59446989410672,3.03356618529534,3.50005699456845,3.8317493578161,4.0960534969735,4.40864909434267,4.76185035161582,5.20477729939157,5.66543352386031,6.13337434614143,6.60217605731532,7.06720193066333,7.49988738387781,7.94163461401681
"Sierra Leone",5.26462793109736,5.30354494235371,5.3797083205388,5.5104747966125,5.50947696460529,5.46320817744102,5.49083974139186,5.52376565658588,5.56604109069147,5.90318947184584,6.24623814601998,6.44790460067551,6.73472085280368,7.14503427976446,10.3114717866398,8.84421871760796,7.83384313718943,11.0656046683091,9.15667759699835,8.6033721638371,12.9872901545922,11.5713464706059,10.5201625216529,13.0753533967287,11.168931094221,10.0697284221442,9.26608828023255,8.68316312665326
"Singapore",11.9441806193144,12.0042719367384,12.1182722644873,11.7344723934485,11.5006825593539,11.6795080515034,12.0549344019234,12.4223394896022,11.9982181906814,11.3151951591955,10.9996320293505,10.5840923989027,10.0615617655082,9.42029052166222,9.05483175844357,8.94909705384229,8.85761162121997,8.89213883772431,9.08287320288911,9.32773620456773,9.61488482295762,9.87895300775095,10.1328124056904,10.3935313656905,10.6935657020782,10.9554729894236,11.1974799631684,11.1781893661949
"Slovakia",6.8131394429831,6.93399114659778,7.11008328406514,7.29297162646333,7.75616366344104,8.53134457675532,9.40858705727302,10.2747216626351,11.0901560846889,11.8108798690493,12.4915702812479,13.1013422005903,13.7101724124313,14.3191544655838,14.9321168384069,15.5542890629905,16.0784688499642,16.6079018138017,17.1425026153137,17.6839959513821,18.2353467129648,18.7721906640168,19.3125343812431,19.85854932065,20.4126743597758,20.9772401020431,21.5723514330226,22.1613352934595
"Slovenia",7.30123220992123,7.39701226056723,7.90180312533261,8.72521745654862,9.62615471691558,10.5102028407223,11.266419230625,11.873555060679,12.4851820582328,13.2294891580265,13.9952638924579,14.6961223496079,15.3807521031198,16.0723485374832,16.7803021783646,17.4902050323247,18.1061561128563,18.7434058841935,19.3865094353942,20.0335246175116,20.6834410188163,21.27329243095,21.8571408813464,22.4160074904522,22.9575378804155,23.4874282010783,24.1031110396182,24.7111290556428
"Solomon Islands",7.73589933493591,8.09900716753118,8.45992615530104,8.71855958521861,8.0819113259725,7.98488457161192,8.28315012035496,8.36434993263451,7.95090617758016,8.1015901298672,8.57357619809362,8.67903661786126,8.44895139814701,8.20952663783582,8.12383126697377,8.03896120778339,8.13115107532702,10.2639318063868,8.94879170057527,7.7533228420582,8.10070732717073,7.40618631053185,7.2798613889129,9.77096077285342,8.41392775770098,7.71854093207168,7.31785141804412,7.14672085423705
"Somalia",5.79734668863554,5.72271522137813,5.62100283150278,5.52654295857197,5.44878506897865,5.36427875630165,5.06382619728912,4.62752498212653,4.21675340361024,3.88494852409783,3.3695332150579,2.83771290293973,2.61780265796195,2.32236341767,1.93253825365629,1.4949309882681,0.678374693855636,0.543854651290605,0.773218806635439,0.868404462482506,1.17657189535794,1.55048164095945,1.89406439513715,2.21943890418414,2.05689320291776,2.25045070560315,2.55741504184802,2.92375498572142
"South Africa",9.02163228627942,9.39617193037562,9.80387912435295,10.1885687554564,10.346109232398,10.3317165448227,10.2307281042801,10.2395495666327,10.3068329077995,10.3074379058698,10.2708433684983,11.96752850078,11.6712773573151,11.4403525733332,11.2502654070417,14.1338198899392,13.9346174789357,13.3857410791862,15.0705527166834,14.6692820875098,15.7915943345767,19.8586207633678,18.8860494848272,17.839152411176,20.9971773069413,19.3222134934322,17.8972849030884,16.7971875916205
"South Sudan",5.20668899247775,5.288089622387,5.46201959656107,5.69453023096297,5.96562769112458,6.26274382269582,6.58645236212001,6.92242170512648,7.26677560175465,7.6167066645787,7.97004490240569,8.35799531234983,8.74621588943936,9.13360847919108,9.51926436890205,9.9052286867967,10.2823054634822,10.6601012188377,11.0350374917214,14.3923993129718,14.0401800084679,14.1879952410013,19.9639413723318,20.2661725489317,19.3762166053498,18.6810800336874,18.0669331255945,17.5643419063792
"Spain",12.1201996992107,12.6453555170534,12.9977430874858,13.4051030841743,13.8917674250726,14.3699599532622,14.8179512610442,15.3258408857199,15.8949190992247,16.5139995375371,17.1649373351843,17.700322436363,18.2701794595414,18.8558585477256,19.457259290437,20.0749116300597,20.6190006092287,21.1728074025836,21.737945737554,22.3161230399234,22.9089294347981,23.4661757940923,24.0185378181849,24.5712198201222,25.1332117646085,25.7118544101746,26.3437823171071,26.9624526183166
"Sri Lanka",8.79589050547085,9.27308117351835,9.71582697076984,10.1940615599764,10.6612837789166,11.1115674797627,11.6372045157237,12.2505972701339,12.9224408086623,13.6015453867641,14.2674274676033,14.5780189340315,14.6491683880558,14.738978996678,15.0640122772112,14.5973241479446,14.6290796889592,14.705258464054,14.8203539547057,14.9712485784187,15.1564455555225,15.4213758944538,15.7026289569406,16.0016246126721,16.2826708417016,16.4972205235199,16.5988743288468,16.6947222092219
"Sudan",6.63869320535826,6.86140285452636,6.97848208679851,6.95620180602924,6.85727672694968,6.78306111565955,6.88864644130575,7.03962353969953,7.08974617851876,7.1088050497046,7.21641993953598,7.36013080059822,7.47438436911152,7.6272598278509,11.3635265292325,12.8650381939005,13.0689903852455,11.7293845773379,13.4312708338492,14.0236480411646,12.8508463762433,14.5530807407387,14.9734502261272,13.4884998002972,12.4540878701789,11.7565115375209,11.2492558167071,10.9223087767821
"Suriname",8.89802727270248,9.0360717421102,9.01887904052058,8.79386973003701,8.81457268185112,9.11957085853491,9.73082928854352,10.2362632731624,10.6837078753089,11.1873709004722,11.6960111860543,12.1875501903712,12.5720681960088,12.837126823632,13.2600434130672,13.8874589865769,15.3484279706021,15.8070259589167,16.30230277108,16.8294204072084,17.3961890541558,17.9396599502966,18.271490933603,18.7155207543815,19.3885093658473,19.9215139325062,20.2765956423778,20.6363240330563
"Swaziland",8.29877750218199,8.60866807563895,8.89179523745218,9.24731262735425,9.57879928901318,9.88984345731442,9.96881439548167,10.0466176723726,10.3368919733665,10.6328142017059,10.9429354111226,11.2204265624186,11.533791634072,11.855083636575,12.1757547370956,12.49494271128,12.8234928812196,13.1833105665316,13.5672403972689,13.9476536068374,15.0540432950496,15.1467089830157,14.827405770995,14.5863849456124,17.0064754924775,16.7157271988437,16.412130805741,16.1792613771675
"Sweden",13.5033244107823,13.7766204851385,14.0474719276302,14.281320380832,14.4686887844207,14.6291005658586,15.0538826451447,15.4685093234642,15.814106152828,15.9936036162674,15.9950686404449,15.7728840428899,15.6917222409061,15.7032819394984,15.7729991883743,15.8997397299674,16.0850154118366,16.2589409165233,16.4363591181784,16.6163346100119,16.8047978909414,17.0291516093965,17.2391573177939,17.420851908464,17.5587176549405,17.6611391011852,17.8170045787062,17.9830359062008
"Switzerland",9.8773793263376,10.4311175594215,10.8656736116251,11.2236411892021,11.47334721817,11.6458456591637,11.9507572668935,12.2412687782521,12.3862635711678,12.445033827118,12.5488747505911,12.7319305850817,12.9515610832265,13.2028214342969,13.4824071859789,13.8724871697768,14.2678956367927,14.6878866829379,15.1987403103845,15.7711740544872,16.3212703114556,16.8440935568007,17.3810096928575,17.9124359880449,18.44220275683,18.9688298190502,19.4947791494222,20.0134944512703
"Syria",7.80840903062504,8.41386639769324,8.97786442169236,9.55401947776162,10.1395345572488,10.7031981287138,11.1962214636844,11.6712634625902,12.1663103619972,12.6772340558461,13.1432610584326,13.5593020548377,13.9836531649507,14.4416551742386,14.8720322528623,15.3088163984323,15.7152150610306,16.1296058531209,20.4390574159667,21.1361655661957,21.1312581502681,20.9218328476652,20.3209203989162,23.674394561469,22.3200603219439,21.1770735022152,20.2738817376419,19.5143650188392
"Tajikistan",5.23610195980141,5.34354297050251,5.78400630628149,6.51336040235665,7.15170735248105,7.60872769374424,8.05775459576275,8.57860563603356,9.07494757663379,9.43161960557944,9.81144413577957,10.2597347273865,10.6881167452342,11.138222038434,11.6091955807409,14.4790562823413,13.3301890847249,12.4971328110958,12.0389013031748,11.8726964555698,15.6880131818664,15.4109364926931,15.2100670425243,14.9428502788185,14.6904511670076,14.532736236372,14.4403285252185,14.3753365784504
"Tanzania",8.55450432658419,8.63633943375743,8.79246052353378,8.9494058025737,9.11992061097962,9.3331014317969,9.5634452358777,9.74403465282846,9.88120445610182,10.0416977124704,10.3039989919975,12.8447857324023,16.9686339277046,16.7014948736673,16.6827640585479,16.511350923836,16.6193294971299,18.9115815856494,18.1840473378259,17.662415641133,17.4104276876458,17.285850343555,19.9087981448329,19.7378337899264,19.5992734105178,19.4890364635274,19.3782542320462,19.2830399788663
"Thailand",8.86321716910462,9.36452683422187,9.7237517461655,10.058520614938,10.5466479097905,11.0405999809977,11.5824567518738,12.1334967163102,12.7117671404672,13.2919203291416,13.8346902118399,14.3275598625363,14.8099578775075,15.3015346615511,15.8050534511621,16.3034837247185,16.8119067187067,17.3246326232524,17.8434931774261,18.3652061886451,18.8894870019124,19.3385635176493,19.7866596939236,20.2308443861135,20.6719903464189,21.1162424186766,21.5473092389837,21.9809984799308
"Timor-Leste",5.43254318214696,5.41956876678979,5.53946302652755,5.71086583472145,5.99473071996661,6.2941194046649,6.53215122623195,6.77484015117312,7.04189328945837,7.3455819220968,7.61654230099481,8.05798962116727,8.71022323788472,9.50097401564721,12.2713982386849,12.7335565431279,13.2465581588816,14.2848341024117,14.822606421991,15.3420376684445,16.6653447929097,16.8093546255679,20.0208176312616,19.8830988610509,19.6527731088293,19.4048946473075,19.3416750242858,19.3060704358951
"Togo",7.53597947493428,7.81903099847962,7.96040060896426,7.95961278200075,7.90178252318364,7.78474329202735,7.61552655852171,7.44961298336364,7.34386995412339,7.44254484447417,7.68398606363165,7.75106739787368,13.3837505658985,11.105735224383,10.2487325284662,15.2674587594424,13.4342857451801,12.2610628787305,11.1275103901432,16.1233268854572,13.687474835912,16.7988339488322,14.6666771332169,13.3012425634755,17.1127523419583,15.0859945707355,13.6527855137168,12.6547922435863
"Tonga",9.40256282699474,9.791706485626,10.1448874595441,10.4191061610949,10.59230226439,10.9291481527839,11.5543979598787,12.196851774671,11.5117278922283,10.1658046462475,9.3069986619214,8.66139728449447,8.13252213119278,7.82975418027624,7.84616566554229,7.97673811755403,8.19240022432441,8.44177389235129,8.72328745910936,9.0302405475124,9.35565437327545,9.74191031122341,10.1404851977194,10.5499923902832,10.9566250693738,11.3452486979762,11.7034217551819,12.0628146980458
"Trinidad and Tobago",8.50675533804608,9.1304107654994,9.83370845109996,10.48666590077,11.1568120753851,11.7943494992483,12.416636825225,13.0806605454867,13.7698695223793,14.4644469216453,15.1620765751357,15.7943108132136,16.4098327033609,17.0064974334121,17.6985025183076,18.4533282253822,19.0389282721751,19.6136565812869,20.2255501235375,20.8906402784145,21.578133129407,22.1799351708151,22.6956140369441,23.221280520439,23.8441342712241,24.4789589199513,25.0299996350882,25.5611985136113
"Tunisia",9.8671999110638,10.5450768864259,11.2179177378873,11.6469534027893,11.7869244559066,11.8538936759253,12.0177377082956,12.2352108655684,12.5362537343279,12.8103072756298,13.151855406387,13.4762020461139,14.5081928084973,15.2429318299745,15.4808325851223,15.8761845236441,16.1293498182459,16.4383576261506,16.7675678721172,17.1141704105512,17.4748233727751,17.7389660383826,18.022878693092,18.28967318886,18.5397773272256,18.7991505296903,19.0901771917818,19.3858319074058
"Turkey",9.10126229666978,9.24305443229261,9.34657125129005,9.36649324887017,9.32272803367068,9.05981029533522,8.67284683614352,8.51827448873766,8.46403655728182,8.40541519183901,8.43804731481504,8.66418689142142,8.6825212480612,8.30571910242602,7.50154440378166,7.73414408982097,11.5608567096328,11.3336149583934,11.2417698797106,11.2533259240032,11.3456933033221,11.4294868117485,11.5670398785358,11.7496544013891,11.9693334901419,12.2202488439476,12.4863964219974,12.7673258440692
"Turkmenistan",5.53127067561313,5.59021476321311,5.97475698777969,6.77660399433308,7.58742755213432,8.23515080760119,9.08249536441711,9.9025346447729,10.7003151269823,11.4694145997262,12.2132860155584,12.8711172315042,13.4098533422268,13.9314652407149,14.548309901467,15.1613945721168,15.8048069271952,16.4455204571791,9.25751796283252,9.61251186637295,9.99019336662187,10.3229809709453,10.6652385161767,11.0163234761195,11.3775969246889,11.7505154127692,12.1527968327476,12.557393237708
"Tuvalu",9.09116413246492,9.21526430940893,8.95179528792393,8.74200078048724,8.75694385622988,9.16869116010909,9.67452958329137,10.1602793016719,10.620689357139,11.0029197378365,10.9678758766476,11.1139009708356,11.6172033798086,12.1075357277329,12.5854312641777,12.3041152966513,7.34604164894216,7.58171791399745,8.03396658761008,8.38539094771587,8.58990940047085,8.93828588317135,9.47033344414932,9.97930440487143,10.4687801932674,10.9414745276314,11.4065361800185,11.8657000282578
"Uganda",6.3016201445268,6.45767085739255,6.65756079752259,6.78107825808358,6.84861968545902,6.77222020946062,6.45162831562919,6.07354352861966,5.73466630240097,5.48227550241725,5.27077127292661,7.28307709882473,6.69746985777029,4.07916342753357,5.35025253564428,3.54955806525223,5.79943203232671,5.85297659337759,4.29086827782635,3.92052834774563,6.14178742534172,4.87526769483065,4.64046199875327,7.30602220804176,6.25493963057776,5.81038606903052,5.63758908624322,5.63969137333971
"Ukraine",7.01601841232894,7.11316433261537,7.62057392825749,8.48963217349626,9.35730265030392,10.0999916903369,10.9283660337863,11.7263404137994,12.4700306196116,13.1715033359493,13.8265738466232,14.3239575514727,14.7322990671733,15.0226080956529,15.1842816929172,15.2253064009609,14.8837167814967,14.2677898056463,13.2024405923851,10.1059126977913,6.42271687751187,4.9981660093374,4.68609822392414,4.59392992167828,4.4877116283636,4.40992412556195,4.31951430415928,4.25167709065746
"United Arab Emirates",8.68298551791746,9.20517057808795,9.76282214687532,10.4011658229791,11.0566567951495,11.6687345421886,12.1561338653891,12.7380790476332,13.4113822884569,14.0716348504555,14.6993066999246,15.7018949520275,18.3949081081372,19.1141737641144,19.8246628973412,20.4551986781049,21.1883801914558,21.84298531141,22.4353918132592,23.0085713288492,23.58927084021,23.8732927802921,24.1504735832618,24.4235577798895,24.7026773095936,24.9826726623796,25.2288290893485,25.4407006543528
"United Kingdom",10.5931471681825,11.0516624121046,11.5885586251278,12.128780827287,12.6428516220644,13.1665504240826,13.7739735190038,14.3573933382686,14.85549157671,15.3119373533412,15.7880232320495,16.241248522628,16.6547715262325,17.0285603821168,17.3535582942637,17.6900165643545,17.9972505467857,18.3694936980615,18.7613014422531,19.1546703622993,19.5956981444147,20.1619957251183,20.7753060412591,21.4464864316176,22.1290846352975,22.7983616519531,23.4827458548702,24.1590281788066
"United States",12.9549459343436,12.9523565491043,12.8430689709208,12.765724964755,12.9070935405546,13.1640225701901,13.5522015624328,14.0025410225843,14.4689621465732,14.9474639965749,15.4006144548685,15.8213005541344,16.2438752144531,16.7023431168426,17.1909635926666,17.6504009966102,18.1214017918308,18.5941153388035,19.0644843259116,19.4908984007353,19.914577383624,20.4179439922482,20.9149368313224,21.3818874356452,21.8179729256867,22.2431072643943,22.6537650392838,23.0734552602983
"Uruguay",10.263881077105,10.8892974057172,11.2611312663712,11.2164090764808,10.9948844568462,10.7590395012205,10.808794414532,10.9916281840287,11.3719136129018,11.8347465181512,12.1416891846543,12.4234463026666,12.861469479738,13.3273462605461,14.2063518618332,14.6468262944722,15.0681366898443,15.4954168664618,15.9519711309596,16.2821057185639,16.7281461237142,17.1965795361676,17.6652595803349,18.1356678327282,18.6094756835599,19.0867767645039,19.5188690338753,19.9470305926152
"Uzbekistan",5.53737636098188,5.64947883580616,6.16757655663203,6.95106289187821,7.54124187186987,8.08649928897154,8.8714698899039,9.67658360035968,10.4659999639169,11.2334387647419,11.9695561022114,12.6642923542133,13.3525190451383,14.0348425778866,14.7104001860932,15.378324264935,15.936907520991,11.3036273353031,13.3176520258288,12.8226972268531,12.4814709241411,12.3207756832821,13.7575016190488,13.3970334907728,13.1591736380562,13.0174167312803,12.9928578548049,13.0341201442983
"Vanuatu",6.90628591014538,7.25521559505396,7.54555259484934,7.85133790556457,7.96210779718226,7.96087729708164,8.11195010888358,8.33407883476714,8.58353309714686,8.79032620133875,8.98113037292264,9.19059173061205,9.40268686000834,9.60331200675937,9.75783709987482,9.87138028539494,9.91045744715676,13.6668752415609,12.3622290690961,11.5475759580482,14.8543302761425,13.3541506436243,12.4344513724568,11.9552276093732,11.6690248251189,11.5155751163842,11.3431115214436,11.2575236797037
"Venezuela",7.395557817299,7.59460085602013,7.74019426142326,7.85875271341156,8.30654379509825,8.23522503357035,8.00400676096347,8.14132216804069,8.62164410888454,9.24614996180612,9.78208629251404,10.4231979886522,16.0669997206665,15.0443390691231,16.1973360907004,15.1183876508159,14.2881279699209,16.7084972909427,9.45339091990124,9.4145726678443,9.10451828975985,8.96274247861043,9.10383474407854,9.27778593218767,9.46585606116701,9.69600569639469,9.92609080130844,10.1822079230851
"Vietnam",7.9083608528651,8.61788272752692,9.325271222275,10.0615494350497,10.8288959772547,11.5990458804748,12.4427495327224,13.2716056441764,14.09029850882,14.893374371973,15.6935422891723,16.4591109804523,18.3791688423686,19.1839716331244,20.0327620828168,21.7408981228273,22.2252243929575,22.4409829845932,23.2318414943078,23.6605274992932,24.1565271269882,25.6455278034181,26.0831088826442,26.5179609989564,26.9487961882225,27.3746621956584,27.730219957546,28.0763195661577
"Yemen",6.06645609974639,6.37529157587383,6.46777360399387,6.55190795279355,6.51144845013671,6.45634774464825,6.66311299747909,6.87814917854488,7.25075019732667,7.78876787701316,8.28610968148765,8.67337273759413,10.1737526270501,10.0790532591485,10.1642403464533,10.343019674343,10.3626243777891,15.2126001083704,14.7047373678455,12.6965133057414,14.6067372110246,13.1988226780255,13.0056285438517,14.8149240334959,13.6833509859919,12.9208813706247,12.2518018785619,11.7745913927038
"Zambia",8.3402181710466,8.70181356546164,8.97433672991195,9.39052442465034,9.91994544027223,10.2121515604555,10.2462716999497,10.2432488290682,10.2161747497547,10.1076350397591,9.86775650562179,9.39655688904151,8.82979241809153,11.6440132172755,11.2876108845806,8.99359137764394,7.8547305023202,7.53665184491566,10.7506487061287,9.34617933223874,8.9089751451774,10.2417065164289,8.2757563057013,9.66684067639778,7.73000302976199,6.83316118390596,6.35660089054234,6.15550493525041
"Zimbabwe",9.55870631769618,9.82923428012598,10.0170560278516,10.1501901427222,10.2587799403958,10.2289291146197,10.2109998392344,10.0448115510298,9.63059189450593,9.19772985549503,8.88314314318574,8.59347156790451,8.37966689819389,9.56166682390255,11.054002075571,10.1314947549213,9.53148594963388,12.216051477638,11.1761024503075,10.6247902837128,13.32298483349,15.3812569865421,15.1227906822498,16.31141239002,15.9044454301027,15.5922376880155,15.3169722189889,15.1045023430862
