"","X1","X2","X3","X4","X5","X6","X7","X8","X9","X10","X11","X12","X13","X14","X15","X16","X17","X18","X19","X20","X21","X22","X23","X24","X25","X26","X27","X28","X29","X30","X31","X32","X33","X34"
"AFG",90999.1206286748,46857.9401848913,43791.3067502274,38244.5168847633,34463.8396045512,21409.9030349005,26485.7066024296,14637.4515348613,8688.43955647198,8983.27311018883,7707.62744340049,42803.146983285,55476.1287073346,56431.5381401186,57464.4892916185,49800.1328718263,44908.0808915541,11400.1385230983,13098.6156579061,18378.9351435119,22684.4547723668,12512.2211436144,11506.726330871,9177.84393343675,8349.52520999445,9571.62460096376,9195.34650950967,10720.1742002869,11778.8899851534,9989.48982847303,11942.4504810315,9606.31573142277,7298.20180392408,8789.74641894075
"AGO",13116.011614934,16334.4928303093,12267.4260874945,12451.6203836573,12597.4322335721,8807.84516026666,7746.51243996017,12112.1948205017,10942.3621779808,16077.5552848234,10209.7909087795,9395.50470570015,5952.91721768255,4198.43009825339,2224.284837482,1661.66159251473,6353.45086753091,2974.50745705502,1695.35975042472,2144.34050987744,6074.26926374231,7128.95053705247,2839.41654745553,1495.47438739037,1251.58673915407,1522.65166638815,2114.64507425575,1265.41882738438,2341.31394636833,1805.40593206691,1769.21232179703,3772.88144422198,4950.60807268712,6852.08189296146
"ALB",NA,NA,10.6226794463757,9.46032890321448,9.35219899666989,9.26064417899015,9.26954570702619,9.24695833715745,191.499022406959,65.2173164131915,9.76481342809722,9.57444813403962,9.93371379933956,11.6701138275966,11.469393705745,10.586218276679,11.937787907834,11.4500319453279,10.3266882507482,10.0153079400509,49.4615849416768,34.5672386705138,21.8375521668967,17.6176668070152,15.6039572976317,14.4372832591916,13.3893564930297,65.651807369885,9.88952812799413,10.8505453081639,66.2095077853295,9.54723669084969,10.3144590593161,11.5441632312922
"AND",NA,NA,NA,NA,NA,NA,NA,NA,NA,NA,NA,NA,NA,NA,NA,NA,NA,NA,NA,NA,NA,NA,NA,NA,NA,NA,NA,NA,NA,NA,NA,NA,NA,NA
"ARE",NA,NA,NA,NA,NA,NA,NA,NA,NA,NA,NA,NA,NA,NA,NA,NA,NA,NA,NA,NA,NA,NA,NA,NA,NA,NA,NA,NA,NA,NA,NA,NA,NA,NA
"ARG",NA,NA,NA,NA,NA,NA,NA,NA,NA,NA,NA,NA,NA,NA,NA,NA,NA,NA,NA,NA,NA,NA,NA,NA,NA,NA,NA,NA,NA,NA,NA,NA,NA,NA
"ARM",NA,NA,NA,NA,NA,NA,NA,NA,NA,NA,39.4893920776735,61.8408486930833,79.9213846014043,96.5288783026913,62.7103300743382,39.0038201095663,42.1878762876288,45.2313753747279,47.5499622328569,49.8564114931404,51.7159558270207,53.6611012806281,55.2275657385046,56.8569076827312,58.7710000737016,59.6675429832312,61.0722465372367,7.40925054795287,14.0744029267582,18.3735224312256,24.677568471502,30.7943406611031,36.5853823520198,43.2400595727714
"ATG",NA,NA,NA,NA,NA,NA,NA,NA,NA,NA,NA,NA,NA,NA,NA,NA,NA,NA,NA,NA,NA,NA,NA,NA,NA,NA,NA,NA,NA,NA,NA,NA,NA,NA
"AUS",NA,NA,NA,NA,NA,NA,NA,NA,NA,NA,NA,NA,NA,NA,NA,NA,NA,NA,NA,NA,NA,NA,NA,NA,NA,NA,NA,NA,NA,NA,NA,NA,NA,NA
"AUT",NA,NA,NA,NA,NA,NA,NA,NA,NA,NA,NA,NA,NA,NA,NA,NA,NA,NA,NA,NA,NA,NA,NA,NA,NA,NA,NA,NA,NA,NA,NA,NA,NA,NA
"AZE",NA,NA,NA,NA,NA,NA,NA,NA,NA,NA,201.995989598282,46.324380702554,66.8459427631551,223.661478400071,43.7674575687354,35.0365723120821,48.3003584145813,65.6264903209036,33.5958604575971,20.7195561724375,27.2528524635631,115.918632076449,52.8075278490465,29.9943734036242,38.7226284253803,20.145714635777,33.5434982868373,41.4448099894459,63.4468297604411,25.2106340206174,24.0529708248909,23.5384760371508,29.3970734893533,22.9240934647526
"BDI",11467.4001541833,7230.60969910907,8684.64101692947,5138.21101072244,6371.20678889031,6933.9964980184,4288.5969766476,5836.77388511338,5003.59802246624,2761.24594475794,1922.52776283367,3574.70781188658,3692.49875201493,1871.78786895906,2475.19360823747,2642.66703470188,1001.08574069011,825.218333669852,931.682783170818,3225.86735706531,6001.78380220026,630.862160414399,776.989823857171,495.412982359703,505.24846086948,602.908870339587,578.664500503406,504.841321196161,529.905783714108,596.960810243625,517.15703705456,493.31589146564,547.185149515504,665.357453507383
"BEL",NA,NA,NA,NA,NA,NA,NA,NA,NA,NA,NA,NA,NA,NA,NA,NA,NA,NA,NA,NA,NA,NA,NA,NA,NA,NA,NA,NA,NA,NA,NA,NA,NA,NA
"BEN",15786.8258977116,12878.5430748072,12836.8770140324,14592.6207455587,14473.2644531633,8441.61797337526,14849.8804355498,6612.73338048965,4554.64585859081,11009.1903149771,6584.31852419253,4265.76652943645,4461.62878124926,7886.5200234467,10128.5359648452,3007.13171492327,10321.8879912956,2598.00287828858,3188.26839278386,4616.3695457581,5963.03237178057,2389.43766175848,1538.53687180787,1681.39900149798,1247.15063276142,1403.80204281476,1356.09347968745,1836.18655081107,2826.95137558679,1552.21228590184,1527.03348949692,1430.92263240628,1604.58707241033,1972.63574606938
"BFA",17764.2659796993,20715.5362559683,21005.2550866816,29067.0827736411,17761.0073327608,12822.0384890766,28738.8062696112,9670.28024327093,9280.95515412334,11478.8211261033,8542.58219516511,19911.1505504266,12878.7369236768,5509.33498554238,7915.89438577591,18994.8141942007,5985.95644671303,23604.1821459875,8483.92961117393,10497.3285293436,6784.59725154003,4970.14606548486,6000.62727348311,3035.99615974068,3137.41892516,2823.18414400319,2733.88778657597,3196.63498233462,5201.70541333238,4508.26838822873,3413.29178838837,727.542062483395,2911.17342444122,3295.30553270469
"BGD",52418.2830685642,82489.3809501497,51830.5256397692,58589.687253651,58270.1890977491,67642.5239771474,65283.5475662878,57468.5415969666,37659.7413887578,23991.0550501008,47091.6952551122,35666.1336323125,28040.4502511121,39847.1317640014,27454.4640375391,26583.0336006964,42045.5627814919,31832.7671872467,28868.2558114405,26994.9163706391,24893.7856915901,22633.8905323042,23624.5171288492,39415.1850079015,30518.9542368776,29547.4837961401,9301.98662661998,17080.9538221939,13595.1600154145,13377.258023393,17032.8452552195,5831.75249205669,10731.2833243132,16272.3193883822
"BGR",203.361079247964,197.089278314749,191.490815933194,193.887951424529,192.430177221532,192.916290433969,192.884190679338,193.030011890485,191.93493501717,191.317727702322,191.749180036812,173.470492265533,168.899970057163,194.252959710255,187.615962058472,190.284935934353,187.35027346118,188.423349224955,187.355298989769,188.721292598424,186.533486978686,187.791553544953,185.817638080122,186.184295258257,184.901979746251,184.753197226123,185.129704967559,184.147413143969,184.696539813416,173.990423395034,158.602976156063,185.349105442531,182.883446730996,181.828303343445
"BHR",NA,NA,NA,NA,NA,NA,NA,NA,NA,NA,NA,NA,NA,NA,NA,NA,NA,NA,NA,NA,NA,NA,NA,NA,NA,NA,NA,NA,NA,NA,NA,NA,NA,NA
"BHS",NA,NA,NA,NA,NA,NA,NA,NA,NA,NA,NA,NA,NA,NA,NA,NA,NA,NA,NA,NA,NA,NA,NA,NA,NA,NA,NA,NA,NA,NA,NA,NA,NA,NA
"BIH",NA,NA,NA,NA,NA,NA,NA,NA,NA,NA,138.566159822539,230.613815133186,312.648609666765,382.497432803768,437.007020704897,466.048146764121,508.491008722506,407.729558193579,396.986166978931,392.336770375508,392.075811123128,395.316835028032,329.307978457202,332.458177988763,338.747467697117,346.010370005805,350.928218703935,357.975226306224,363.462065981187,371.619701935656,375.817693577654,383.458004516183,388.199801673385,416.604649263184
"BLR",NA,NA,NA,NA,NA,NA,NA,NA,NA,NA,NA,NA,NA,NA,NA,NA,NA,NA,NA,NA,NA,NA,NA,NA,NA,NA,NA,NA,NA,NA,NA,NA,NA,NA
"BLZ",NA,NA,NA,NA,NA,NA,NA,NA,NA,NA,NA,NA,NA,NA,NA,NA,NA,NA,NA,NA,NA,NA,NA,NA,NA,NA,NA,NA,NA,NA,NA,NA,NA,NA
"BOL",NA,NA,NA,NA,NA,NA,NA,NA,NA,NA,NA,NA,NA,NA,NA,NA,NA,NA,NA,NA,NA,NA,NA,NA,NA,NA,NA,NA,NA,NA,NA,NA,NA,NA
"BRA",NA,NA,NA,NA,NA,NA,NA,NA,NA,NA,NA,NA,NA,NA,NA,NA,NA,NA,NA,NA,NA,NA,NA,NA,NA,NA,NA,NA,NA,NA,NA,NA,NA,NA
"BRB",NA,NA,NA,NA,NA,NA,NA,NA,NA,NA,NA,NA,NA,NA,NA,NA,NA,NA,NA,NA,NA,NA,NA,NA,NA,NA,NA,NA,NA,NA,NA,NA,NA,NA
"BRN",NA,NA,NA,NA,NA,NA,NA,NA,NA,NA,NA,NA,NA,NA,NA,NA,NA,NA,NA,NA,NA,NA,NA,NA,NA,NA,NA,NA,NA,NA,NA,NA,NA,NA
"BTN",139.602659835251,231.685573883786,170.712913059453,166.738901093824,106.347366500416,121.799781940031,89.5178937220755,57.1784062584363,75.3793883590169,27.1724943519452,52.3976592931867,22.0909211735332,60.2180751788908,77.6841415525865,25.934005010109,10.0616853987892,25.2968329197658,18.8696455263351,147.160947067428,49.495714753261,84.8492455032737,18.300862028166,11.7231060192201,10.7141903346793,10.5943096560015,9.08962883396444,22.5716213203342,24.3432142756526,15.2412025340886,15.5634766681995,11.4775804629887,10.4873228329614,11.2024099926476,28.7705674012605
"BWA",653.036809026232,923.629045303107,1752.45649263389,974.384267405775,1073.48623053909,958.750766845117,826.628600631961,816.444753965655,1162.5343728159,958.844634580149,838.111944902647,802.077766924172,1308.65995702611,1125.54166201639,869.790598921488,847.026962678481,1255.85321909581,465.202139945972,384.357439942805,678.105348148825,687.804431512613,691.629506171108,700.508663550342,696.239045882093,696.735878805784,335.479569678589,491.685125598635,601.781164117145,686.80104215474,333.618663655734,486.517778841407,601.120355026374,675.313024039944,288.636545107532
"CAF",9174.4010204437,6123.78447913744,4531.6182951919,13767.0127800221,5906.50040170533,4869.562591556,5457.38547205712,5065.77471315884,2683.20661536939,4288.66092001042,8605.8804272109,5826.02919470654,4029.90911558364,7552.80574991703,3515.63731758414,2582.42810135475,2457.94786511248,2391.28758261982,3033.89038345305,7537.01343355817,6490.11392224684,3699.41807198313,3159.22375698883,3987.9002493493,2882.73402826762,2063.6165184614,2344.93715644319,2232.59119547393,1662.36400978057,2311.47055804766,3279.62543900626,2207.92735243601,3048.8726783482,2268.70349231647
"CAN",NA,NA,NA,NA,NA,NA,NA,NA,NA,NA,NA,NA,NA,NA,NA,NA,NA,NA,NA,NA,NA,NA,NA,NA,NA,NA,NA,NA,NA,NA,NA,NA,NA,NA
"CHE",NA,NA,NA,NA,NA,NA,NA,NA,NA,NA,NA,NA,NA,NA,NA,NA,NA,NA,NA,NA,NA,NA,NA,NA,NA,NA,NA,NA,NA,NA,NA,NA,NA,NA
"CHL",NA,NA,NA,NA,NA,NA,NA,NA,NA,NA,NA,NA,NA,NA,NA,NA,NA,NA,NA,NA,NA,NA,NA,NA,NA,NA,NA,NA,NA,NA,NA,NA,NA,NA
"CHN",29748.6267386251,26507.6884116546,23480.1871145158,18651.0601859497,24101.2578179807,13649.6635987526,8770.54717009016,7437.06528615983,6745.18780660321,6597.48708966476,8333.60883468273,9320.35847834717,8530.15811573169,6827.40085446193,5550.15277615014,5805.28260551495,6276.15580529694,5270.23993139747,5422.46059168404,5801.77706526325,6326.83992143323,4999.38137578791,5379.67707620361,5366.36909195677,4511.83723034685,3810.02076931986,4062.58308160326,4719.82798542517,4223.3679991355,2980.78049512209,2431.9302432443,2179.28676553349,2861.39530356993,7352.58405107995
"CIV",15390.5067724258,13530.3264881139,7987.92895491266,6675.67628667246,8717.39547877928,21978.8549191033,28421.7171642378,14627.7684851069,15872.247728291,15267.162073451,9570.49145938043,13219.7142139137,7955.55809130948,17021.4343720997,29233.8147082225,17361.6916355169,9562.9792451977,9575.53591634962,5371.07913909822,5489.07095109238,5508.43204140836,5558.78963760454,4917.55586809286,4094.74346051373,2293.99376282782,2123.98978018288,2305.70397577062,2075.47611150827,2290.78458416158,2417.58341219432,2410.5391518602,2187.32207093417,2128.25652779407,2682.646994228
"CMR",NA,17533.7637439137,24112.7389665233,15351.0911349222,19121.8867130636,12954.6857229741,7667.24984515652,9869.7091747624,10255.0229189994,9056.21734317316,6846.32776620943,11581.0702199571,6090.38016725581,3012.75260101164,2635.33200716476,5728.53592956096,4417.77454884543,5315.82847353685,5440.84703773384,6710.71913230749,10184.7980148331,2211.66063725215,2033.64274326938,1622.25257930896,1717.63816575714,1374.11488140365,1334.84754137507,1525.35276416664,1361.29236121689,1407.54482204181,1454.52018654467,1464.32134337421,1506.94927754908,2357.00694901858
"COD",5790.87606933696,11154.9700022395,16456.8541755225,21717.2008696739,26746.5472524116,31631.3593264487,36114.9102572468,40164.060801291,44048.1503043275,47099.4268150803,50818.622609221,53267.1446688003,55011.2164629149,57182.0508311853,59296.1608290207,62184.7713487206,64332.5569083975,67392.3865156972,69919.0337536705,70033.8684888015,70564.2450835793,72486.37492384,47349.7125265874,50817.7844995271,23381.6385193515,13770.181422825,9860.72082287418,7116.45934207872,7374.34163073845,7673.45088528359,12021.0746829429,11537.1260085614,11406.9752702868,2658.70276278537
"COG",5265.29567172631,7503.32794804872,8379.85239265269,9021.15773566396,4820.93305094831,4289.64214093591,2235.57668820555,1885.24718193295,1894.21391131238,2922.3623942258,3010.50527629403,3011.2734819948,2000.17361174513,1818.21569213967,2818.46566449549,3375.0964907131,2539.62836460423,2170.74000017452,2159.29681261882,2551.46300640396,2729.96293652558,2935.48371356106,3224.99328690831,3169.83509802402,1285.60109233637,1963.35146771845,2099.54835978701,900.126124255633,1549.13677896098,1795.90346137221,1120.64364295912,1390.35430745053,1763.6208715766,858.413340315855
"COK",8.19629009324374,13.9569316422464,14.2804022127412,18.2363523889648,19.3479750007727,20.3381200212495,18.2545367335509,18.8712422429671,22.0915008056197,18.3994719893347,16.6744772696352,16.1271017289175,15.9043489268892,16.0503786379435,16.3138276404916,16.8267891987686,17.7462272760923,18.0499051913371,4.81795464424224,8.85114205988647,12.5239959671882,15.850867685779,18.8959871549532,20.8988598634785,22.9481570152174,25.1493051858527,5.17353308469325,8.75593630481111,12.2229623452117,15.423098796653,18.3092114295126,21.2069677624509,23.8050171310322,26.4315256838725
"COL",NA,NA,NA,NA,NA,NA,NA,NA,NA,NA,NA,NA,NA,NA,NA,NA,NA,NA,NA,NA,NA,NA,NA,NA,NA,NA,NA,NA,NA,NA,NA,NA,NA,NA
"COM",NA,NA,NA,NA,NA,NA,NA,NA,NA,NA,NA,NA,NA,NA,NA,NA,NA,NA,NA,NA,NA,NA,NA,NA,NA,NA,NA,NA,NA,NA,NA,NA,NA,NA
"CPV",98.3359075301845,499.005240382043,544.090924369749,67.6107360415973,102.298339471243,344.21463390334,197.932533908443,43.5797492836232,30.0853031615966,29.5688011938586,31.660493731249,29.3431870116185,27.7456331723113,35.8406826011493,31.1688526426894,27.5045887156762,332.367957122999,116.657606317855,35.0859543102544,29.4113581543258,27.5425858638599,26.0609940915637,25.8651098206367,25.7178020586024,25.9458880600015,33.4394924336276,27.786623469973,26.9719365365043,26.8581246824261,35.5699932555328,42.5303815579806,48.4285197205226,51.7998377554918,65.2368827621824
"CRI",NA,NA,NA,NA,NA,NA,NA,NA,NA,NA,NA,NA,NA,NA,NA,NA,NA,NA,NA,NA,NA,NA,NA,NA,NA,NA,NA,NA,NA,NA,NA,NA,NA,NA
"CUB",NA,NA,NA,NA,NA,NA,NA,NA,NA,NA,NA,NA,NA,NA,NA,NA,NA,NA,NA,NA,NA,NA,NA,NA,NA,NA,NA,NA,NA,NA,NA,NA,NA,NA
"CYP",NA,NA,NA,NA,NA,NA,NA,NA,NA,NA,NA,NA,NA,NA,NA,NA,NA,NA,NA,NA,NA,NA,NA,NA,NA,NA,NA,NA,NA,NA,NA,NA,NA,NA
"CZE",NA,NA,NA,NA,NA,NA,NA,NA,NA,NA,NA,NA,NA,NA,NA,NA,NA,NA,NA,NA,NA,NA,NA,NA,NA,NA,NA,NA,NA,NA,NA,NA,NA,NA
"DEU",NA,NA,NA,NA,NA,NA,NA,NA,NA,NA,NA,NA,NA,NA,NA,NA,NA,NA,NA,NA,NA,NA,NA,NA,NA,NA,NA,NA,NA,NA,NA,NA,NA,NA
"DJI",NA,501.487700703969,1023.14844217221,2041.9002922788,522.293548857969,1070.89355155957,466.062804458389,974.514188455875,939.381833179125,514.570564187685,363.714689537565,466.01710174916,383.706189296096,947.507724170644,423.499971159528,860.843512744741,1104.73979451193,611.372704169038,753.841118083151,591.737732104991,489.46110175992,460.535034739807,438.634673564724,444.587876347472,876.684260959332,381.001510534337,396.982363104417,500.855118489538,369.027377819797,397.806611440301,431.127565612091,1091.10966490573,361.531789384011,369.601139756197
"DMA",NA,NA,NA,NA,NA,NA,NA,NA,NA,NA,NA,NA,NA,NA,NA,NA,NA,NA,NA,NA,NA,NA,NA,NA,NA,NA,NA,NA,NA,NA,NA,NA,NA,NA
"DNK",NA,NA,NA,NA,NA,NA,NA,NA,NA,NA,NA,NA,NA,NA,NA,NA,NA,NA,NA,NA,NA,NA,NA,NA,NA,NA,NA,NA,NA,NA,NA,NA,NA,NA
"DOM",NA,NA,NA,NA,NA,NA,NA,NA,NA,NA,NA,NA,NA,NA,NA,NA,NA,NA,NA,NA,NA,NA,NA,NA,NA,NA,NA,NA,NA,NA,NA,NA,NA,NA
"DZA",23408.8374466829,34307.6822157728,33352.9514574677,33505.5916422835,28770.5960430896,22149.0433197138,19690.568282208,18506.5557746287,15650.262349598,14926.2311016547,15524.2545911415,16323.2028382265,15083.900385476,13554.5026631185,13940.7252353254,16862.4404335956,9711.46057386308,10781.6472456078,11033.8736068283,11972.4757031296,13213.8629585606,13570.2909333158,13681.1408279969,3454.69504016504,6343.99209419563,8774.21366612299,10897.6088485321,11264.3455602639,12713.7730930699,13634.3757138618,14318.6555325174,14175.4112023409,14357.1306859668,6182.93939395844
"ECU",NA,NA,NA,NA,NA,NA,NA,NA,NA,NA,NA,NA,NA,NA,NA,NA,NA,NA,NA,NA,NA,NA,NA,NA,NA,NA,NA,NA,NA,NA,NA,NA,NA,NA
"EGY",2703.94557793994,7185.14968769912,2097.73074545399,6195.87240273436,7133.6594178075,2114.65647249559,2277.29502332749,4204.93356972367,4552.43042720374,1517.32381640607,1709.18267528633,4723.86890867616,2940.3461989304,1727.9050453043,2036.16264149809,4668.02253855023,4640.32811143342,5005.75014022825,1786.15152325617,3005.69806539506,2361.04611707959,1051.80039487224,672.824487418586,572.587707351161,600.792598823498,2028.74572044903,2012.57542368871,1056.9025307843,987.048756368452,649.193282348407,677.038921667173,972.778903960922,895.161518353949,3949.16228596447
"ERI",NA,NA,NA,NA,NA,NA,NA,NA,NA,NA,NA,NA,NA,4005.39708598047,1800.27531156119,3594.26669127411,5288.46494708336,2089.58958058343,2025.89065864519,5016.90454576199,1496.38877683538,3226.81152632539,2301.46814533615,574.798843136584,509.671523115266,1229.19671447081,695.699707836041,422.708429334761,880.01581009076,707.783429773638,646.144079695118,1585.60526090977,630.569704557207,1031.95139202348
"ESP",NA,NA,NA,NA,NA,NA,NA,NA,NA,NA,NA,NA,NA,NA,NA,NA,NA,NA,NA,NA,NA,NA,NA,NA,NA,NA,NA,NA,NA,NA,NA,NA,NA,NA
"EST",NA,NA,NA,NA,NA,NA,NA,NA,NA,NA,NA,NA,NA,NA,NA,NA,NA,NA,NA,NA,NA,NA,NA,NA,NA,NA,NA,NA,NA,NA,NA,NA,NA,NA
"ETH",90563.4467829932,156658.349203527,167343.517994799,185957.957767526,99871.0597233033,160018.244923193,163736.859011473,173457.366516949,162204.084814605,147084.222684823,142219.518747024,156023.046738716,146333.669946016,135936.468146339,134135.710164777,132791.616581896,131421.593927218,134342.301700453,149697.919876019,144454.009269547,69148.7864026485,107778.087201737,111696.602992001,99031.4736362526,84379.9555552597,103347.5020146,43168.919512263,76064.9185742943,97313.5173729189,101894.580497657,40693.516902334,45555.7319565441,71324.5670125247,30170.8846853206
"FIN",NA,NA,NA,NA,NA,NA,NA,NA,NA,NA,NA,NA,NA,NA,NA,NA,NA,NA,NA,NA,NA,NA,NA,NA,NA,NA,NA,NA,NA,NA,NA,NA,NA,NA
"FJI",108.092524725752,98.0883853385687,40.8769780415383,90.3102452602103,25.1372746349284,45.7945080050855,119.717734907916,70.0977047053248,14.8635326568806,10.691211414138,67.7160864346862,108.574141188663,47.6243294062247,10.9722136262034,47.4151855828735,11.0554066493173,86.3774831156935,39.2346657071911,76.3100825920973,87.4802956612381,10.8831126021061,34.2230103295911,33.9221532898784,10.520887305964,55.4205878321749,18.3806668536589,6.00944483367419,6.54499112801547,7.08441532693395,7.66094254166644,40.3623185571016,6.27786575854574,6.52107406783234,30.7368402715221
"FRA",NA,NA,NA,NA,NA,NA,NA,NA,NA,NA,NA,NA,NA,NA,NA,NA,NA,NA,NA,NA,NA,NA,NA,NA,NA,NA,NA,NA,NA,NA,NA,NA,NA,NA
"FSM",NA,NA,NA,NA,NA,NA,NA,19.5053579848196,26.088697246567,26.5264970890708,28.9614824680596,30.2075539214186,30.3202451643185,33.4603397178246,29.2976308576084,28.3722266624038,28.1566652966831,28.0666187503528,29.362133145864,28.8219773926367,28.6414332909308,28.4955921900002,28.3918749631109,28.0682049232895,27.8430853169325,28.3930462540567,28.6009926792303,29.3085268495675,29.6946122274522,30.4923815039935,20.9386168395018,24.518756878477,27.3293846167061,16.9721328716624
"GAB",1131.90366320615,1032.94551110942,1898.39966758903,2821.69248770958,2083.5823400663,2636.32964743146,1212.28100538682,751.857369865011,863.083146704379,622.081902304106,1012.57776889131,759.225901112012,665.690108242194,1055.72116007446,1302.38987449225,468.090202563186,987.067444695932,1307.97247205854,1549.33629089735,529.044136261568,407.37537939331,558.843833491733,990.774285283969,542.39556543252,257.942667953932,474.904098167494,513.961810152427,286.52987497982,459.663944888747,435.017864575766,431.560026530894,425.321457339,260.78289768882,130.722021963877
"GBR",NA,NA,NA,NA,NA,NA,NA,NA,NA,NA,NA,NA,NA,NA,NA,NA,NA,NA,NA,NA,NA,NA,NA,NA,NA,NA,NA,NA,NA,NA,NA,NA,NA,NA
"GEO",NA,NA,NA,NA,NA,NA,NA,NA,NA,NA,NA,54.4600747903438,105.145996888923,157.562647528114,208.720290118837,258.431650580854,172.258395683178,199.028602488452,226.522218666965,253.253654433877,283.087925971758,308.702496058574,336.455351664907,359.221534433982,389.227124225827,35.6114515328094,36.3728175258241,53.0827190059501,23.8929958231631,40.7341939121151,56.987057266153,73.715225785898,87.6700790863571,20.0077704484862
"GHA",27279.240979102,50874.6722660414,33477.7985002164,33791.5250271297,43331.9693557876,23875.080939184,25712.0424219133,31434.5923463909,24538.8717424235,28097.5873616516,23182.825964178,25855.6249976714,25128.0502769239,25052.9286470896,26528.2563526039,24935.1362215759,25490.1810155438,21450.1944930527,18615.0749685192,19503.6562245658,17549.4381859785,15788.9049204688,3629.7757978984,8332.89846898682,11537.4091170819,12500.3285081064,7011.1470066078,9919.36518346802,11027.9921365048,11403.9451329602,6331.38391518819,8946.67180854866,10250.4728721937,2411.27490081541
"GIN",21152.384199374,22942.2529158241,13484.2125912159,7848.45190598664,6033.27691414884,5527.26118393163,12216.7875041133,6695.29836405223,7455.68349421247,10377.2287768729,10710.8946519225,4816.46272453146,9158.15960810239,5429.34627038846,3811.56169092156,19491.4302011982,15139.8493791751,13841.0126041217,27107.2269584714,16511.2696482648,11696.9573254034,5779.62434463342,5381.61792363991,3007.10664197495,2448.00875400091,2337.82491374099,2759.54700876459,2395.6822888243,2644.7331753513,2731.42382236356,2306.02077189939,2353.54957401295,2674.70923032117,3974.44200096393
"GMB",519.023613547745,2280.31964397995,1446.55922055489,1975.12239338144,1831.90187169537,1123.53546050934,1793.53686055063,1839.4798316178,1793.21942963044,1757.67279599268,431.556253565285,589.297730642987,1114.0662071576,527.165937309875,385.394948652655,290.891439633698,573.257644288682,1171.53167499405,1009.51128925669,567.173790441038,377.189016194723,308.790503579103,363.911910213542,194.688107356703,326.063374581067,303.082346052429,284.570452246491,242.548378292909,293.164642900654,285.972945858916,277.289794139592,220.580640433117,289.054051977127,372.901180049137
"GNB",3747.68922804352,2801.28180125588,5613.93437702935,1122.3123377313,2536.44521908711,4079.41835330295,875.537120474352,2271.14194188195,777.553094926291,790.439005278399,4966.8765677657,1722.52901437793,3206.68113266571,1126.58274165074,1102.29860146132,632.569950125564,1261.98485603903,3390.5126742831,1217.65684430204,3201.67691805692,663.787170606977,842.308158097844,2094.43371944682,1391.45157104199,592.363995055437,509.2180871067,781.08789350674,600.739056946976,504.171322964071,678.544290502792,507.66735983341,500.344552118859,588.963124219197,796.732143845797
"GNQ",NA,NA,NA,NA,629.817772382178,686.231994856212,2978.05841395087,915.354849863934,642.616920821866,537.821567346378,552.005763132298,609.982911027629,499.98607676274,514.083387543476,480.353766928545,476.736584713338,479.659610233485,777.968434511059,1028.71684323785,1128.46893130506,632.34606840055,540.220930805552,530.147156421633,531.479930166997,1001.7237419398,486.621358065437,530.401381833418,585.807163546512,537.399533664318,374.722538169466,536.360512337854,671.75802804073,489.918382441464,413.886860396169
"GRC",NA,NA,NA,NA,NA,NA,NA,NA,NA,NA,NA,NA,NA,NA,NA,NA,NA,NA,NA,NA,NA,NA,NA,NA,NA,NA,NA,NA,NA,NA,NA,NA,NA,NA
"GRD",NA,NA,NA,NA,NA,NA,NA,NA,NA,NA,NA,NA,NA,NA,NA,NA,NA,NA,NA,NA,NA,NA,NA,NA,NA,NA,NA,NA,NA,NA,NA,NA,NA,NA
"GTM",NA,NA,NA,NA,NA,NA,NA,NA,NA,NA,NA,NA,NA,NA,NA,NA,NA,NA,NA,NA,NA,NA,NA,NA,NA,NA,NA,NA,NA,NA,NA,NA,NA,NA
"GUY",NA,NA,NA,NA,NA,NA,NA,NA,NA,NA,NA,NA,NA,NA,NA,NA,NA,NA,NA,NA,NA,NA,NA,NA,NA,NA,NA,NA,NA,NA,NA,NA,NA,NA
"HND",NA,NA,NA,NA,NA,NA,NA,NA,NA,NA,NA,NA,NA,NA,NA,NA,NA,NA,NA,NA,NA,NA,NA,NA,NA,NA,NA,NA,NA,NA,NA,NA,NA,NA
"HRV",NA,NA,NA,NA,NA,NA,NA,NA,NA,NA,NA,NA,NA,NA,NA,NA,NA,NA,NA,NA,NA,NA,NA,NA,NA,NA,NA,NA,NA,NA,NA,NA,NA,NA
"HTI",NA,NA,NA,NA,NA,NA,NA,NA,NA,NA,NA,NA,NA,NA,NA,NA,NA,NA,NA,NA,NA,NA,NA,NA,NA,NA,NA,NA,NA,NA,NA,NA,NA,NA
"HUN",NA,NA,NA,NA,NA,NA,NA,NA,NA,NA,NA,NA,NA,NA,NA,NA,NA,NA,NA,NA,NA,NA,NA,NA,NA,NA,NA,NA,NA,NA,NA,NA,NA,NA
"IDN",NA,NA,NA,NA,NA,NA,NA,NA,NA,18038.007817603,21034.0344855804,64613.7631747392,48918.5684100247,34725.2674380601,25110.2667161918,23334.6309830941,35083.0384657304,36644.1704265708,51799.996733048,34086.9199214209,30385.6554075859,22753.0372934122,22932.0057765078,28084.7218681245,37195.6272043515,38808.9430097736,15137.9347866591,14635.4741840221,14865.1006954042,22048.3192109675,15648.8196801812,22148.9252608458,12129.0105102518,17449.9915776073
"IND",431700.167928024,318204.107802573,286209.589842314,407664.399368245,348041.400667716,335106.828574507,547737.572087105,347079.052185997,357304.833216576,203143.83543438,182004.287376645,168476.087881736,128556.031455957,124540.800378354,100715.343118565,97139.5985350979,120714.339802545,84871.6961380578,64961.4329429959,102536.465088127,127502.24290823,110594.226272189,119121.605974052,126102.350778989,86680.2411109976,123195.678027684,91648.932131045,92525.3816192401,110412.94876728,74546.4151985175,67571.4850179789,48359.2939845932,38696.3729263436,11280.4900429936
"IRL",NA,NA,NA,NA,NA,NA,NA,NA,NA,NA,NA,NA,NA,NA,NA,NA,NA,NA,NA,NA,NA,NA,NA,NA,NA,NA,NA,NA,NA,NA,NA,NA,NA,NA
"IRN",1161.47011537907,1447.32534133429,1466.11532287426,1286.99032865842,979.875248354777,863.386952387628,901.047976911195,723.197751841553,518.630067927336,475.763866278386,466.308795432492,441.250278259747,379.681771516843,341.10384149516,325.683309909658,334.224372578806,352.5551430938,349.830778449605,356.104622804087,426.523151495489,432.55899143473,428.309876538316,444.876814525978,84.2107083129624,158.999607940039,226.194665991942,286.460828884002,323.571221241155,369.041491842048,404.496367532287,428.88411022156,444.84779446375,448.811968245622,122.666577057433
"IRQ",8711.52896944375,4622.88419604455,5370.66884190781,5376.70009136465,3423.11636016025,2041.87010420308,1704.73674783232,1571.02922493147,1805.84631463554,977.472884016883,1804.87170669337,2735.86977145553,2283.79009297428,1708.45033045562,1391.83361586252,634.109956462779,696.141371213481,787.566052834688,1600.14813780361,812.85070755517,913.566817234244,1765.3350271151,1252.06661760535,1573.5163492019,595.708048279049,590.845271476603,560.468149097853,934.993575401565,517.901655388968,502.217489714834,519.197245740879,637.821340661584,556.146922560454,361.853447206265
"ISL",NA,NA,NA,NA,NA,NA,NA,NA,NA,NA,NA,NA,NA,NA,NA,NA,NA,NA,NA,NA,NA,NA,NA,NA,NA,NA,NA,NA,NA,NA,NA,NA,NA,NA
"ISR",NA,NA,NA,NA,NA,NA,NA,NA,NA,NA,NA,NA,NA,NA,NA,NA,NA,NA,NA,NA,NA,NA,NA,NA,NA,NA,NA,NA,NA,NA,NA,NA,NA,NA
"ITA",NA,NA,NA,NA,NA,NA,NA,NA,NA,NA,NA,NA,NA,NA,NA,NA,NA,NA,NA,NA,NA,NA,NA,NA,NA,NA,NA,NA,NA,NA,NA,NA,NA,NA
"JAM",NA,NA,NA,NA,NA,NA,NA,NA,NA,NA,NA,NA,NA,NA,NA,NA,NA,NA,NA,NA,NA,NA,NA,NA,NA,NA,NA,NA,NA,NA,NA,NA,NA,NA
"JOR",81.9714735897814,159.703935107497,224.378509162523,327.771812316439,383.781853130357,355.596292541122,441.799932226898,316.810498515693,395.145799493161,404.231788329578,353.747089534014,375.1635907596,473.4912615561,432.564609849747,396.486576587335,378.215693746924,282.38530503848,28.890268845429,53.0128310637491,48.9845380431105,70.1637169993366,90.493146262602,110.055087682408,127.296820374608,143.314320448115,156.769635010351,168.124625271605,178.279035241552,186.364029995321,193.563662579018,200.346599352861,206.099381431813,195.007753776476,11.8294695334466
"JPN",NA,NA,NA,NA,NA,NA,NA,NA,NA,NA,NA,NA,NA,NA,NA,NA,NA,NA,NA,NA,NA,NA,NA,NA,NA,NA,NA,NA,NA,NA,NA,NA,NA,NA
"KAZ",NA,NA,NA,NA,NA,NA,NA,NA,NA,NA,NA,NA,NA,NA,NA,NA,NA,NA,NA,NA,NA,NA,NA,NA,NA,NA,NA,NA,NA,NA,NA,NA,NA,NA
"KEN",35113.6206430725,30099.7991911384,31923.5249345734,22649.4795212315,13429.9352629191,5503.64146250796,6849.80628614791,7717.99053738827,9236.13922714458,8270.72100445268,6758.75094514109,7226.38940081832,2441.55868377153,1941.15680939332,1786.56833335193,1790.18000367255,1774.82241233333,2283.61397341588,2233.02952506893,3308.91134508998,2600.85180883104,1815.65313550558,1745.44143409739,1559.43160302263,1509.43702354615,1672.69599787687,1673.14139827844,1621.767250744,1613.57980477609,1575.47441902749,1648.09575162012,1443.91172029061,1552.29318289638,2018.70849244347
"KGZ",NA,NA,NA,NA,NA,NA,NA,NA,NA,NA,NA,NA,NA,NA,NA,NA,NA,NA,NA,NA,NA,NA,NA,NA,NA,NA,NA,NA,NA,NA,NA,NA,NA,NA
"KHM",17792.2934620947,24581.4054502794,11765.3102108355,18397.301386626,20438.0064714343,12915.0547908667,10584.0562683323,9445.19027341962,10277.7487646228,8881.56645633783,8576.19699316177,8661.58421201285,8284.33292419774,8016.51098887125,8092.3444570392,8284.75378671313,8548.83080093298,8132.28647308495,10507.4500193419,10444.1946083031,8678.13602628256,4985.75133655872,5204.05333085137,4179.46252173772,6106.33507318156,6728.43903628738,6841.17504507869,4670.61244255659,6645.89721821295,6695.72610184163,6393.34238304557,4012.55986733091,5259.16864425707,2036.90259918067
"KIR",2.53017860405431,2.03473386324037,1.77519800171677,18.1786483799615,25.3956375185305,1.85158184557228,2.14171603801872,4.17950664334492,22.3710563009829,1.5083151613716,1.47633555590417,25.9729344091399,2.18849513651708,3.93472987621078,1.64473962969403,1.36573934957252,1.23591274433154,4.89211461766943,2.55907364910033,0.884017633730259,0.924460232702774,0.898656295196877,10.9003573438,1.36390375491349,0.990403906675285,12.4807227005523,0.994768062673637,0.890982024413123,0.884317545004092,1.16458052691009,1.14639510191767,0.954848973292438,0.885822296818586,1.17264517614691
"KNA",NA,NA,NA,NA,NA,NA,NA,NA,NA,NA,NA,NA,NA,NA,NA,NA,NA,NA,NA,NA,NA,NA,NA,NA,NA,NA,NA,NA,NA,NA,NA,NA,NA,NA
"KOR",NA,NA,NA,NA,NA,NA,NA,NA,NA,NA,NA,NA,NA,NA,NA,NA,NA,NA,NA,NA,NA,NA,NA,NA,NA,NA,NA,NA,NA,NA,NA,NA,NA,NA
"KWT",19.1422118219691,12.2568120136897,28.7448552416037,12.8541617170654,40.0153233471601,9.43078163006239,8.86777506967677,4.73423042233202,4.67724443556456,4.61607638172458,5.81985883342359,10.0599210303912,7.67369883926997,10.6917054842496,4.64994250808063,5.50529593988488,6.10468169272646,7.56667590596994,5.15561410029518,6.57254784969063,9.99776278550415,12.8597673197301,15.1240254170964,8.05940759390591,6.14230978514885,9.0268595159642,11.2658186247052,12.9818312706033,14.2458848928546,6.46159277335583,6.08665446775881,5.5797491713914,5.97885265776773,5.48889116428208
"LAO",NA,NA,2266.73276384425,4302.15210269472,6366.88712945469,6694.61331338351,8638.90896260717,8453.76269149094,9218.01948635719,8413.80923411348,7124.02816884255,5679.19907038265,5861.34396445027,5677.23159867024,8443.99654800482,6286.91484854335,4768.63480248011,8825.446267716,7485.79129819359,5143.78117838282,4068.89026766389,3793.46400137871,5578.97242234733,6198.08868640555,4991.39442334708,4356.87383786575,5759.66953916249,804.451687701484,1646.12497178263,2457.26100528439,3104.12456316775,525.03003880233,1085.45548993881,1632.19497138964
"LBN",NA,NA,NA,NA,NA,NA,NA,NA,NA,NA,NA,NA,NA,795.770293317204,1322.96037663598,1742.078209672,1848.90133173244,2099.78002572925,2289.34314512863,2745.8792360223,722.623951068054,1228.98937874476,1634.3760734506,1986.82236241151,2679.72152631373,2951.09089165622,2700.40843892584,2823.24448341693,2933.08200325483,3015.95374187489,3063.69991822775,3102.01353354278,3224.22271098805,492.201817893774
"LBR",15030.2909303041,11558.796636699,7982.36065636499,10251.2780754966,4738.3959092252,2342.45240302466,4005.24453767423,4542.53719784339,3571.25863391077,10776.1466090904,11496.0710129259,4748.42645175423,5231.08468633671,2050.76881651082,1311.45589537847,3687.57023330653,5131.73075318597,3110.75582642111,3305.41987487039,5227.07655385733,2913.75392400843,1367.82375894323,1040.89034959866,1072.85718008329,2090.92866869537,989.112475058381,892.940452543654,1494.98108424535,866.207389204794,5039.67239184564,1432.05396148383,921.130589930905,763.412745963267,1000.38062460506
"LBY",NA,NA,NA,NA,NA,NA,NA,NA,NA,NA,NA,NA,NA,NA,NA,NA,NA,NA,NA,NA,NA,NA,NA,NA,NA,NA,NA,NA,NA,NA,NA,NA,NA,NA
"LCA",NA,NA,NA,NA,NA,NA,NA,NA,NA,NA,NA,NA,NA,NA,NA,NA,NA,NA,NA,NA,NA,NA,NA,NA,NA,NA,NA,NA,NA,NA,NA,NA,NA,NA
"LKA",NA,NA,NA,NA,NA,NA,NA,NA,NA,NA,NA,NA,NA,NA,NA,NA,NA,NA,NA,NA,NA,NA,NA,NA,NA,NA,NA,NA,NA,NA,NA,NA,NA,NA
"LSO",1232.92179374153,1135.62613529656,924.338485949623,986.014961892011,1191.99861470977,689.810686074209,485.112902828624,403.520589083413,354.75979349045,427.048949256177,447.401110137607,396.943566570431,255.57197441532,261.148768922206,236.661199839657,377.149253409379,215.206982268583,355.574455353538,310.709735611323,216.356013035768,78.2710364541638,183.681023109134,219.49457881104,147.922346434174,248.045395359013,226.710138862201,211.254220092297,135.064620616335,191.00475750158,250.29463709905,219.812940962131,212.291101433929,234.75185907706,139.915824456515
"LTU",NA,NA,NA,NA,NA,NA,NA,NA,NA,NA,NA,NA,NA,NA,NA,NA,NA,NA,NA,NA,NA,NA,NA,NA,NA,NA,NA,NA,NA,NA,NA,NA,NA,NA
"LUX",NA,NA,NA,NA,NA,NA,NA,NA,NA,NA,NA,NA,NA,NA,NA,NA,NA,NA,NA,NA,NA,NA,NA,NA,NA,NA,NA,NA,NA,NA,NA,NA,NA,NA
"LVA",NA,NA,NA,NA,NA,NA,NA,NA,NA,NA,NA,NA,NA,NA,NA,NA,NA,NA,NA,NA,NA,NA,NA,NA,NA,NA,NA,NA,NA,NA,NA,NA,NA,NA
"MAR",1287.59647719043,609.888285139935,932.776936933904,227.806491590056,135.770442591309,213.995807067239,337.419021356926,110.223189779281,68.3310506679563,63.7076370888849,66.4690773418863,99.5668453973164,120.687094696602,81.1936019288321,69.1333434344022,59.0190096729713,61.7295321194385,110.281825553848,128.330787972093,99.2642451093508,64.7344223672351,90.1268945526744,141.339524640757,91.4447687509008,212.639128315001,51.0445133041361,65.9025565255641,57.7424178556348,71.2845300077819,70.3931862530747,70.8424125422152,61.0235036460102,54.9976035598239,58.0859920923038
"MCO",NA,NA,NA,NA,NA,NA,NA,NA,NA,NA,NA,NA,NA,NA,NA,NA,NA,NA,NA,NA,NA,NA,NA,NA,NA,NA,NA,NA,NA,NA,NA,NA,NA,NA
"MDA",NA,NA,NA,NA,NA,NA,NA,NA,NA,NA,10.3167989367416,7.04168159133132,13.8413618852239,9.42728269517544,17.8836862195852,4.49216023220443,4.00571201162274,3.59877294770926,1.90343465386927,3.72496119071925,2.6127387952721,4.08049582998202,1.028992219711,1.08432251766103,1.1921183309137,1.45888272366682,1.25970186265491,1.21980242729441,1.31077090404538,1.42693505218369,1.54636981467607,1.72939918919945,1.84368599735349,1.47077580685633
"MDG",49316.0856177859,22858.2502784524,27789.9989635085,18348.3371134955,19235.274178023,8286.66487950906,5708.18870896564,6845.02587656761,9879.5647346735,6388.21330824222,4461.35961081017,3538.95927182714,4349.21589273153,6290.58861198946,5657.67772281669,4541.91907566216,6124.66733401285,6513.05495702193,11303.7486676509,11025.283039626,5655.53469857063,5491.32270383873,20645.1583378776,9474.54330597438,4429.66102037891,3102.17932631852,2744.81952238547,3434.49239310762,2653.12506564769,2603.2788805053,3145.06121661446,2624.02924840324,2600.00053074428,3600.82152948833
"MDV",NA,5.57021488547406,5.79515342707954,5.78514432106423,5.83401255880386,5.60869691620316,5.83325177552708,5.4979821871445,5.47017045081221,4.75175386143658,4.77500933369227,4.64165330530914,6.15667078609577,20.5902831053419,10.943068320925,6.63814653191072,10.8411066994959,6.08313842769615,13.3035014293042,5.20634461727952,4.67841817335554,26.663240278097,9.31696211467404,5.62468352799133,3.72461844424094,10.6498617547178,5.37583619657889,5.24451770497895,5.61031147515916,5.28254814335366,5.42173656171177,5.51524388553853,5.52860992671375,5.82325052740922
"MEX",NA,NA,NA,NA,NA,NA,NA,NA,NA,NA,NA,NA,NA,NA,NA,NA,NA,NA,NA,NA,NA,NA,NA,NA,NA,NA,NA,NA,NA,NA,NA,NA,NA,NA
"MHL",8175.49378910956,11925.6171033209,14703.0075972103,16850.6693016471,18724.6718486543,20410.9637480872,21853.7394907721,23126.2735875203,24235.4259315516,25235.9466960119,26222.7706857617,27043.7163405236,24310.8904013291,24956.1168248112,25358.7722016281,29626.6629751365,30291.5734719417,30691.1620335612,27212.1904581726,27593.478345487,28090.5185234847,27515.812762822,28456.0724947698,28701.755767405,29042.1026820004,29297.96349311,28842.6394336124,29195.2860102399,29138.1766239338,29192.1489756034,29851.3761385362,30086.4497170529,30187.6057824999,30154.4955050483
"MKD",NA,NA,NA,NA,NA,NA,NA,NA,NA,NA,NA,70.4848811861026,43.756548038468,71.4925007813457,72.8781385186698,146.123975250694,53.768710775072,68.9549121662599,36.7262284373414,37.52774471199,40.0779437278325,41.7948114106353,44.2270827622763,45.683683674517,47.8345415857013,50.2003107446032,52.8430465298819,58.2698428270853,54.3141694329508,67.418055252684,109.9117537865,30.7934600410772,33.8580701649795,45.7100484418582
"MLI",25099.3765648704,40182.7100945379,21980.933051322,13957.2337995058,14602.3191300898,14263.0570153961,13643.186638092,13935.8295375566,12270.8095959554,8234.00123148324,40359.7693776175,20190.7874274894,26820.0161597814,12191.9774722094,11705.2459969404,30340.6825076144,12426.7532806004,27122.2664095965,10865.1570016525,8660.44164089799,14230.3048258343,6663.45719008341,7300.1085983816,6155.80526356779,6329.6819240557,5763.22446987189,4952.09058949706,5349.73972150144,11211.6867440504,7543.07991857958,5355.07009676987,5395.10682839706,5284.10799787467,6125.03880947138
"MLT",NA,NA,NA,NA,NA,NA,NA,NA,NA,NA,NA,NA,NA,NA,NA,NA,NA,NA,NA,NA,NA,NA,NA,NA,NA,NA,NA,NA,NA,NA,NA,NA,NA,NA
"MMR",58120.1027012528,54329.8518929491,40699.6088717553,35885.7591898698,35463.5400876868,29068.6103356844,40686.5680985331,31992.3061382608,28896.2695971397,64774.7200972475,33380.5619255322,14728.5294053987,17945.7823516795,12711.8347039935,8669.85685402958,11580.5164521264,7821.34945139259,10222.7463159834,6288.46774096573,6334.93449288823,17104.7964450414,6923.42052762896,6286.87090242264,10122.4793652729,4053.32976700491,5942.79060810367,7851.40354018723,3270.24261189119,3202.5305583724,2385.88411444,25847.8637955295,14307.5320488815,7623.4862632272,3999.55445470493
"MNE",NA,NA,NA,NA,NA,NA,NA,NA,NA,NA,NA,NA,NA,NA,NA,NA,NA,NA,NA,NA,NA,NA,NA,NA,NA,NA,NA,NA,NA,NA,NA,NA,NA,NA
"MNG",312.770702909326,256.951474181615,571.4092163205,374.416635297965,336.068385634164,263.835103650357,266.747400871882,840.659163909642,600.086504666815,269.796266662702,172.785825695591,217.019265403239,68.8353629189327,70.7335650983772,158.471475913707,125.663784297135,103.593813691652,65.3002336677229,69.0708625229429,126.461698693277,54.7187943995063,120.338256923829,66.5207234413658,60.9016866090864,61.3905378482817,64.7589760265083,66.7492130631927,61.7155346044778,70.083479248548,74.273207994579,76.9649877710038,79.3606686829364,27.5440497972139,50.3716931530956
"MOZ",18952.0697015463,12783.4341193324,12641.0641840434,13420.9865854963,17497.8925153726,16869.9287119206,13572.2152523623,13012.2544790356,25104.9898597398,18818.5842287953,7133.86591139406,4818.73093371136,6983.84984990596,10858.5677683609,5842.42340769377,8895.5954110148,14115.7759786723,14059.0722334818,5459.52869102446,7223.44238830789,7020.59888956225,7061.79654275721,7886.20978420249,8852.07081278494,11584.2313023444,1703.92791335379,1503.28303734126,1425.32816192948,1451.83679815308,3479.12102397195,1831.83405315414,1474.24694745931,1336.31719158399,1871.78247717673
"MRT",5944.22663060563,3457.62076576872,8331.95740381291,5302.46248973338,7358.59314895826,2990.80749198763,1796.97606201418,1043.0457957628,3109.04090198273,1460.46616667181,2663.20413009658,2758.38241665942,3089.5776968209,1890.42427320307,963.530419819147,1956.11390175345,981.072172914012,1124.08789470089,2803.6926477839,2926.54629954051,1333.67222144867,1120.84895824843,2100.08090080391,2415.78314365225,710.013537988138,789.898019795106,687.134454612105,668.877903193665,771.350105903079,1104.77763442326,775.051191545013,697.228250273641,723.728347402885,811.911869918996
"MUS",0.342373755458192,0.709708113255491,1.03191399245787,1.38859158498149,1.66092298403551,1.92378490066532,1.91731972827431,2.14024555268673,2.27354743333098,2.46604015734609,2.49570836220997,2.56096478624036,2.62546046724739,2.69303004234675,2.6193063211362,2.89740280407342,2.97684131662478,2.98385169840564,3.09829498665228,3.0933913256343,3.05965251049557,3.10332105939839,2.88997512507725,2.62920970837578,2.52683209604518,2.35609466865593,2.24596560806656,2.13014915701932,2.01076488562998,1.91403597921295,1.83302313607105,1.75018295612929,1.62677547398133,1.56732098021659
"MWI",4731.39266445692,7788.84808918146,10419.4234272389,9015.23822158421,10011.9657648734,9490.80917258551,9236.68711261978,8247.58479439338,7002.40543117876,7037.05098288806,5236.97087998907,5139.13123828285,4502.54832025183,4362.0776589943,4257.50212501682,4248.56815971627,4314.11225627707,4176.04604736347,1073.09437719376,2383.68002744289,3435.44499251232,4109.30697477188,4276.30234933068,4288.51957670862,4247.71601596427,1709.82254437622,2795.79531422996,3430.41580170513,1465.44652301808,3255.78448075023,3498.89003939447,3688.37853336573,3795.61928537378,1503.27647876377
"MYS",NA,NA,NA,NA,NA,NA,NA,NA,NA,NA,NA,NA,NA,NA,NA,NA,NA,NA,NA,NA,NA,NA,NA,NA,NA,NA,NA,NA,NA,NA,NA,NA,NA,NA
"NAM",NA,NA,NA,NA,NA,NA,NA,458.153877247647,844.799836983743,1195.40812442277,1385.48822440034,1757.63232020303,1762.2062174987,1693.32819450706,1479.34135057497,1660.91151116891,1803.78584604491,186.229866454977,192.630923827213,367.813237956607,264.149453308264,442.723493478008,615.663359037212,275.514895272032,443.451308521359,614.150149660576,770.129435133128,903.066796242046,1117.58521580081,696.573931351829,825.706413675333,930.251993612939,149.046978203755,261.090769568474
"NER",18535.4944595685,15894.6730991983,12674.3628735017,17005.7631820189,25208.0297261215,9243.38564811323,7835.74671049261,8615.25904759809,10518.2227518804,9694.78962135478,38887.4238841292,13405.0133286665,14644.3582910009,18575.2894269542,25472.079152766,25016.4458757469,13612.0992441025,7622.47288594568,14879.2085081708,10226.1489633595,23752.9251270423,13427.3237675493,20402.8101362689,22913.330190043,4747.42455226462,3671.90931471752,3724.21011809618,4028.57236912173,4052.8719004709,3303.62818602641,3432.76017231379,3232.61726125531,2471.72819218203,3890.74486699355
"NGA",145648.648064379,140442.21262774,137733.893128457,185250.097966575,161926.175605636,118152.969670779,83526.845512771,81732.4407448378,207587.68892277,118748.998133101,55773.2597138415,92488.2174268047,64122.566042153,111997.075770961,123440.882854086,93201.0254086645,156005.479140876,145569.759576866,220756.96750345,209270.194486249,166145.635394927,64116.5525014803,146737.720720374,55574.0631549045,115658.959886574,66852.1791666736,64291.2718257152,103073.481559893,44415.8058058434,94254.0582593135,140310.459388469,56219.8491221996,62626.7574597325,39482.5694851732
"NIC",NA,NA,NA,NA,NA,NA,NA,NA,NA,NA,NA,NA,NA,NA,NA,NA,NA,NA,NA,NA,NA,NA,NA,NA,NA,NA,NA,NA,NA,NA,NA,NA,NA,NA
"NIU",0.16995394390763,0.330633193415756,0.500588636120681,0.688551857518869,0.879362996662233,1.21975395719574,1.42109050234618,1.42088935261177,1.58438062381229,1.68747694334005,1.85260265649973,1.97100790906653,2.11271831229612,2.26277170004456,2.42349469892481,2.61957325004622,2.75320536655366,0.223937255228797,0.443759740289931,0.65228003921896,0.873638431311878,1.1098879160155,1.34108858971035,1.6058613826471,1.83684374913257,2.10023840927571,2.39546194373882,2.67427432899396,2.97882123278635,3.31027599840661,3.58809872737546,3.7935408362778,4.04671250586823,4.2526739979302
"NLD",NA,NA,NA,NA,NA,NA,NA,NA,NA,NA,NA,NA,NA,NA,NA,NA,NA,NA,NA,NA,NA,NA,NA,NA,NA,NA,NA,NA,NA,NA,NA,NA,NA,NA
"NOR",NA,NA,NA,NA,NA,NA,NA,NA,NA,NA,NA,NA,NA,NA,NA,NA,NA,NA,NA,NA,NA,NA,NA,NA,NA,NA,NA,NA,NA,NA,NA,NA,NA,NA
"NPL",1592.83362409772,3461.33254273797,5309.29905982687,7374.69650573592,6759.66962713614,5574.8190335831,5397.54809585906,5333.65468853446,5314.1382939075,5321.12428413373,5268.04581267794,5292.55700768551,5238.27130043526,6200.99249626114,9746.07880436103,12948.1926197808,18003.9447079244,9861.29645736227,11997.7269759852,11926.3591219389,12796.7231152804,10304.4094526689,14062.5876998221,14034.6119133777,5610.30376812762,3473.05324961112,4170.94344295734,4837.10499749363,2325.18168674919,2957.81494235417,4120.64526499692,5650.36602692278,847.56291059504,1456.83860388175
"NRU",3.26270703227733,6.00175397294824,8.40796173666328,10.2948726432818,11.7973832782703,12.8079105323625,13.5073284992792,13.9753748309573,14.1039756852096,14.8026324692728,14.3810980436157,14.0229522370844,13.8461377618129,13.6148352953902,13.4360796324695,13.3138786111011,12.6832478470158,2.14288038073633,4.26674279666784,6.46607914392837,7.05570309188213,8.55822631322969,11.2547765426796,12.3526388588783,11.4330013182013,12.1487135175305,12.6734076525102,12.7970322129947,13.321790912441,13.6210973489527,13.9744352912223,14.3797576643294,14.7440058444032,15.0845298387319
"NZL",NA,NA,NA,NA,NA,NA,NA,NA,NA,NA,NA,NA,NA,NA,NA,NA,NA,NA,NA,NA,NA,NA,NA,NA,NA,NA,NA,NA,NA,NA,NA,NA,NA,NA
"OMN",NA,NA,NA,NA,NA,NA,NA,NA,NA,NA,NA,NA,NA,NA,NA,NA,NA,NA,NA,NA,NA,NA,NA,NA,NA,NA,NA,NA,NA,NA,NA,NA,NA,NA
"PAK",38592.7135944835,75650.2748050541,76809.0295253213,64017.5874033888,31623.69292157,49125.7867321767,51858.9972804516,63215.4844825406,21803.7297189943,25999.6469134292,14172.588254262,18534.62323964,15762.4419270796,14079.8012659932,14823.5616467553,13114.6061893285,15098.8493103551,16572.717576497,18438.3511586477,15951.8342482179,21271.7296651388,21380.7644261425,23948.0041583774,18697.3782492423,15525.2446655823,29192.1953137072,15808.2291894914,10369.651509037,9277.48429227251,23880.4871285465,19913.5170146768,9753.45761625976,32889.5724897925,10878.8310641061
"PAN",NA,NA,NA,NA,NA,NA,NA,NA,NA,NA,NA,NA,NA,NA,NA,NA,NA,NA,NA,NA,NA,NA,NA,NA,NA,NA,NA,NA,NA,NA,NA,NA,NA,NA
"PER",NA,NA,NA,NA,NA,NA,NA,NA,NA,NA,NA,NA,NA,NA,NA,NA,NA,NA,NA,NA,NA,NA,NA,NA,NA,NA,NA,NA,NA,NA,NA,NA,NA,NA
"PHL",10684.9880667216,19447.6652794646,25701.5521373534,33048.5682773644,33418.0821410315,32740.4071528381,35350.8938716156,34426.4525557197,28942.5702694416,25826.6393917964,22752.0256030305,22682.0213993166,19560.9118121725,17848.1400719141,17051.565825632,19554.3881281453,18135.3844270061,16679.4288675466,2971.79376084436,6162.89147593062,9187.10016756943,11919.9373637645,14218.2143263365,14970.2323894278,7227.36000533541,9442.15057463007,11173.5730213961,6846.50593445092,8855.18508280474,10844.9248740119,12576.8302118612,7250.03076175388,9213.02025973829,12303.9665046356
"PLW",2.83842757470551,2.93109360784359,2.97351678639892,2.98004395023979,2.98237906958403,2.85593952639045,2.9940413757511,3.11390221602647,2.84754866167596,2.67966372826412,2.67023928544583,2.68382154661195,10.3433617025016,2.46516675113471,2.49746256625675,2.58550386709316,2.58102157997336,2.60475516441376,2.47913731242799,2.54737838842012,3.78229396253725,2.57953652297259,3.48919917157429,2.660051607186,2.69509756464799,2.79474323729688,2.84842468499277,2.83152823643194,2.62118156221138,2.44606096028289,2.43966050208443,2.51432704864757,2.7844165302566,2.88970926667591
"PNG",5565.14126472087,7845.73104829294,8066.70172805721,7796.86850874128,6997.52810329894,5335.86215218048,7044.24965098761,6744.87005388121,7032.92698162688,5831.6389200158,5209.28244617374,5381.28621364827,5513.76239815886,6378.80152916232,5828.32636947977,5610.20846412031,5136.47357931428,2266.26458617399,3663.33684084596,4714.29538826715,5020.7441722154,4547.63043749449,4544.25210678268,4050.13094088209,2426.05317140089,1399.33485886175,2360.80845716809,3047.66084366448,3433.14245954965,2440.21156867392,3212.41489470446,3640.49586537472,1667.10348270324,2229.4800923353
"POL",NA,NA,NA,NA,NA,NA,NA,NA,NA,NA,NA,NA,NA,NA,NA,NA,NA,NA,NA,NA,NA,NA,NA,NA,NA,NA,NA,NA,NA,NA,NA,NA,NA,NA
"PRK",77.4801936199455,155.34096241307,232.738311971065,308.873422389561,382.301789269181,452.594206868859,521.977326824493,584.252948619401,635.236622625448,683.214374962581,727.961691256223,769.507758422749,808.600297730847,849.560745461052,892.679244128141,938.30502384514,985.814589612766,1027.27879700415,1062.76081431193,512.863228880474,561.749329777667,607.401651325377,651.584791947901,694.067496742337,734.944221457671,774.555179133336,812.427346713133,55.5192287740822,106.329938563271,156.151407046891,205.138583288695,253.357003371896,300.850475598063,349.295186569521
"PRT",NA,NA,NA,NA,NA,NA,NA,NA,NA,NA,NA,NA,NA,NA,NA,NA,NA,NA,NA,NA,NA,NA,NA,NA,NA,NA,NA,NA,NA,NA,NA,NA,NA,NA
"PRY",NA,NA,NA,NA,NA,NA,NA,NA,NA,NA,NA,NA,NA,NA,NA,NA,NA,NA,NA,NA,NA,NA,NA,NA,NA,NA,NA,NA,NA,NA,NA,NA,NA,NA
"QAT",13.0633139545525,5.36060112614137,7.90994116029144,8.30568151211007,13.0643635496636,7.25328895322099,3.85015578782911,3.58060832485496,9.31375055769823,3.25961402806427,4.96411787673755,1.76231144960059,1.65466622283418,1.31186435545548,0.982448975458248,1.30156755477928,5.6343276838653,1.71568360183357,4.28470092085512,1.22856596915151,1.51663127676267,1.82873573331816,1.39341243236499,1.38958109225627,1.73006898984232,2.07776705043908,3.36931922365435,2.88259943151653,1.62855845647944,2.7379391989673,1.62518164377075,1.84477499277762,1.41789675636221,2.24582946338573
"ROU",419.790897553831,850.109358246827,189.267677698628,206.440377522223,233.819085822842,449.816985063857,240.568636495271,133.884975865517,174.464664355921,183.052258217386,130.184856282443,158.635205986089,323.472464093017,161.798764821088,133.245954597716,125.256482633915,289.67923496784,179.841621191546,97.4350648630107,154.280868786176,181.707416729271,185.64612726338,180.464399336148,173.014646035542,205.876951565741,155.996769331442,126.056755385968,124.8573445055,128.49318672811,132.991520902617,162.842694433694,178.785757571588,128.516501911768,122.827243885086
"RUS",NA,NA,NA,NA,NA,NA,NA,NA,NA,NA,NA,NA,NA,NA,NA,NA,NA,NA,NA,NA,NA,NA,NA,NA,NA,NA,NA,NA,NA,NA,NA,NA,NA,NA
"RWA",24483.5032131462,10241.7942254141,6338.6509025062,5717.44456313748,5611.48394830819,13191.5886423578,4710.23697687449,2471.9981142458,2638.69143230072,3423.51394549815,2705.66566238881,5531.71237754911,3460.93933628135,2844.10417016534,8709.50286819937,2525.55188741392,1809.45138456616,7283.07960749963,2411.06264685246,2012.26580938202,1809.14903712179,2122.51775743565,1813.27189523824,2382.87976026037,2152.44123502409,1952.98930315347,2100.02421245976,1817.78962531626,1688.55893858236,2011.48219074088,1798.90235816833,1714.6510223008,1672.73835432103,1805.11783666171
"SAU",328.232578305845,303.81918863735,413.892198191527,279.285386852436,180.282525639394,183.847947954851,230.790688597594,93.6865071246514,53.8670357707447,60.03873149673,66.5840962692101,96.6580734063897,42.1861494025856,27.573572438944,35.5740294896348,34.0280543724511,45.4588684693101,55.0249829696417,39.260621648109,65.2069933009164,19.9406652950695,21.6497996158422,28.9513252368616,33.2203987319185,21.1864483913001,26.4979948422072,61.8400799705642,16.9175531878639,23.1745029357063,27.1305019174379,27.159472982681,11.0302335815953,23.7155800803669,31.6495025579297
"SDN",101331.426541393,71315.3521932685,105096.588354531,102275.572529307,76174.9827002247,134562.910367468,102668.021378276,102096.991455258,107608.758477927,107713.621966878,126020.962958221,114105.579074955,94314.0414758193,90432.0597535902,88990.3268040104,89192.2486416025,87246.5799015657,88110.7792386746,90921.2212737384,89811.4548099581,90878.0782648189,91174.1315263675,89487.6821830098,27762.886532018,34748.5696713135,42392.7218129007,41941.0527247768,46671.7507951801,48669.8435564222,60474.343150815,27848.8548125752,29127.5981473625,41012.3235152265,18827.9227884056
"SEN",35647.9601613329,44039.1364140841,40878.9544020919,39108.566969841,37908.9304120852,26136.5291771912,23335.1578944915,22071.2829769458,27112.4048288476,20960.3062713442,27392.0901934103,29713.9620494407,29690.113007712,25228.6539829987,27228.9072558905,21530.3504001992,20781.688712436,20706.7624065198,19593.8893864568,20694.1375773165,33991.1533590918,32267.3170599263,24077.2685373393,6647.65277740339,14351.5357595571,15949.4623079102,8098.8296986358,13507.5723790876,16306.7697662552,16703.1642261682,15104.155782645,15773.5431566477,15875.1765555615,4085.35288407768
"SGP",NA,NA,NA,NA,NA,NA,NA,NA,NA,NA,NA,NA,NA,NA,NA,NA,NA,NA,NA,NA,NA,NA,NA,NA,NA,NA,NA,NA,NA,NA,NA,NA,NA,NA
"SLB",NA,NA,NA,NA,NA,NA,NA,NA,NA,NA,NA,NA,NA,5540.29212065351,9008.36467914346,11418.2531527326,13474.5206604952,6003.97072533067,5312.47652151172,8613.27200042869,11338.2961974251,13407.6365535443,15155.0600893619,16823.1134684332,17968.4490339712,19156.6408125049,11105.248437172,13036.7403158913,14778.9732826548,9484.45461907977,11568.6811326242,13362.3988078068,5680.53838935774,8413.88918005449
"SLE",18503.3284240207,18480.124128039,19345.0718006613,17965.5303659564,15178.4244100737,4403.0145802598,6490.44155780098,3998.40700444138,5152.75815235331,5890.27458006656,4192.3465116866,6182.7255047616,11549.8506603649,4142.5685597727,4270.7809522242,14180.4612907461,4485.07669403618,14706.9447246752,15057.2130764778,7508.60986000432,5335.86860230911,4950.68341130022,5052.74745810137,3446.30322592956,3544.673496134,2898.0854034187,2915.07866861666,3098.34050400057,2852.69255231752,6220.9475287798,9806.54672419589,4651.9627950878,2697.42163541771,3494.69188930795
"SLV",NA,NA,NA,NA,NA,NA,NA,NA,NA,NA,NA,NA,NA,NA,NA,NA,NA,NA,NA,NA,NA,NA,NA,NA,NA,NA,NA,NA,NA,NA,NA,NA,NA,NA
"SMR",NA,NA,NA,NA,NA,NA,NA,NA,NA,NA,NA,NA,NA,NA,NA,NA,NA,NA,NA,NA,NA,NA,NA,NA,NA,NA,NA,NA,NA,NA,NA,NA,NA,NA
"SOM",NA,NA,NA,4334.11712502861,3302.98015374672,3227.13823111709,3486.4017663651,3626.50111495232,4948.45937900577,15569.1641767941,20541.4533885357,22476.1600965269,23223.351425367,23403.3384890993,23704.0447243406,6793.25582590837,19060.0727420904,8917.33699036713,14101.7057757905,10737.4041126175,9971.16439497492,23969.729021914,19114.5960779021,27816.7897900184,29474.5407548103,4709.29005132211,5661.63607926207,5946.68096541907,3187.89215125479,3470.97387617127,3732.50515646513,1214.45657624814,11317.9653539073,4389.83190413382
"SRB",NA,NA,NA,NA,NA,NA,NA,NA,NA,NA,NA,NA,NA,NA,NA,NA,NA,NA,NA,NA,NA,NA,NA,NA,NA,NA,NA,NA,NA,NA,NA,NA,NA,NA
"STP",346.055603471523,75.9671016018047,401.723773668131,206.054637771456,132.341147624485,143.86209350456,64.4360363522639,265.455340653154,390.181638919167,64.4107335890233,54.4552252999508,55.0430515628606,180.242438749499,464.424150451687,81.5233396949418,55.0014451934528,54.374961504399,205.859426525038,275.113154755499,90.9860385804995,82.3761170526243,70.5757998427782,66.8837064105334,66.5694873160354,64.9908025452274,60.7447937957121,59.8020817391115,73.7330334747613,104.418391798524,80.4712674062116,69.0523117185556,64.9706194817133,72.4932808577915,95.2641157633659
"SUR",NA,NA,NA,NA,NA,NA,NA,NA,NA,NA,NA,NA,NA,NA,NA,NA,NA,NA,NA,NA,NA,NA,NA,NA,NA,NA,NA,NA,NA,NA,NA,NA,NA,NA
"SVK",NA,NA,NA,NA,NA,NA,NA,NA,NA,NA,NA,NA,NA,NA,NA,NA,NA,NA,NA,NA,NA,NA,NA,NA,NA,NA,NA,NA,NA,NA,NA,NA,NA,NA
"SVN",NA,NA,NA,NA,NA,NA,NA,NA,NA,NA,NA,NA,NA,NA,NA,NA,NA,NA,NA,NA,NA,NA,NA,NA,NA,NA,NA,NA,NA,NA,NA,NA,NA,NA
"SWE",NA,NA,NA,NA,NA,NA,NA,NA,NA,NA,NA,NA,NA,NA,NA,NA,NA,NA,NA,NA,NA,NA,NA,NA,NA,NA,NA,NA,NA,NA,NA,NA,NA,NA
"SWZ",NA,212.776645166711,80.0234638911958,111.968399803574,79.8122497705909,58.987196103512,101.516190879685,39.3043629000023,36.2942773045133,36.2892903534546,36.6022817406462,46.3142859970501,47.4688620769871,23.5702882360611,13.2060744999249,63.2419206942624,21.1817729014129,13.2662722905782,13.8779490473014,13.3123338666852,24.603535315271,16.8386848091863,22.7882194333532,10.6149614400434,11.7534629642688,12.7667487117283,13.7442835018474,15.6584596556776,16.3515002184632,20.6875532805108,11.9704374836762,12.5180873175553,12.8267184369589,13.6020873227355
"SYC",NA,NA,NA,NA,NA,NA,NA,NA,NA,NA,NA,NA,NA,NA,NA,NA,NA,NA,NA,NA,NA,NA,NA,NA,NA,NA,NA,NA,NA,NA,NA,NA,NA,NA
"SYR",31.057197102963,59.5364405110991,89.5073126176934,121.020722746583,147.29349809581,138.639479680858,161.232211354254,175.867728416374,186.841985247313,194.45608982931,168.444807767204,172.167503280143,167.661672308078,172.350378209584,177.221879474392,186.702261311107,180.098754879004,138.990654414418,9.48213501106206,16.95998743849,23.9753964548905,34.3636939856687,41.6068434714756,48.082361831264,54.1669099987194,59.2933213978816,63.9250908186655,19.1494873379062,24.7538765533577,30.1590778102152,35.5925391660793,41.5460964389623,22.0166294186136,6.32169064343521
"TCD",NA,2098.60871056489,4286.23099584371,6785.33596176946,9414.03846844774,10731.2290567605,11422.2414984888,11702.5053782018,13095.251719672,13491.4411236702,19512.7306544767,21038.433669662,22063.5961805245,17901.819833465,20696.3285287228,22918.903271293,18710.9607108012,17759.9577736222,15080.6557279733,12815.2737138834,17252.1813253737,14645.656365785,15535.5658361615,14662.9229957998,11541.0570749134,4672.86089195891,1909.03868845196,3152.56153417678,1076.9415374371,796.745618413192,1442.723876966,1418.95978646819,697.799844246881,1165.65388081922
"TGO",10172.1820916028,9208.34427343821,8166.54743483295,11053.733315599,10842.8720586829,5811.64601310212,4589.20411293146,8056.89813852126,2482.23766673955,2085.80090623356,4144.93727690478,2903.07931311814,2000.99020296099,3019.24812523576,2632.69982907503,1305.73936463625,1070.80249442058,2147.83989935744,1753.18994589823,2079.14205979977,1614.7876210701,989.802086929006,930.140264889997,744.139613024595,893.480811687029,662.5467279339,618.410322930685,682.955077889715,828.399465145759,654.919412380246,738.543011872168,692.849294936906,796.318732659242,689.754584768587
"THA",777.244785490185,868.934591411368,1072.47317248115,1443.75400779135,994.290572488257,646.738991085756,1414.8869183122,1104.9836857095,531.509343590331,1001.4457099868,740.192427443674,307.27388568192,549.742982674139,1196.67928246566,390.757581591574,229.277882907989,498.732862388925,407.409052867923,166.099730059446,179.426225792004,286.426508143765,518.377977611606,188.50384613401,174.95555523665,169.085606469254,172.40460833315,182.772899900898,297.807918525392,224.194250751464,140.172392110453,159.594884579771,231.275237730289,142.086257250384,109.230163578738
"TJK",NA,NA,NA,NA,NA,NA,NA,NA,NA,NA,207.355532637075,268.930933082994,310.742018636356,298.334091805494,292.420252848173,161.63680763142,177.389214020126,181.448794444629,167.872948093748,160.473412026881,158.447968090144,161.443041917635,94.0025031296735,90.5793095634579,23.2286741110638,43.0663394100267,60.6819122095564,76.2621884136021,162.095116532257,20.160047356766,37.8232603326506,54.3632866887914,69.3072585649549,82.4482940218252
"TKM",NA,NA,NA,NA,NA,NA,NA,NA,NA,NA,NA,NA,NA,NA,NA,NA,NA,NA,NA,NA,NA,NA,NA,NA,NA,NA,NA,NA,NA,NA,NA,NA,NA,NA
"TLS",NA,NA,NA,NA,NA,NA,NA,NA,NA,NA,NA,NA,NA,NA,NA,NA,NA,NA,NA,NA,NA,NA,NA,NA,NA,NA,NA,NA,NA,NA,NA,NA,NA,NA
"TON",NA,NA,NA,NA,NA,NA,NA,NA,NA,NA,NA,NA,NA,NA,NA,NA,NA,NA,NA,NA,NA,NA,NA,NA,NA,NA,NA,NA,NA,NA,NA,NA,NA,NA
"TTO",NA,NA,NA,NA,NA,NA,NA,NA,NA,NA,NA,NA,NA,NA,NA,NA,NA,NA,NA,NA,NA,NA,NA,NA,NA,NA,NA,NA,NA,NA,NA,NA,NA,NA
"TUN",NA,NA,NA,NA,NA,NA,NA,NA,NA,NA,NA,NA,NA,NA,NA,NA,NA,NA,NA,NA,NA,NA,NA,NA,NA,NA,NA,NA,NA,NA,NA,NA,NA,NA
"TUR",522.786953220442,549.856978235938,596.600751036605,807.336607496091,606.349299035441,473.370458288004,419.35394231302,425.180545832653,518.581068687072,484.454001273576,571.589601881609,619.54283453121,737.594929670485,682.027416872547,589.055370714479,657.515619724237,611.01370432955,624.841712870827,535.712179553845,496.407116118246,580.997832981041,401.728443939722,342.685248352251,56.9627706548415,87.3457637794652,52.115968628442,73.4378545173606,97.6872742455921,120.501237193819,141.87361992571,161.179224268378,178.763548173745,210.537138221631,217.029039808317
"TUV",4.36468024320167,7.30271396514511,7.68059734860867,9.6206443615067,10.0567785308385,10.6037403222837,9.65700135770834,9.49066780551476,9.53874625295384,9.47529562976168,9.63982861193848,9.83107464708444,9.75012515489919,9.58546781772077,9.52602262782712,9.46057661535937,9.46568905209606,9.31114326125719,2.35688476783056,4.46444380108697,6.30173158033288,7.87403224168291,9.32154021712023,10.7094566838057,11.9358393703192,2.29322889109057,4.40697592212417,6.28632994214414,8.08403938121134,9.49039027802114,11.0105800892354,12.5750228315575,13.884344504004,14.064270983397
"TZA",32751.3199356347,32524.4418461806,21887.9705275208,13590.0975760862,15527.6300605099,13303.1195261646,12334.9798494673,5905.85465951657,3939.98307255439,5648.48473816874,8857.14475856104,5374.31129149646,5963.38270747609,3314.64688923548,2928.28005197791,4626.50469038568,3903.32128603508,4464.65759121814,3682.4766871992,5541.0169250655,4906.55472148071,3273.85253777796,2506.29438036522,2331.63325942229,2061.78338565725,2771.15602539032,4982.11686620812,2790.3991101995,2380.94770088265,2087.20878732268,2590.84563132924,2384.19645473747,2638.28851276586,3090.06225363382
"UGA",7380.89437079649,13170.3483411142,9545.21523426462,14231.6004252854,22471.6317795419,27892.8754957034,31719.5201336318,8643.41824256866,8162.09036251202,8746.1762541361,13507.1065508169,26393.0611537379,30580.7070711582,26403.2674150413,22116.1824151007,17031.6612349783,12688.4901496473,20948.1993773979,21509.9039958163,21645.4437243527,18672.8193629488,24023.3489252554,18044.006947087,2034.36114812208,4050.17720816432,6360.29771576293,7758.26463547639,7530.91909403201,7349.9679844703,3008.01635882355,4888.62140261104,6096.53245509802,2740.47270853857,3880.57445200861
"UKR",NA,NA,NA,NA,NA,NA,NA,NA,NA,NA,80.1445660699783,107.279806040677,107.636758461279,133.74203557794,84.943434001655,53.8018720379491,59.5752626070424,63.6065873086422,65.6433482248073,66.7626605647211,77.1483737336766,81.2420662756526,79.0523438887069,76.980168433585,77.7011020166338,56.7231614356342,64.0312765579966,67.5868298075732,70.4221168161751,72.1773102249446,132.665641735401,148.909773771429,147.285571314351,145.877014856607
"URY",NA,NA,NA,NA,NA,NA,NA,NA,NA,NA,NA,NA,NA,NA,NA,NA,NA,NA,NA,NA,NA,NA,NA,NA,NA,NA,NA,NA,NA,NA,NA,NA,NA,NA
"USA",NA,NA,NA,NA,NA,NA,NA,NA,NA,NA,NA,NA,NA,NA,NA,NA,NA,NA,NA,NA,NA,NA,NA,NA,NA,NA,NA,NA,NA,NA,NA,NA,NA,NA
"UZB",NA,NA,NA,NA,NA,NA,NA,NA,NA,NA,402.631740863102,230.176846008589,272.580210453744,197.276493005592,78.3591228817633,37.7466215972284,40.1008237127358,46.5880540894802,51.0829775123709,18.6687419051441,15.3732187389308,16.1695532888217,19.3693701056619,19.5903131489581,50.5287852493552,39.4419911863154,39.9738483072378,12.0516405825037,20.7122930152561,27.0471346814052,41.9551177873905,10.874212685534,19.3106457413801,26.6100199793147
"VCT",NA,NA,NA,NA,NA,NA,NA,NA,NA,NA,NA,NA,NA,NA,NA,NA,NA,NA,NA,NA,NA,NA,NA,NA,NA,NA,NA,NA,NA,NA,NA,NA,NA,NA
"VEN",NA,NA,NA,NA,NA,NA,NA,NA,NA,NA,NA,NA,NA,NA,NA,NA,NA,NA,NA,NA,NA,NA,NA,NA,NA,NA,NA,NA,NA,NA,NA,NA,NA,NA
"VNM",83766.4673910271,118210.729100075,132387.067606201,135594.545166572,133525.534373657,127368.132641917,125796.068472773,119874.846349653,113824.058747648,108370.126505755,92625.9720142357,91348.2783181109,86264.3156194715,83861.6009533076,84857.6467395313,85942.9506348948,85670.3125488418,85229.3028700358,86177.4678855948,85441.2918799806,85754.5684902361,85583.3647904411,61179.1959297019,47312.3352791326,63165.6268889097,72143.9008124622,82037.4808020654,84745.1876349284,90082.7040970569,91134.2048355945,52637.6024375484,65840.4444923243,77682.8683273271,19995.8748016726
"VUT",7.63019810005787,39.3538989118573,17.8676651208097,65.0540928192699,33.033590242307,37.595798687249,14.4251243482095,10.3545285595075,11.0516417497656,8.2221427552149,27.2830655122889,11.0454142086911,7.19355596653902,6.17543874427177,6.26141442763525,5.71335361035224,8.97902609808735,23.1771606935138,6.5859778862899,7.97287540793713,6.42719640917694,8.92657873407107,9.82191123752733,25.1138732357885,6.80500669859787,6.48101370032885,6.64124209871606,9.89183874317249,11.1869584446059,7.10012810928279,10.9635700680168,12.1202199235111,11.3622938155853,6.69780379206243
"WSM",4.19461996698848,3.75060544749116,8.32224391336642,13.9936286353961,20.2086382710599,21.6353334975968,23.5018804001228,24.3640562953022,24.3275562015662,23.5834752007556,23.8800514061265,23.089039242576,22.442324576165,21.3622341031222,20.6217568353255,20.459819563082,19.9598827500713,19.535988125347,2.84813008398911,5.70863184102469,8.64347203485778,10.5716570854836,14.5446146012265,5.74974913280522,9.34485265598345,13.3220643973458,18.0765599966146,20.5645535198907,7.91467199129144,5.90397871676092,9.28336411175377,11.9553910249045,13.9362871458128,15.4976583749181
"YEM",13862.9657312057,24076.3988844561,30329.4566068525,33332.9711109618,30327.199892688,26426.6916424991,25730.8529324476,23363.6909412601,26079.1398424661,24292.9613556592,19757.1156722017,19083.7113364883,18262.2984761523,18417.3851432452,18144.2696440135,20865.7635274215,18829.6002385063,18984.6522790255,18005.3818570026,19729.1204389358,14894.3866288247,13127.29373268,14563.2394538382,14769.0005737093,14423.3696036361,14669.7704543487,2592.29113033169,5091.57761638642,7776.0272762893,9835.81735526637,11290.2695581528,12010.8157698984,3282.00372471649,2088.19647573579
"ZAF",16426.6375825685,14980.5584309941,14767.2887745146,16924.9418248333,18177.7024121147,15063.9686692327,18630.472789043,14094.8052093449,15619.6855354398,11180.9452374544,7648.46110904847,4439.526132499,11196.2582113676,8431.32521037537,9285.87164855584,8049.00560961973,4773.02442502269,2151.50582205374,3622.99715163,4882.02500059322,3334.56082817065,4502.02951424176,4372.28123025218,4555.49210862677,2967.46099256846,3958.80275171797,4124.42931247644,2478.12600701837,2552.15740852938,6247.30720852829,4999.19544132821,4337.99517161334,4143.75284405808,2337.5924614745
"ZMB",27301.8268685986,9812.67618399437,7151.40201769577,5415.98725129358,7224.31402472061,3995.04719287615,2809.04951168753,2136.17850829118,1509.6012531261,1541.04192523416,1200.26547586462,2010.35770611812,2066.74755452267,2247.60106975837,1704.15975988493,1760.87896306059,1560.5205570719,6186.56824198539,3145.59600362938,3893.34058207316,2596.27649296814,3302.76041865677,1227.4486887615,1598.68422505582,934.718377414874,922.472557911744,932.629868058693,1031.75978631903,847.91106521073,2839.90438274839,2212.81062603344,1310.63289832304,1254.20363047557,2020.30617900154
"ZWE",7117.20619008172,7007.099624272,25765.0929048934,13163.8058954761,13293.3082480373,10663.2603443761,9775.72115929982,24018.1145444257,19732.6984887958,8871.84792246288,11550.418819587,9297.60130751485,15470.8567003039,16023.0428308973,7308.32538030087,17183.022983674,8394.70235813948,4969.30543610667,2785.08717975318,5423.64044435189,5300.80533914567,4805.16706218217,3928.57211101309,4700.39612852769,4739.42868437224,4502.56597692327,3561.5247898388,4713.9580513308,5040.72077663488,7014.15677067083,4235.92267234977,4222.85257143113,3149.52376530018,4626.40677751833
