"","X1","X2","X3","X4","X5","X6","X7","X8","X9","X10","X11","X12","X13","X14","X15","X16","X17","X18","X19","X20","X21","X22","X23","X24","X25","X26","X27","X28","X29","X30","X31","X32","X33","X34","X35","X36","X37"
"AFG",52313.0515261083,26113.5699276034,24174.1148383657,20644.5191265644,18340.0114105132,10498.8309419055,13118.5969213825,6422.44802583897,3120.18537071347,3056.75599666878,2468.07009269452,7088.484735921,10938.9124872175,12200.1979113709,13251.5448726556,10739.6793686132,8874.17652632939,4953.14783928508,5643.67189818703,8706.10217895774,11282.7609766078,5669.70509904749,403.014966618234,579.618347270951,1984.92409291136,2932.89339562461,1398.43717289095,1843.27851126223,3610.64519586546,2572.93771213273,3808.08862367369,2531.94387506448,216.982792663472,542.010637379528,746.600899399346,165.80712223671,766.262010057582
"AGO",8516.78439834502,9446.91357458284,6959.53362645065,7045.07218115045,7095.5341238759,4827.83189508346,4116.89837677765,6720.87576508475,6103.6528321053,9319.76371831751,5727.87132132547,5165.68677215726,3087.79853596731,1987.49912574535,846.471287215521,477.923599265414,2635.29154511535,1273.68298056165,485.043173712621,629.235719795298,2789.00145422356,3647.75020642631,1269.5561060053,12.9288223106723,146.47114174731,305.712277810647,175.321696441321,170.767265794351,560.262010235982,172.02988863864,323.996618293375,508.231503461833,1877.15286127314,2617.1313332583,268.358785002364,460.670686922818,675.810730878147
"ALB",NA,NA,0.398575477741057,0.587012123909134,0.684268665304534,0.730689980079178,32.720858882178,0.768976768326286,79.7565215146128,1.08548959401708,1.29256680762568,1.17241591686017,1.40498846109616,1.69614590619264,1.51483213429721,1.24798292583433,1.61150268238626,1.65008586534045,1.38990832384429,1.06974270818014,0.0139601451120332,0.0469297821283051,0.090692038848337,0.129369729940721,0.158869608450585,0.200731981176797,0.213045460178802,0.724244411537723,0.433434026239433,0.330724813194633,1.00259450048475,0.516906675031544,0.368538864930078,0.279863577819114,0.871955984060868,0.467062296997763,0.337152220272199
"AND",NA,NA,NA,NA,NA,NA,NA,NA,NA,NA,NA,NA,NA,NA,NA,NA,NA,NA,NA,NA,NA,NA,NA,NA,NA,NA,NA,NA,NA,NA,NA,NA,NA,NA,NA,NA,NA
"ARE",NA,NA,NA,NA,NA,NA,NA,NA,NA,NA,NA,NA,NA,NA,NA,NA,NA,NA,NA,NA,NA,NA,NA,NA,NA,NA,NA,NA,NA,NA,NA,NA,NA,NA,NA,NA,NA
"ARG",NA,NA,NA,NA,NA,NA,NA,NA,NA,NA,NA,NA,NA,NA,NA,NA,NA,NA,NA,NA,NA,NA,NA,NA,NA,NA,NA,NA,NA,NA,NA,NA,NA,NA,NA,NA,NA
"ARM",NA,NA,NA,NA,NA,NA,NA,NA,NA,NA,1.84908465483048,1.81828712841251,1.79069895219775,1.76197583587507,0.854113280319228,0.430999400897877,0.420045141379128,0.405993167304558,0.39124508081572,0.377007298906917,0.362961867421371,0.356906840181313,0.343985928713648,0.335190526705606,0.355455189194242,0.345027817407724,0.333518649973008,0.00210978936914167,0.00233065393894054,0.00212139076074644,0.00229812440406208,0.00248338840035346,0.00268129684233591,0.00295428857442262,0.00314860293957207,0.00334103924582271,0.00354241612152026
"ATG",NA,NA,NA,NA,NA,NA,NA,NA,NA,NA,NA,NA,NA,NA,NA,NA,NA,NA,NA,NA,NA,NA,NA,NA,NA,NA,NA,NA,NA,NA,NA,NA,NA,NA,NA,NA,NA
"AUS",NA,NA,NA,NA,NA,NA,NA,NA,NA,NA,NA,NA,NA,NA,NA,NA,NA,NA,NA,NA,NA,NA,NA,NA,NA,NA,NA,NA,NA,NA,NA,NA,NA,NA,NA,NA,NA
"AUT",NA,NA,NA,NA,NA,NA,NA,NA,NA,NA,NA,NA,NA,NA,NA,NA,NA,NA,NA,NA,NA,NA,NA,NA,NA,NA,NA,NA,NA,NA,NA,NA,NA,NA,NA,NA,NA
"AZE",NA,NA,NA,NA,NA,NA,NA,NA,NA,NA,73.646505541384,10.2511879142894,17.5899282987769,81.5304531927706,8.57992343263155,5.84932169563746,9.57134816192662,17.5096313500899,7.16227094794446,3.21267111479417,3.49691324525852,33.3696919048905,11.9882371055635,5.20891805518089,7.29640905876576,2.43090282271488,0.0336918510028195,0.12270178563884,0.407118847973023,0.344003316785898,0.372772738331324,0.393262737981122,0.899367763729661,0.880825262162192,0.00393396901032386,0.0181839825106616,0.0460523488241202
"BDI",5310.42041826085,3311.4404401204,3995.86049251022,2318.34204527024,2891.32294195326,3145.20537367462,1892.73531837519,2618.79970755948,2203.89959780605,1153.47446828078,631.282881426491,1253.54599799117,1330.5269844405,646.151579626841,824.293920507563,900.785992810418,296.717359287985,214.704535539501,239.99070755866,1069.3256902805,1222.24610273211,99.2400306882578,8.86378350643731,46.895824092668,63.9509174650328,89.1101199161698,26.2374098682755,42.7571166375653,53.1131947127101,28.4203170381999,28.1013883131276,37.2737347581197,15.0801455192807,15.9104630199514,15.292327660271,11.747638123561,14.2266299691726
"BEL",NA,NA,NA,NA,NA,NA,NA,NA,NA,NA,NA,NA,NA,NA,NA,NA,NA,NA,NA,NA,NA,NA,NA,NA,NA,NA,NA,NA,NA,NA,NA,NA,NA,NA,NA,NA,NA
"BEN",7311.50695896789,5864.73333606491,5835.75978957993,6707.69603540197,6607.29600369456,3739.81165733234,6769.79623539265,2878.00500904438,1809.71161500104,1859.14520806405,2668.92869023783,1647.43752268116,1437.32223898764,2750.47918129266,3733.96323675647,1009.40753260219,3688.88326063791,851.962641239567,947.974508173652,1479.86716503328,2045.18662084021,643.403069003089,369.895199605303,68.454044676955,179.116617539978,84.7789342358124,199.647999211014,396.671782056926,420.948588406048,342.717477563827,326.673519167838,117.817638403664,313.284842349303,457.622896923427,48.5231093489584,125.121581138798,171.729885693208
"BFA",7483.13268660238,9002.94596453002,9192.51853152766,13183.4615043486,7488.149707186,5106.08762791782,12837.0114495366,3713.01950866444,3287.55065601929,4166.21569651326,2998.68610167469,7024.18180738187,4422.62797542368,1616.41129933155,2764.93557953158,8004.97054355022,2146.86525534399,5406.17390355173,3191.78875138599,2231.9608344128,2191.40482023674,112.680653722373,1205.10255265961,549.588213421932,164.573138200165,267.169292863078,276.157411131343,76.5615253777995,1405.50636945853,763.956392902243,475.581245153613,145.022778104657,275.351454494065,368.298083990804,10.8062757822814,118.734193243126,193.510818043313
"BGD",9272.23338985891,16373.7281969429,23160.4489273538,29987.330772114,31968.7764092962,37017.9368769716,37105.7713028968,33313.5377486799,25382.138449283,15530.6000833355,19896.494060882,17510.3507658925,11549.175158679,14686.7716161901,11894.6753897329,10925.9141128445,15161.1360490444,13651.8744337784,12300.5399586722,11211.9352783964,10057.2771143255,9057.42919687672,8884.17007499038,6889.5476840084,16399.5824871073,12972.812460045,649.088285576918,814.986335160715,961.47863421828,1139.89997467789,736.200314925558,909.505720062948,972.783324621575,1506.37951994731,7.22771266468723,32.7832476247727,134.530731890508
"BGR",22.3866914650363,19.0385420194745,16.0672425794143,17.600929982471,16.8113476436244,17.2000424059421,16.9639985644102,16.9419056938324,16.8029029191969,16.6847824441499,16.6391970676963,33.9725075312981,7.48186095994683,18.4860753109068,14.5995593045063,16.294847806674,15.3129526048231,15.4973071770227,14.9988322762167,15.5629921797214,14.9967626748059,15.1809822678645,14.571869382397,14.7102927147421,14.4228470633926,14.3860408130987,14.2288906571453,14.1397680312041,14.1485373322245,33.9733731287998,4.01203202132544,14.4567877523495,13.4021967766194,13.8088464624021,13.5270194214805,13.5328704251342,13.3547659117962
"BHR",NA,NA,NA,NA,NA,NA,NA,NA,NA,NA,NA,NA,NA,NA,NA,NA,NA,NA,NA,NA,NA,NA,NA,NA,NA,NA,NA,NA,NA,NA,NA,NA,NA,NA,NA,NA,NA
"BHS",NA,NA,NA,NA,NA,NA,NA,NA,NA,NA,NA,NA,NA,NA,NA,NA,NA,NA,NA,NA,NA,NA,NA,NA,NA,NA,NA,NA,NA,NA,NA,NA,NA,NA,NA,NA,NA
"BIH",NA,NA,NA,NA,NA,NA,NA,NA,NA,NA,5.43566052380154,6.03539687682454,6.75251066900882,7.20002248829902,7.53020111585674,7.30089107980017,9.62827680166888,7.54984326440583,6.73864599371147,6.11837700405781,5.57249320236712,5.13252124094257,3.11118835251066,2.90818451141787,2.72140750001003,2.59256551008419,2.43239837888236,2.29790292524024,2.17254544254583,2.05853896954933,1.95876499228235,1.85865295392552,1.7668830357383,1.82669201880849,1.77545459698406,1.6982705767739,1.62687307381165
"BLR",NA,NA,NA,NA,NA,NA,NA,NA,NA,NA,NA,NA,NA,NA,NA,NA,NA,NA,NA,NA,NA,NA,NA,NA,NA,NA,NA,NA,NA,NA,NA,NA,NA,NA,NA,NA,NA
"BLZ",NA,NA,NA,NA,NA,NA,NA,NA,NA,NA,NA,NA,NA,NA,NA,NA,NA,NA,NA,NA,NA,NA,NA,NA,NA,NA,NA,NA,NA,NA,NA,NA,NA,NA,NA,NA,NA
"BOL",NA,NA,NA,NA,NA,NA,NA,NA,NA,NA,NA,NA,NA,NA,NA,NA,NA,NA,NA,NA,NA,NA,NA,NA,NA,NA,NA,NA,NA,NA,NA,NA,NA,NA,NA,NA,NA
"BRA",NA,NA,NA,NA,NA,NA,NA,NA,NA,NA,NA,NA,NA,NA,NA,NA,NA,NA,NA,NA,NA,NA,NA,NA,NA,NA,NA,NA,NA,NA,NA,NA,NA,NA,NA,NA,NA
"BRB",NA,NA,NA,NA,NA,NA,NA,NA,NA,NA,NA,NA,NA,NA,NA,NA,NA,NA,NA,NA,NA,NA,NA,NA,NA,NA,NA,NA,NA,NA,NA,NA,NA,NA,NA,NA,NA
"BRN",NA,NA,NA,NA,NA,NA,NA,NA,NA,NA,NA,NA,NA,NA,NA,NA,NA,NA,NA,NA,NA,NA,NA,NA,NA,NA,NA,NA,NA,NA,NA,NA,NA,NA,NA,NA,NA
"BTN",80.8014934069602,136.024954046599,98.9922546584926,96.4942336271251,60.3171449515299,69.4154060993442,50.0151320898455,31.0485260492779,40.7588660211076,11.5362376144258,23.284485393052,9.27870214448749,19.9515876171767,27.0149138069087,8.1843893287361,2.53575900398515,9.51207109211477,7.91448232712122,79.308948410139,22.5437082801612,40.0415221118563,7.62006700547082,4.25562123617975,3.66237921825672,3.32335691337199,1.34541171106321,0.03316512078,0.255838320472241,0.43234842096467,0.927288455213425,0.870922396388878,0.717206201058072,0.635759033656761,2.44603275309912,1.46919749546214,2.00022074322118,2.75952418859044
"BWA",90.773985783216,103.60383215635,424.923220698709,284.055572447546,150.413296541407,95.8325282762638,52.0191578956226,35.234045338903,127.179586896413,74.023961551658,46.836186821837,37.9722812698214,181.713139572153,120.1012908818,57.8473789552309,52.1830093106555,171.593506120966,26.931317462369,12.3975358149981,57.9727368035061,29.5613201177085,21.2746133996388,17.8540949450116,15.0007224187217,13.3773150649375,3.69083498199843,5.39694284427124,6.67224546296035,9.40310840269108,4.85359767108518,6.46897887044364,7.56590204460969,8.33788044748015,4.2395009022663,5.9106973214525,7.2777998059895,2.32780920117446
"CAF",3399.12758098258,1982.71669200404,1253.48873621991,5832.55058497828,1899.5887990588,1403.51495216983,1660.82078938587,1469.90830721513,445.322650525933,985.487957146686,3122.84281803505,1654.5474663869,956.054591654794,1266.54160650663,793.11867400486,409.050978489897,324.197059632798,294.414168105596,521.115677919486,2669.89695976225,2192.9790379588,919.312541715377,638.543179530756,954.586999344566,523.518370179363,50.440291433536,83.3786608811856,125.057174800436,20.9000222456753,94.9969157421764,510.011080548567,128.962285453609,513.557109789361,436.32887420602,320.34422146537,394.930830496894,395.049249900227
"CAN",NA,NA,NA,NA,NA,NA,NA,NA,NA,NA,NA,NA,NA,NA,NA,NA,NA,NA,NA,NA,NA,NA,NA,NA,NA,NA,NA,NA,NA,NA,NA,NA,NA,NA,NA,NA,NA
"CHE",NA,NA,NA,NA,NA,NA,NA,NA,NA,NA,NA,NA,NA,NA,NA,NA,NA,NA,NA,NA,NA,NA,NA,NA,NA,NA,NA,NA,NA,NA,NA,NA,NA,NA,NA,NA,NA
"CHL",NA,NA,NA,NA,NA,NA,NA,NA,NA,NA,NA,NA,NA,NA,NA,NA,NA,NA,NA,NA,NA,NA,NA,NA,NA,NA,NA,NA,NA,NA,NA,NA,NA,NA,NA,NA,NA
"CHN",12406.7564272363,11028.3264768976,9666.19041458299,7605.27690454983,9581.22998982026,5249.08559568279,3171.37719439805,2547.70279251145,2250.46282743573,2168.26542383869,2865.21071676619,3305.81242513701,3012.65179385421,2329.01051351123,1789.72788064386,1848.49075658313,2033.335972825,1655.10475462236,1686.37926772227,1832.40306585864,1993.13771298923,1489.07886381694,1589.30596324491,1593.2341043369,1532.22042188288,1237.37034132333,1324.4689289427,1627.74488586239,1134.29312163199,613.03987945075,445.500203464683,341.567135693981,500.961781578298,2090.22086334616,1255.76070476401,841.989114310526,498.645289702389
"CIV",6023.24975367267,5690.48224638611,3146.44473184227,2402.24643722356,3231.12505409065,9374.47091799385,12815.0686597523,6375.8544122027,6751.59217789084,6436.768612561,3830.83954879157,5343.78561383499,3082.88110469102,3594.0338403023,12788.2279944229,7631.03002740088,3892.40815753983,3138.27017893893,1646.10591861932,1555.35406968475,1548.73947098514,1568.59486702712,1353.00813051489,976.590741899841,420.207131064759,26.8105736809987,105.70836309717,172.450691752482,84.4971600532179,204.215150106979,355.00485248141,95.0740571949442,162.839132508603,283.646765813405,43.7928526147405,148.471837676255,241.565205977458
"CMR",NA,7740.50089585886,11229.7440164492,7042.55415707088,8793.60107552562,5845.77110064137,3287.3139040149,4224.64908191884,4425.23479065245,3879.3595151438,2837.73451888902,5030.78440890276,2554.52006762053,1080.10998990512,822.120809233528,2131.3506372396,1676.32781641944,2042.16152753722,2126.83834461627,2704.52801493086,4354.88099581378,132.714468539374,87.2133424934382,208.128326446417,297.952126184096,202.377194852992,112.380611980668,80.1750739018773,140.927306007331,60.9053201998022,144.74873891889,186.412055209068,83.3540445323629,266.146626942689,329.804795666112,87.6885121114657,171.1168100601
"COD",726.279203538252,586.00079935215,495.303002123265,718.043020476308,950.956595824958,1220.64744115969,1510.20772511166,1811.05469925315,2147.67355355011,2508.85006885012,3023.89260250188,3492.38563588827,3923.30837330484,4363.33660122637,4913.42869951597,5584.15255157308,6286.65052754547,7075.34848717408,7914.25903152529,8315.866811834,8836.31341553306,9405.95314736353,6108.21282670264,6510.79710433726,4726.33920541702,2896.56654063303,1565.11089453561,615.849130935077,493.975454503486,433.849905544967,1804.13512414262,996.046089007308,1191.69568770907,71.7291467560993,67.68776493024,68.658585463104,608.205580220784
"COG",1068.37820719048,2384.82316432337,3033.77775959226,3398.19194903364,1565.98937727488,1206.98292819611,379.475574077814,208.870587076926,155.292739920493,352.886115077745,486.106007039559,546.707288045536,285.415488757922,193.329203271709,428.469686261222,666.251117519508,480.81338783432,335.022553518735,294.898657778809,385.04311101969,470.460781179898,571.159450492343,695.373665090057,696.290914291179,53.0350761418299,96.0276935159733,121.259443934082,12.5868800860384,33.8818828267152,44.7299426933933,19.9363765928651,32.0532974180806,64.1693228427425,20.9979232024409,69.2195326607662,86.0014887070814,28.1609347477285
"COK",0.206085037842819,0.375980341587747,0.237001107601779,0.340227316814488,0.317519913916944,0.305551492657189,0.187876931361819,0.170348453683267,1.103989738515,0.518162146959438,0.396158230261089,0.315932757167499,0.255233553996881,0.222788768928618,0.189034969091041,0.172622257339602,0.30994791501,0.205657243589406,0.000884287696364304,0.00215266252,0.00272951629447974,0.00323637568515799,0.027160384305,0.00349654146127368,0.00360212095769071,0.00645798756,0.00107633126,0.000179438222635781,0.000562354075610999,0.000610694360302607,0.00071700798816187,0.000787347592340626,0.000860779202878474,0.000937239115801028,0.00100749491507493,0.00112301418079462,0.00120390467404724
"COL",NA,NA,NA,NA,NA,NA,NA,NA,NA,NA,NA,NA,NA,NA,NA,NA,NA,NA,NA,NA,NA,NA,NA,NA,NA,NA,NA,NA,NA,NA,NA,NA,NA,NA,NA,NA,NA
"COM",NA,NA,NA,NA,NA,NA,NA,NA,NA,NA,NA,NA,NA,NA,NA,NA,NA,NA,NA,NA,NA,NA,NA,NA,NA,NA,NA,NA,NA,NA,NA,NA,NA,NA,NA,NA,NA
"CPV",38.1283974978422,238.957598152653,261.410947007565,23.8577177014086,50.7299253328666,69.5095863480004,83.9448593926223,12.1187598533656,5.30435011325058,5.03905261376487,5.75010744102329,4.87447140552523,3.97727028608499,6.10265637614822,5.25598550268899,2.81931661410044,93.6636562466483,37.7571558364079,7.83263450065159,4.83738427184808,3.73815568457244,2.09611639642174,1.91462025050836,1.77560553030994,1.65670322348888,0.604459961925448,0.969890439713719,1.12345766706912,1.15170540830472,0.528615551613974,0.367779619922309,0.290622475687046,0.258467365529613,0.115494334205785,0.148145456112374,0.29849725650453,0.1215471462216
"CRI",NA,NA,NA,NA,NA,NA,NA,NA,NA,NA,NA,NA,NA,NA,NA,NA,NA,NA,NA,NA,NA,NA,NA,NA,NA,NA,NA,NA,NA,NA,NA,NA,NA,NA,NA,NA,NA
"CUB",NA,NA,NA,NA,NA,NA,NA,NA,NA,NA,NA,NA,NA,NA,NA,NA,NA,NA,NA,NA,NA,NA,NA,NA,NA,NA,NA,NA,NA,NA,NA,NA,NA,NA,NA,NA,NA
"CYP",NA,NA,NA,NA,NA,NA,NA,NA,NA,NA,NA,NA,NA,NA,NA,NA,NA,NA,NA,NA,NA,NA,NA,NA,NA,NA,NA,NA,NA,NA,NA,NA,NA,NA,NA,NA,NA
"CZE",NA,NA,NA,NA,NA,NA,NA,NA,NA,NA,NA,NA,NA,NA,NA,NA,NA,NA,NA,NA,NA,NA,NA,NA,NA,NA,NA,NA,NA,NA,NA,NA,NA,NA,NA,NA,NA
"DEU",NA,NA,NA,NA,NA,NA,NA,NA,NA,NA,NA,NA,NA,NA,NA,NA,NA,NA,NA,NA,NA,NA,NA,NA,NA,NA,NA,NA,NA,NA,NA,NA,NA,NA,NA,NA,NA
"DJI",NA,23.8256011638881,69.951980862513,747.001261531692,76.6466374673445,115.420132133916,63.036908207533,222.846156648397,236.550019287499,76.6212641325998,32.4267205979785,55.1403228762416,40.447148444737,99.5714044131653,50.8184736730306,190.751346043618,164.980241205408,125.010567471895,174.84657406233,112.696034865279,72.241664614069,53.2301131380978,13.1232379118961,8.54838832217583,118.819766974316,14.9405878657546,19.6281537685013,45.5408205373884,10.5640324387417,13.1736564431877,21.1640634247404,196.148876178983,22.972590759695,14.4800977439367,16.3944935454055,5.66588788832053,6.14825370978959
"DMA",NA,NA,NA,NA,NA,NA,NA,NA,NA,NA,NA,NA,NA,NA,NA,NA,NA,NA,NA,NA,NA,NA,NA,NA,NA,NA,NA,NA,NA,NA,NA,NA,NA,NA,NA,NA,NA
"DNK",NA,NA,NA,NA,NA,NA,NA,NA,NA,NA,NA,NA,NA,NA,NA,NA,NA,NA,NA,NA,NA,NA,NA,NA,NA,NA,NA,NA,NA,NA,NA,NA,NA,NA,NA,NA,NA
"DOM",NA,NA,NA,NA,NA,NA,NA,NA,NA,NA,NA,NA,NA,NA,NA,NA,NA,NA,NA,NA,NA,NA,NA,NA,NA,NA,NA,NA,NA,NA,NA,NA,NA,NA,NA,NA,NA
"DZA",6048.02599142071,11510.8833167444,11557.2878191558,11699.7770580598,9054.33321707932,5604.06777001222,4155.22606725057,3396.31619604686,2327.61834294067,2030.98779741077,2166.52993190185,2463.07327152324,2131.84259444367,1508.97623139535,1624.57644997142,2478.95663459049,997.476884678144,885.208769176911,780.24279193325,729.861268800502,997.674787548114,1079.72596925368,1889.57621679984,28.18386205778,22.9158616916786,29.3704445295684,35.8217676935332,31.2969546314813,44.9536887863129,58.6156266419452,73.3206313255479,83.1350429336274,97.6614028626265,34.0461798484344,13.5118711233381,22.4120683937162,10.3926895886372
"ECU",NA,NA,NA,NA,NA,NA,NA,NA,NA,NA,NA,NA,NA,NA,NA,NA,NA,NA,NA,NA,NA,NA,NA,NA,NA,NA,NA,NA,NA,NA,NA,NA,NA,NA,NA,NA,NA
"EGY",1425.03658414855,4529.78573606069,1083.12333326279,3638.10942792736,4211.69107848291,1061.30140190365,1017.53757210645,2031.14320867868,2234.50475018965,631.271696535795,696.144385619808,1833.07393008061,1097.57603571708,590.451728179989,703.828336092487,1807.04366325194,1820.98948674705,1977.28132421947,602.825591236453,1071.71526769163,823.577362277122,300.269076461753,71.2429959424171,51.3702950158259,44.2104953755907,475.988612214685,649.420514200355,299.495229411397,245.731598768689,19.2461565158791,20.6197325838398,89.5703058484296,154.403583648998,1279.27690570762,2295.33574096825,290.799053129345,101.734613628068
"ERI",NA,NA,NA,NA,NA,NA,NA,NA,NA,NA,NA,NA,NA,919.266512625796,694.623918165145,1381.05345625769,1724.80799268917,730.794526046634,610.216329621631,1153.96511909248,490.849675753822,591.875457864694,625.241613561443,77.0098317889606,63.0412207466945,109.603447790294,59.7946356311136,66.0435002265355,96.3079492496578,55.9166484253345,74.128762735989,141.049609302749,84.37065495242,116.137757977608,192.313865635718,135.382284855254,856.417630820296
"ESP",NA,NA,NA,NA,NA,NA,NA,NA,NA,NA,NA,NA,NA,NA,NA,NA,NA,NA,NA,NA,NA,NA,NA,NA,NA,NA,NA,NA,NA,NA,NA,NA,NA,NA,NA,NA,NA
"EST",NA,NA,NA,NA,NA,NA,NA,NA,NA,NA,NA,NA,NA,NA,NA,NA,NA,NA,NA,NA,NA,NA,NA,NA,NA,NA,NA,NA,NA,NA,NA,NA,NA,NA,NA,NA,NA
"ETH",14827.2896301505,16133.3379238143,23047.426678989,15785.2854353036,127818.789092629,30504.5299534804,28247.7064809828,13675.7391264303,20017.4762723814,19880.5555384069,21626.17980657,27819.5981672713,25558.5731285048,20804.9393880865,21030.8668890527,20134.5576292646,20100.3104385853,22078.8478711396,11593.7319262268,18694.2933609014,6423.23158514488,16129.9456873416,18943.4131230859,16056.4381617924,12405.4526152049,16915.1991505781,3194.47748842308,5930.23652681609,10646.210500412,7728.29549011453,3017.47050294808,4047.01861607172,6030.65941926223,12114.4959577609,18384.9092482657,8074.59051551163,1961.38319580363
"FIN",NA,NA,NA,NA,NA,NA,NA,NA,NA,NA,NA,NA,NA,NA,NA,NA,NA,NA,NA,NA,NA,NA,NA,NA,NA,NA,NA,NA,NA,NA,NA,NA,NA,NA,NA,NA,NA
"FJI",55.5345823597312,49.8254026446571,19.5807874324123,45.6154240611285,11.1657104789998,21.4032392980679,61.8063841997884,34.0293480857429,4.70969674038099,2.72969890372405,5.60126373267506,44.0537783657294,16.35969690258,2.04595799958603,11.6199000511202,2.1330830332859,23.4987471125619,0.497768153341656,3.39863793627101,9.87112875479291,2.90876196391701,11.4510239786752,11.34588608053,2.61954621718174,2.47130712044327,3.38178038863323,0.441976794756938,0.251804502856349,0.214626045564554,0.158085726641297,0.443058023331913,0.252215579415283,0.231416771255261,3.42415472403993,3.8853219618215,1.06292626008051,0.509143046517433
"FRA",NA,NA,NA,NA,NA,NA,NA,NA,NA,NA,NA,NA,NA,NA,NA,NA,NA,NA,NA,NA,NA,NA,NA,NA,NA,NA,NA,NA,NA,NA,NA,NA,NA,NA,NA,NA,NA
"FSM",NA,NA,NA,NA,NA,NA,NA,1.23540473271208,1.20326581266202,0.917301169118994,1.0641242987624,1.18697019491031,1.24002438655297,1.86675032932668,1.44770687457833,1.23084242327569,1.1259706895952,1.00022655555091,1.07527080226796,1.00167640270321,0.917668241725868,0.814815143331206,0.741623392383198,0.463217629304161,0.412212292328432,0.392459762583686,0.357938306167625,0.341576919514857,0.322956424879459,0.319866378753401,0.165875010251004,0.171115659885507,0.175544001385903,0.0713927811782378,0.0367047640233019,0.0562839212919768,0.0296915676756493
"GAB",381.668329241802,297.443047992894,709.066706608911,1197.63831111807,828.08116438836,1127.51962664729,396.355401480174,164.153963876274,192.340372490949,106.701536760406,119.258374187407,139.561832987183,118.236218562015,138.998658369672,159.760077537626,56.500387885513,119.16880579628,159.255838814132,198.640453621276,70.4313847241827,154.090877299238,83.9090305472695,128.281228850701,64.1083398058176,5.8146461278543,22.2067032551312,25.4776539807662,7.6454931798507,17.5179092918956,17.0373861602557,18.600714562151,19.9117702368779,9.32487798480784,4.3661240896,11.5258933751373,43.87349537238,18.5576965434374
"GBR",NA,NA,NA,NA,NA,NA,NA,NA,NA,NA,NA,NA,NA,NA,NA,NA,NA,NA,NA,NA,NA,NA,NA,NA,NA,NA,NA,NA,NA,NA,NA,NA,NA,NA,NA,NA,NA
"GEO",NA,NA,NA,NA,NA,NA,NA,NA,NA,NA,NA,0.27791721098354,1.792188063016,0.406997988965842,0.47723016767919,0.542737616188451,0.281974418351,0.292564136540957,0.302090406335821,0.31241997237396,0.334761330320315,1.020516011712,0.420159094761,0.374584066984307,0.376694156971264,0.012186039774,0.00241919169021899,0.00255847705792868,0.000396940287409818,0.000469620249711964,0.00056658284783042,0.000656297309466592,0.00072044609168515,2.37479373944745e-06,1.73441814770829e-08,1.16414665240977e-06,6.28294071042273e-09
"GHA",8186.7635400985,17868.4419113264,8637.84068523084,8890.50175335759,13996.7697339701,4443.40563349459,5427.66833789213,8580.12393749471,4998.57470393405,6843.57887843681,4412.04351100551,5921.98797485211,5354.84569556254,5325.70827262042,6065.56178114334,5307.57327095575,5633.75150742451,3892.77455905872,2823.83453751018,3395.78548976212,2513.09516961084,2064.90379901986,31.1246860652,143.231413001363,299.048692551535,398.581557140311,163.064004025137,195.429273651816,227.439964254967,268.529022888489,111.645921764182,186.06993973934,195.508906719299,10.598380906,21.7109843177351,61.607217715488,0.30501343360019
"GIN",8671.60929037238,10001.6227758207,5585.3444407416,2964.41647272498,2090.76506626875,1832.78703741439,4736.563067626,2480.57206673904,2711.27099368612,4440.07844480131,4242.10933405197,1633.15252257091,3289.96718070836,1855.09769724728,1103.53521325318,7757.07510085167,6406.56233212304,5782.32844313429,12006.4212824074,7180.14061485305,4841.81697609136,2138.4177211104,1663.25854372516,35.1052661608699,254.602369250966,391.540412639457,86.339931754277,294.459400831801,500.622365600573,97.3853259899422,274.139399088348,392.84155193288,89.3143378521185,341.781182161636,49.5544891758386,84.4596043385079,1246.27456030167
"GMB",91.9348856909028,730.081873298539,490.524028383947,357.682970936132,612.01307233069,430.774869146166,324.716405770125,285.485274893859,255.797645192091,238.119783212438,97.1605786295609,129.445042386249,209.423694807911,92.6971721940817,51.2558715509837,26.4643784326266,120.84612735352,127.242683992955,194.352182094061,102.244232085895,52.3996341315262,31.8154888620421,35.9296288067874,0.899042726203574,5.22999264009308,9.185570802749,12.3276093902037,5.43947027177831,8.94748584857946,12.1169380975415,14.3847205495494,4.56047426419493,6.85147524478158,16.4822779341902,20.0708389434022,19.4545513494892,16.7056222686397
"GNB",1575.26383767189,1126.26108959937,2474.51758342381,371.548632589304,942.415764943391,1684.78550946228,255.019999769185,787.120151052739,200.844624545825,155.066935504525,2081.9278982795,623.827333218324,1248.98258889284,355.900801439724,280.378586586973,128.203600222336,353.987863975821,481.989441606763,357.586238910434,442.988081177917,130.915918089973,161.995133039484,596.006511032033,503.872191253907,123.433427884993,69.7098648990994,3.04226146766824,24.7225011441983,39.9974028631553,20.1787568732404,37.8212602934797,48.8562842198923,21.1963998247926,40.8709180390166,86.414711755066,22.5638177523304,36.2613822169827
"GNQ",NA,NA,NA,NA,64.0344758177622,109.772175961437,386.647415149787,624.221993931696,359.28915784647,205.746528469262,149.443601495237,127.521232692175,82.0379091848086,77.8142923128596,73.0253253282456,69.8865119017903,67.6122450917676,67.8088906653729,84.829105499359,98.5326670232175,120.977594400949,172.625758667614,175.461152165599,179.409574977614,188.5744404675,58.7778827948757,92.6900378801064,129.166659197677,155.677872341026,16.869592354373,46.6071579230246,68.7454819703601,37.4894724269946,83.8315614025175,236.388391009333,147.67240609638,391.142984380963
"GRC",NA,NA,NA,NA,NA,NA,NA,NA,NA,NA,NA,NA,NA,NA,NA,NA,NA,NA,NA,NA,NA,NA,NA,NA,NA,NA,NA,NA,NA,NA,NA,NA,NA,NA,NA,NA,NA
"GRD",NA,NA,NA,NA,NA,NA,NA,NA,NA,NA,NA,NA,NA,NA,NA,NA,NA,NA,NA,NA,NA,NA,NA,NA,NA,NA,NA,NA,NA,NA,NA,NA,NA,NA,NA,NA,NA
"GTM",NA,NA,NA,NA,NA,NA,NA,NA,NA,NA,NA,NA,NA,NA,NA,NA,NA,NA,NA,NA,NA,NA,NA,NA,NA,NA,NA,NA,NA,NA,NA,NA,NA,NA,NA,NA,NA
"GUY",NA,NA,NA,NA,NA,NA,NA,NA,NA,NA,NA,NA,NA,NA,NA,NA,NA,NA,NA,NA,NA,NA,NA,NA,NA,NA,NA,NA,NA,NA,NA,NA,NA,NA,NA,NA,NA
"HND",NA,NA,NA,NA,NA,NA,NA,NA,NA,NA,NA,NA,NA,NA,NA,NA,NA,NA,NA,NA,NA,NA,NA,NA,NA,NA,NA,NA,NA,NA,NA,NA,NA,NA,NA,NA,NA
"HRV",NA,NA,NA,NA,NA,NA,NA,NA,NA,NA,NA,NA,NA,NA,NA,NA,NA,NA,NA,NA,NA,NA,NA,NA,NA,NA,NA,NA,NA,NA,NA,NA,NA,NA,NA,NA,NA
"HTI",NA,NA,NA,NA,NA,NA,NA,NA,NA,NA,NA,NA,NA,NA,NA,NA,NA,NA,NA,NA,NA,NA,NA,NA,NA,NA,NA,NA,NA,NA,NA,NA,NA,NA,NA,NA,NA
"HUN",NA,NA,NA,NA,NA,NA,NA,NA,NA,NA,NA,NA,NA,NA,NA,NA,NA,NA,NA,NA,NA,NA,NA,NA,NA,NA,NA,NA,NA,NA,NA,NA,NA,NA,NA,NA,NA
"IDN",NA,NA,NA,NA,NA,NA,NA,NA,NA,9290.45056325668,11064.5408076412,34828.1026922068,26252.1242410098,14316.7318441142,10273.9826941239,9478.0337381632,14680.7632598531,15073.0073680394,21426.4817498917,14001.517449869,12406.7591790592,9244.83280483879,9209.14585085213,11377.4521604805,15099.5402471456,15940.6293149792,6082.30745091666,5750.07651206145,5919.80030522577,8949.51515134527,6297.95217282575,8985.31616275892,4770.52185941897,6696.82848406733,7937.05069599087,4160.32955564355,4770.29157335019
"IND",251488.046483922,221440.163125362,208947.831467784,256163.367832635,237044.324339719,225759.20713518,289798.737842657,218214.791671494,209046.506452427,146755.451915433,141064.081143899,130938.976820439,111300.910988033,101703.598067924,89346.0293953626,68564.9399040871,80871.8452340613,73140.7350187142,66082.6300138971,97138.654165628,107211.326995473,104970.564712114,104066.78727387,101948.8515374,72163.2378826671,75738.242182571,69685.2568960793,66525.9204662631,69554.9102563105,61876.4673619897,53603.7695088459,37268.1086378542,26969.4631211923,1546.36939444053,6302.85393734645,8850.70412855771,697.135317975559
"IRL",NA,NA,NA,NA,NA,NA,NA,NA,NA,NA,NA,NA,NA,NA,NA,NA,NA,NA,NA,NA,NA,NA,NA,NA,NA,NA,NA,NA,NA,NA,NA,NA,NA,NA,NA,NA,NA
"IRN",467.611351850753,640.808130422358,653.953707029166,542.683638038907,358.956569420507,288.003381998142,307.739954222751,211.126506630977,108.323227590089,85.4621108268406,78.5295549293758,66.4698929332495,41.4077946124333,29.0878208687138,22.4702397464905,21.4735870546245,24.0970808635334,23.4686361265137,25.2901426047875,44.2457131474958,53.2498052775026,57.6108745581778,65.8646621724266,0.213248310187032,0.391621858066266,0.543941296447089,0.750159234393328,0.935268852483906,1.19718109453838,1.59257962517871,1.83248184837002,2.25288261533405,2.54511595753236,1.075502004512,0.641388243620488,0.822757258593909,0.122013160937111
"IRQ",5088.30981069015,2509.13389428675,2987.16584380195,2995.95867034841,1747.96607636482,905.744936792549,683.139091996934,563.290999596479,661.323639466448,266.777635954612,647.473941479619,1162.46334320687,941.904251999588,633.148998851782,460.441353091676,58.5333630338845,71.6461287577192,388.534252295164,558.551300380956,189.858303080439,192.217024426658,295.042913549908,183.731473889305,516.09252598978,50.586401788536,42.7090849559068,30.183166493342,232.657506599296,229.95806228359,29.7886993673464,19.2813925538653,40.5104490610259,38.8349958580539,30.1783113511905,52.1084152501956,29.6437866711952,7.93404463955495
"ISL",NA,NA,NA,NA,NA,NA,NA,NA,NA,NA,NA,NA,NA,NA,NA,NA,NA,NA,NA,NA,NA,NA,NA,NA,NA,NA,NA,NA,NA,NA,NA,NA,NA,NA,NA,NA,NA
"ISR",NA,NA,NA,NA,NA,NA,NA,NA,NA,NA,NA,NA,NA,NA,NA,NA,NA,NA,NA,NA,NA,NA,NA,NA,NA,NA,NA,NA,NA,NA,NA,NA,NA,NA,NA,NA,NA
"ITA",NA,NA,NA,NA,NA,NA,NA,NA,NA,NA,NA,NA,NA,NA,NA,NA,NA,NA,NA,NA,NA,NA,NA,NA,NA,NA,NA,NA,NA,NA,NA,NA,NA,NA,NA,NA,NA
"JAM",NA,NA,NA,NA,NA,NA,NA,NA,NA,NA,NA,NA,NA,NA,NA,NA,NA,NA,NA,NA,NA,NA,NA,NA,NA,NA,NA,NA,NA,NA,NA,NA,NA,NA,NA,NA,NA
"JOR",3.44049804957,4.67134062267,6.09642992746575,15.7814954132095,20.307308044641,16.5911644392164,30.3786937740749,81.0697095867321,84.2987742117074,74.4813848499015,45.3316943257963,47.5481310327729,71.0712644327333,62.1970687535857,52.9012346041993,47.7740873345908,76.952221499595,0.64506005876,0.34019235147319,0.18381795729889,0.198374404535828,0.212829984498615,0.229002584393782,0.232826066500968,0.244432836333152,0.253101427316062,0.258008233288822,0.266478881564245,0.274582713981637,0.274777424998891,0.275271312375801,0.275388101389403,0.263013346607149,0.19894375644,0.00232577032355795,0.00368015494682142,3.30781493594215e-05
"JPN",NA,NA,NA,NA,NA,NA,NA,NA,NA,NA,NA,NA,NA,NA,NA,NA,NA,NA,NA,NA,NA,NA,NA,NA,NA,NA,NA,NA,NA,NA,NA,NA,NA,NA,NA,NA,NA
"KAZ",NA,NA,NA,NA,NA,NA,NA,NA,NA,NA,NA,NA,NA,NA,NA,NA,NA,NA,NA,NA,NA,NA,NA,NA,NA,NA,NA,NA,NA,NA,NA,NA,NA,NA,NA,NA,NA
"KEN",16599.0408293524,14380.3945758957,15233.5739116432,10616.3996160712,6059.28323491587,2240.63462806208,2685.20957016817,2630.83054234611,3252.16542625286,2914.12911768459,2313.08440776462,2442.32647866162,693.685074218839,410.698436477406,318.997780568073,303.768884523679,303.465009593194,408.423054394353,474.868754125226,825.385189422349,664.982643346853,397.383993617161,5.23316283725676,100.045237854664,209.676479924839,278.080676927469,291.536741046419,253.122547345373,246.35654534948,99.3916122746859,127.03406316203,117.061222091191,49.8205590235079,94.3053254515593,141.504655798776,74.5843157936532,102.550770800024
"KGZ",NA,NA,NA,NA,NA,NA,NA,NA,NA,NA,NA,NA,NA,NA,NA,NA,NA,NA,NA,NA,NA,NA,NA,NA,NA,NA,NA,NA,NA,NA,NA,NA,NA,NA,NA,NA,NA
"KHM",5746.04925249958,7821.72248075266,2111.91236420333,5085.62012882104,5913.91478124893,2569.56972150222,1562.45778562707,1099.36745968531,1382.82292324866,895.492369264553,745.852339160977,760.307141962459,645.064158210011,543.123766876966,540.137190914267,604.743105503876,716.667107664932,613.896394823768,1446.98191859239,1475.42081678388,941.047129236821,199.129922750019,166.194822076956,65.0442721589353,111.987706151293,140.596234392885,165.14970836733,132.807657852837,304.112286615213,246.018100923886,143.66199101257,41.6727675550815,40.1280440634971,3.148914734256,2.5167848285849,5.94649989868814,0.101448930366748
"KIR",1.0336660202643,0.782125720377301,0.638838699962873,9.95245563597012,14.1886457698914,0.677071680352438,0.836229783704942,1.87354882712919,12.3545873977208,0.442514610754635,0.459248611948085,11.1389084325711,0.526230026068289,1.34806159245905,0.474234483246807,0.343960187855747,0.261857207796567,1.72100328145543,0.014155232935996,0.0758479378990399,0.133133048314163,0.108869158655121,0.600781572592883,0.34591417303488,0.173845370325527,1.02898028105909,0.176998480131687,0.101148019239647,0.0877861560009521,0.0293163877216289,0.0302613170219996,0.0488196491896993,0.0722153238252731,0.0859531777779053,0.544746488425423,1.34623327552608,0.397371722533563
"KNA",NA,NA,NA,NA,NA,NA,NA,NA,NA,NA,NA,NA,NA,NA,NA,NA,NA,NA,NA,NA,NA,NA,NA,NA,NA,NA,NA,NA,NA,NA,NA,NA,NA,NA,NA,NA,NA
"KOR",NA,NA,NA,NA,NA,NA,NA,NA,NA,NA,NA,NA,NA,NA,NA,NA,NA,NA,NA,NA,NA,NA,NA,NA,NA,NA,NA,NA,NA,NA,NA,NA,NA,NA,NA,NA,NA
"KWT",7.70531174743325,4.17718021625571,11.2024007533209,4.74470650435714,15.918239278669,3.53136182230935,2.04965677826775,0.804682727330251,0.526337982588867,0.581588775666157,0.836095306098382,2.43576902729885,1.88488871638065,2.78074667519523,0.161903794089422,0.128806077864904,0.137068446553839,0.306628295624444,0.0564711673518216,0.0560894288216167,0.0670707153498316,0.0822010575626712,0.098810689750047,0.110849925205897,0.0943264070823139,0.104432698456853,0.117977310317211,0.135187648316849,0.148405266404232,0.103758114567097,0.127843339423372,0.13393108013822,0.206115903486095,0.243961529428176,0.184681422950999,0.144952409292279,0.136009699079378
"LAO",NA,NA,180.789702476505,464.759033052848,1060.24043577237,1385.2877643449,2281.44952871933,2409.15149560129,2811.47492724041,2535.21426274601,1971.9176256661,1340.98781644832,1321.09091836097,1212.78059889743,2280.74889709,1583.39858847925,818.556709024714,2050.2633701984,1771.71996137936,1032.29708115167,653.811064188363,673.553050361995,1155.07589751744,1419.70681322024,1035.57089845691,777.392938474661,1209.30869034691,10.2044342675881,33.3940677633443,68.8151078460722,106.638220284074,4.70673483309,3.54559744182938,12.3035189953207,1.99717371304552,6.22101445511519,11.1389346257832
"LBN",NA,NA,NA,NA,NA,NA,NA,NA,NA,NA,NA,NA,NA,4.62133599669618,4.33639287044609,4.12210697367178,2.74609208167241,3.19549434785097,2.88792464870294,3.86776836139866,0.144389807137,0.0292189309874059,0.0501063289503094,0.181456007370277,0.673095455414934,1.01025526648851,1.06713403966222,1.18548889159439,1.22224218522263,1.24407660964874,1.27213743208117,1.28463660806143,1.51308817077145,0.00331073085370873,0.00659460672886371,0.0253699655966861,0.00015607460784892
"LBR",7408.03018464623,5451.59236290628,3663.56271487687,4806.36822893228,2061.46694624046,892.901325496649,1637.68948972541,1925.10456916936,1466.64071759438,1929.15071061458,2084.85352129888,2161.83881221277,2397.5452933582,760.572439387921,401.288256505737,1452.77875602817,2221.55924342106,1267.39770653507,1259.80964659776,2339.1721514394,1144.94568898093,429.600004210322,234.273217235573,270.407350981662,2.94352125125634,70.10906176259,107.983449404853,23.6616654726612,43.5280408823823,1516.68444158965,423.175670828939,59.9415544246003,82.4764331655852,95.5203408813812,554.884781133351,471.749685517004,523.603649984728
"LBY",NA,NA,NA,NA,NA,NA,NA,NA,NA,NA,NA,NA,NA,NA,NA,NA,NA,NA,NA,NA,NA,NA,NA,NA,NA,NA,NA,NA,NA,NA,NA,NA,NA,NA,NA,NA,NA
"LCA",NA,NA,NA,NA,NA,NA,NA,NA,NA,NA,NA,NA,NA,NA,NA,NA,NA,NA,NA,NA,NA,NA,NA,NA,NA,NA,NA,NA,NA,NA,NA,NA,NA,NA,NA,NA,NA
"LKA",NA,NA,NA,NA,NA,NA,NA,NA,NA,NA,NA,NA,NA,NA,NA,NA,NA,NA,NA,NA,NA,NA,NA,NA,NA,NA,NA,NA,NA,NA,NA,NA,NA,NA,NA,NA,NA
"LSO",474.959413002559,450.252099553174,353.914130001277,370.428757391445,459.831620791807,210.736998302402,131.224573349426,96.7855890566801,76.7512600197912,94.6340107180907,104.378506174097,90.6031996493462,46.7080062772612,40.5506470263303,31.9835758116191,40.0818406625062,24.0395028520687,33.8327137784848,44.5955489403145,22.202922689556,2.78661449248,4.12761532273405,8.64788667203898,4.47099262788016,8.09593945705686,8.46043288482101,5.70764006569073,2.2690460009349,4.05220368006407,28.8616584132337,20.9851219129201,17.5863696343527,19.1123633072882,6.45533013129612,7.54809859193131,8.09071660339729,2.62490905665572
"LTU",NA,NA,NA,NA,NA,NA,NA,NA,NA,NA,NA,NA,NA,NA,NA,NA,NA,NA,NA,NA,NA,NA,NA,NA,NA,NA,NA,NA,NA,NA,NA,NA,NA,NA,NA,NA,NA
"LUX",NA,NA,NA,NA,NA,NA,NA,NA,NA,NA,NA,NA,NA,NA,NA,NA,NA,NA,NA,NA,NA,NA,NA,NA,NA,NA,NA,NA,NA,NA,NA,NA,NA,NA,NA,NA,NA
"LVA",NA,NA,NA,NA,NA,NA,NA,NA,NA,NA,NA,NA,NA,NA,NA,NA,NA,NA,NA,NA,NA,NA,NA,NA,NA,NA,NA,NA,NA,NA,NA,NA,NA,NA,NA,NA,NA
"MAR",803.93803970385,365.787608333421,570.437910044191,125.161133402687,65.6035344692354,107.325356491843,182.728976109306,49.6576654006507,20.4083916701446,16.8333606854912,17.2159554176923,31.2399370478437,43.2484161207783,26.0467721799425,18.6499658034502,12.7064287143238,10.6001584354969,27.5019131907034,38.0833530525096,28.2488464134534,14.7245136348117,21.2417635925626,39.0743328376176,23.7672971268472,21.8169629928713,7.99885835488919,8.07252480683234,6.08433786350659,2.13473743867716,2.44532969161942,3.40872895375218,2.98053029210133,1.75134713108211,0.068424595018,0.0707956743163054,0.20952948526765,0.00111120297626793
"MCO",NA,NA,NA,NA,NA,NA,NA,NA,NA,NA,NA,NA,NA,NA,NA,NA,NA,NA,NA,NA,NA,NA,NA,NA,NA,NA,NA,NA,NA,NA,NA,NA,NA,NA,NA,NA,NA
"MDA",NA,NA,NA,NA,NA,NA,NA,NA,NA,NA,2.56787883956207,1.91590115248062,3.43131715442562,2.99975786604387,4.61816313107963,1.18875774120287,0.929330817045222,0.640206799146384,0.390818735626401,0.633950338855756,0.525905603955921,0.965164391815223,0.0163637554843529,0.0160371222929245,0.0155386488265504,0.0196701261835884,0.0187026320411628,0.015774864468295,0.0137761825313794,0.0120580250823764,0.0109201484833838,0.0118978607736334,0.0156046998936896,0.0134986521503571,0.0117788574997354,0.010571808771259,0.00951996237240882
"MDG",24292.4874574982,10449.2229941536,12975.2540617092,8198.9694534288,8597.42637890575,3233.7656123224,1888.2563171956,2247.33810715098,3621.66040653549,2182.01898703015,1256.60720338914,806.860609454342,1017.89731235942,1771.30154518255,1713.95632193156,1306.57330466082,1896.11258329445,2131.98543046223,4279.22675560929,4368.32856176147,1950.41822228842,1692.68737766462,8427.37050539758,3222.66838334193,12.6514412765114,123.147572778184,185.37817907324,86.893021235041,214.253995584021,276.52411227837,117.691233617877,239.937319885336,339.455649089427,141.97292116161,305.322269155075,411.838764729963,147.293260085884
"MDV",NA,0.394169322554963,0.422069538130764,0.969274864212,2.5738806763582,0.436495175629449,0.473716269450415,0.328564221357038,0.288343626709017,0.159180288227141,0.148162161259135,0.0950856198781719,0.419138475069384,4.82725488286288,3.19369707921066,0.0413434540775239,0.00190746238794242,0.0290798545594767,0.193474624219915,0.187226987476595,0.199336549352,7.20393680466191,0.519514329836271,0.301214894720095,0.892661023805942,0.217109208580504,0.178250205059837,0.0586641183264123,0.0660866429600196,0.0480173961007953,0.0412887133381764,0.0368777080899885,0.0343313030665964,0.0327793812655266,0.0343274084600785,0.0358344305439221,0.0402076268265254
"MEX",NA,NA,NA,NA,NA,NA,NA,NA,NA,NA,NA,NA,NA,NA,NA,NA,NA,NA,NA,NA,NA,NA,NA,NA,NA,NA,NA,NA,NA,NA,NA,NA,NA,NA,NA,NA,NA
"MHL",0.00556021558031703,0.0180174326583349,0.0390055806713401,0.0664829569858286,0.0992702406208454,0.136222808250634,0.165006341491564,0.198232264808779,0.225225476005368,0.246064101710039,0.255199176442727,0.258456223676407,0.198118148814886,0.21389625153671,0.230919642692327,0.362487146116019,0.392579826488465,0.3842002688376,0.251986768764116,0.252164568239441,0.266356155152335,0.178423148815076,1.800573712455,0.257052962374546,0.254074641541186,0.249738507024472,0.164312962474239,0.160888513815301,0.159343065495665,0.154644676891742,0.150250808254821,0.150540416888723,0.157705041241656,0.158019423094962,0.158219600634043,0.15848492560045,0.157825339241133
"MKD",NA,NA,NA,NA,NA,NA,NA,NA,NA,NA,NA,7.87592975064937,20.5182903331065,13.139740563443,11.5852075268166,44.5344033401896,9.33287243841595,4.86451041721932,2.22798173666595,1.43608971601355,1.06101458036094,0.813581876220967,0.68357345523796,0.541048559226115,0.432588276863603,0.355791111523426,0.294122133365943,0.415333204660602,0.349504079661449,2.03330966325544,19.6528999150994,2.87234595930288,1.29893593151072,1.91326242116218,0.953587052894059,0.617212202834673,0.590787909038848
"MLI",10237.8222967596,20977.6222749132,10684.9096628552,5976.29459958527,8042.65926953093,5837.59863681058,5393.45508065447,5427.36012981647,4525.09307168244,2531.7208123731,18538.3000234449,9645.98972500405,12560.5455911551,5154.05054241105,4231.21780580048,13435.9617376826,5350.80794210697,12070.6829295534,4523.68622641662,2861.5530200001,4980.54425188162,32.4027402007975,344.381346110937,574.594118384111,87.865723292872,251.06387534178,364.972217500361,128.796490941354,1691.98522309571,1752.40862844131,1110.36420806492,370.279217639939,495.529848118479,737.565893349269,780.545626178478,720.14798883217,845.923220041054
"MLT",NA,NA,NA,NA,NA,NA,NA,NA,NA,NA,NA,NA,NA,NA,NA,NA,NA,NA,NA,NA,NA,NA,NA,NA,NA,NA,NA,NA,NA,NA,NA,NA,NA,NA,NA,NA,NA
"MMR",31874.4267139285,29627.102474042,22222.0912037129,19563.4563719868,19328.1989644483,15505.8386719397,21956.25185913,17109.6054752835,15361.127506856,35253.0122355916,17703.6563773496,7565.4827532001,7121.92249638257,4992.01623686108,3295.1067404199,4458.66129968681,2914.03764991983,3876.64295449038,1596.12957234079,1578.69776173404,4699.40441039109,2612.91107698318,2228.11164626561,3701.73994664083,1387.62780097975,2065.91581680265,2893.68172154002,893.840529756743,903.265262690589,600.709415728518,9864.22639553882,3878.24589057099,1856.43198112329,942.00566351547,273.650016532197,548.936515217173,2932.47645437003
"MNE",NA,NA,NA,NA,NA,NA,NA,NA,NA,NA,NA,NA,NA,NA,NA,NA,NA,NA,NA,NA,NA,NA,NA,NA,NA,NA,NA,NA,NA,NA,NA,NA,NA,NA,NA,NA,NA
"MNG",99.4006062435068,135.029513441028,157.512029760741,151.415733933404,152.237777972071,161.137598703372,95.4514378875533,67.4399082849006,48.2146001991997,36.7174576667336,15.9964622178265,14.2722935636772,6.38724733590581,6.13916153355398,9.74839641963809,9.18122725366393,4.91490733945344,2.44800049656518,2.47888232120446,2.62304848387975,6.77653719027,1.97358217338831,1.91333966914463,1.86439752387066,1.82855818723167,1.81197939288134,1.79696253904032,1.23854628755617,1.29621806123859,1.36088940642945,1.38924295027536,1.4129871471804,0.0181146904815663,0.08695191487,12.92156229809,19.21383444423,0.00571216959
"MOZ",8512.12271556931,5667.77453835521,5567.85575359084,5939.45643017565,7918.00664686186,7654.3276817791,6078.76571238726,5766.31806008094,11617.3495644632,8611.71543295361,3021.93058411197,1850.74947656904,2756.61727294373,4600.47755566063,2341.34346713665,3120.02163676791,5257.94568752279,5280.00834755773,1893.11338805356,2483.51863738271,2423.74180031141,2436.4802781871,3070.71135550676,3165.0343848121,4248.78248278975,58.1443848576317,199.399065452738,228.18955521088,73.5850210465707,780.405242418515,426.231093305906,103.956873066168,157.968596642538,208.741553460995,226.668233106517,653.234325223006,122.305119865457
"MRT",2285.9190819917,1386.21274479927,3606.96389561994,2271.45267510379,3212.15383704202,1206.80229818928,626.383040060219,275.459612182453,1048.06627532133,474.252575548854,926.946756980333,1019.63048291267,1165.81214786564,656.858749163339,242.34770212543,113.210617072173,143.76327562822,195.21134587487,784.907168224719,359.858766166137,373.230068899163,251.931024054724,508.637842420939,716.144393290037,3.75507991583326,31.2042863484392,49.4892535601453,62.5538130443835,98.2454529134864,195.55201328797,133.48222232907,30.7263316199656,47.7396886237144,62.529415042335,1.66585868022335,28.7174889761565,51.0606575285316
"MUS",0.188280260968829,0.416949001596544,0.624993272265393,0.84986767684267,1.02577853430852,1.1850519080115,0.911786906726642,1.01340441859028,1.07744889525699,1.15888495285726,1.16943278168577,1.19856540397947,1.22372571040249,1.24053747932729,0.831802263905469,0.926691860165051,1.36811837654017,1.37155151482338,1.40002005392109,1.40531681062105,1.37995055249522,1.38468340844367,1.29241355917408,0.809760053531815,0.760622004717647,0.714429837719895,0.674278279027559,0.636115424494039,0.601701620197751,0.569462490765367,0.540046537436892,0.512890703293809,0.469875559643852,0.462023856281069,0.44203366141922,0.42511492429989,0.409637038644125
"MWI",767.1893177546,1148.42628215499,2234.70319625695,2121.96351214933,2535.13040178292,2423.73676487399,2314.20035529436,1973.42547189369,1356.02747921557,1151.38772626002,811.449170603168,747.430539083487,395.327088368083,354.599063453248,318.686064737447,306.18242948978,308.350487440656,287.976480812546,8.46095776504291,44.7200426192041,136.858705972539,238.326575452251,307.467672575589,358.551157034651,391.516706946398,82.3768235517094,155.528231848096,217.120903034552,50.7319160732579,488.60388120896,205.231179315776,230.028804995761,250.690357572129,75.1549575539154,121.780670487424,181.69598072591,64.1191371213823
"MYS",NA,NA,NA,NA,NA,NA,NA,NA,NA,NA,NA,NA,NA,NA,NA,NA,NA,NA,NA,NA,NA,NA,NA,NA,NA,NA,NA,NA,NA,NA,NA,NA,NA,NA,NA,NA,NA
"NAM",NA,NA,NA,NA,NA,NA,NA,20.1922145369459,44.43913067386,60.4331558998429,65.4914614259543,124.831949617599,130.645317324516,121.018718662906,94.2972678284962,133.736168639483,178.366621607839,1.10791903108415,0.534031475043539,1.91370836234538,1.29430792966711,26.17106145472,20.14837851936,1.81902568716599,3.66128411741433,6.67631088017688,9.93972907653719,13.2148857412013,33.3404169632259,24.6950567235743,28.4741191566368,31.793899607156,0.675546338002555,1.89171246031092,1.07738458373296,0.0425680344436293,0.621039830171497
"NER",6622.83316945241,6099.51304136978,4690.1661958915,6523.34959440503,10397.2653456523,3338.03327043274,2442.00055353825,2679.96282697075,3543.67930485059,3263.54289489044,16886.6699182736,5403.76205342428,5621.77029247257,7459.38056433055,10675.3381370202,10622.124235913,5393.08394381823,2580.60345158414,5518.80566852928,3708.38527096525,9745.88261424476,5326.42564180319,8307.01275128479,9650.72021119679,180.362689810955,363.040272909196,497.934586588182,620.71102342184,126.530584220794,231.029301216288,112.330655860137,246.334270458984,17.68280256288,181.27359324174,812.568722664395,11.21066567712,206.746959165925
"NGA",61102.1794129352,63016.651771319,61600.574381962,84077.9790183397,73287.3213880364,52151.2870032613,35607.3118538218,34285.1784458717,72940.1490076244,52105.0029104996,22544.4468254208,38833.221284822,26524.0354091715,48238.0717417114,33192.2533572669,40013.2419732307,48490.4468701383,64834.8127551709,101285.226210058,96514.6318194038,75692.1335394726,27231.1539351659,64664.8429437094,23260.3526017776,50151.3554913445,9628.9543457133,8369.15048761131,23197.5501092692,3347.46775627195,18379.1107193756,40999.8773452124,8408.07336983168,23794.7951150045,8024.76522314923,27554.5608386987,40887.2343531388,12094.7679963914
"NIC",NA,NA,NA,NA,NA,NA,NA,NA,NA,NA,NA,NA,NA,NA,NA,NA,NA,NA,NA,NA,NA,NA,NA,NA,NA,NA,NA,NA,NA,NA,NA,NA,NA,NA,NA,NA,NA
"NIU",0.00319533933,0.00146285650408348,0.00190483229845542,0.00249323589205555,0.033551062965,0.01671987198,0.00549148982012738,0.00379115933795019,0.0038671631477427,0.0026429512223697,0.13023608246,0.00279054221987855,0.0027962628604369,0.00280656303239917,0.0033931339496684,0.00507370069214646,0.00513290269652932,1.85199892578392e-05,2.02762409337584e-05,1.4866524747681e-05,1.61038022999891e-05,1.79817013545411e-05,2.26521012842308e-05,2.41826201096764e-05,2.80353968466748e-05,2.9856415273486e-05,3.19629812093628e-05,3.39466697054135e-05,3.60214266145142e-05,3.81444747129562e-05,4.03173472201196e-05,4.13791850561367e-05,4.24525517792984e-05,4.35373248390822e-05,4.46334272522961e-05,4.57406924893686e-05,4.68589376586316e-05
"NLD",NA,NA,NA,NA,NA,NA,NA,NA,NA,NA,NA,NA,NA,NA,NA,NA,NA,NA,NA,NA,NA,NA,NA,NA,NA,NA,NA,NA,NA,NA,NA,NA,NA,NA,NA,NA,NA
"NOR",NA,NA,NA,NA,NA,NA,NA,NA,NA,NA,NA,NA,NA,NA,NA,NA,NA,NA,NA,NA,NA,NA,NA,NA,NA,NA,NA,NA,NA,NA,NA,NA,NA,NA,NA,NA,NA
"NPL",18.8823012656883,83.5278601647367,114.289998665326,173.271014984782,140.390605296278,94.6908188223501,81.5513404262556,69.4536174999317,62.8391115386743,59.8235094995551,55.3998212352097,54.5160917016983,51.7293237628395,99.8682106827135,337.788101086901,565.822721159309,1010.1015682798,445.512707758853,474.060264484842,554.131243597447,637.364985678549,466.570703336796,757.317041212499,730.372919390102,246.25897315953,122.084638806585,109.950885053809,126.488220940738,34.8920055695348,33.9783509390092,83.6763132545714,122.7684625194,12.905151497694,6.7513038888245,23.4241617711843,8.799912547326,1.89811245500615
"NRU",0.0274087608533765,0.0515136198752546,0.0840036331394946,0.12014061002055,0.15803924576045,0.19566583489249,0.237453594354056,0.278030617644659,0.315224285907766,0.716565942,0.464920636696105,0.485922699646662,0.512989287783204,0.538650718153138,0.561530869729734,0.586350443103876,0.528389892304031,0.00173750697222683,0.00696668443722235,0.0237381367943494,0.0157482539990378,0.0258212218551547,0.0526482145751767,0.0560558872835998,0.0390507671183352,0.0375687357444612,0.0361483885273273,0.0234478942629688,0.0226842309060054,0.0218682362302428,0.0210267771556915,0.0208431185804877,0.0203432163101559,0.0198691554529366,0.0193905199165492,0.0189360924683244,0.0185533855778698
"NZL",NA,NA,NA,NA,NA,NA,NA,NA,NA,NA,NA,NA,NA,NA,NA,NA,NA,NA,NA,NA,NA,NA,NA,NA,NA,NA,NA,NA,NA,NA,NA,NA,NA,NA,NA,NA,NA
"OMN",NA,NA,NA,NA,NA,NA,NA,NA,NA,NA,NA,NA,NA,NA,NA,NA,NA,NA,NA,NA,NA,NA,NA,NA,NA,NA,NA,NA,NA,NA,NA,NA,NA,NA,NA,NA,NA
"PAK",29198.4899185308,19601.5411545645,19843.2630450206,50472.8084115,25517.9301766194,40772.381434299,43622.7531106248,53769.8198021965,23815.0177163301,20543.0768652613,14803.6337694803,16064.0667726327,14949.7778412548,13656.6692471267,14033.665143535,13063.1284021284,13656.2554678171,14494.3316713747,15634.763288759,14575.8677265301,16649.4290864644,17529.553334143,19419.1408613452,13732.5478704255,11675.8225852335,15045.4822990875,11976.1876593137,3222.305141889,1089.76782972402,2731.72214194972,3644.58178697505,5126.93080120352,9768.3367628359,539.042393423195,57.7953054478034,591.03330390012,101.952268552102
"PAN",NA,NA,NA,NA,NA,NA,NA,NA,NA,NA,NA,NA,NA,NA,NA,NA,NA,NA,NA,NA,NA,NA,NA,NA,NA,NA,NA,NA,NA,NA,NA,NA,NA,NA,NA,NA,NA
"PER",NA,NA,NA,NA,NA,NA,NA,NA,NA,NA,NA,NA,NA,NA,NA,NA,NA,NA,NA,NA,NA,NA,NA,NA,NA,NA,NA,NA,NA,NA,NA,NA,NA,NA,NA,NA,NA
"PHL",1093.05491663342,2700.85803891507,4476.90304236259,7602.33833655391,7939.47578362059,7762.78906464911,9151.31768211523,8798.77786731345,5664.43516685185,4428.00841387611,3426.93349727746,3360.89922231181,2286.06495061715,1699.72964395129,1424.49438516147,1531.15078219697,1387.45990719544,1143.20338847972,14.1029723444532,62.892888445172,148.161785681811,266.775983746235,433.748499740506,470.616336229971,121.341981626483,151.832159863416,181.011125165643,92.2686038543325,107.996763571637,172.979722180784,242.231215961099,166.143186215585,205.107736013361,737.272947004677,239.876160494481,283.379763995294,318.026986978762
"PLW",0.283825625601633,0.375244544114814,0.418663149971087,0.424950663411793,0.426572829266827,0.160699412613942,0.112891716096798,0.0929838213037639,0.0706990002774996,0.0414309513917549,0.0388564610348572,0.0418529333126931,2.20959866487475,0.180732042275197,0.100946827446663,0.0773768428575622,0.09615982993165,0.138744926097986,0.0534579756948835,0.0459619830621538,0.119654303648984,0.0480815845109923,0.0629356572767608,0.0411694806023729,0.0327329777844383,0.027849033962304,0.0280506064446062,0.0273243317847873,0.0595575315449692,0.128420778081185,0.103520102969737,0.0484246894580962,0.0417566882421864,0.0375450290237794,0.0354367421299259,0.0338841072265918,0.0328965845858265
"PNG",3343.07069037356,2479.70512535128,1952.57537936518,1913.54612116893,1153.27246704853,1253.45414416892,1984.20944605567,1291.71103043719,1907.47018031781,897.041028208024,556.392241558041,1329.4443907048,1062.63578094547,1331.31767255629,800.487598319683,572.165581678938,308.202540185629,169.090816890428,1343.17515172314,1370.14081471399,836.585743274625,796.981417044584,529.12406664402,262.288287902214,156.332217157983,33.0484529071438,58.3291336145965,70.7456817700691,77.5029157592141,70.2129843457268,93.7046843677939,99.7848928656679,39.0139673274648,923.498540284911,272.897581659613,65.3269636965016,100.145323773412
"POL",NA,NA,NA,NA,NA,NA,NA,NA,NA,NA,NA,NA,NA,NA,NA,NA,NA,NA,NA,NA,NA,NA,NA,NA,NA,NA,NA,NA,NA,NA,NA,NA,NA,NA,NA,NA,NA
"PRK",0.0977097461137702,0.287749962236899,0.57860313460122,0.966403566760694,1.40623351100016,1.87714788235387,2.48077278688024,2.9474740277808,3.05853759589807,3.17877948197844,3.29783761036254,3.4061121696004,3.51423444518684,3.78442034609816,4.22759344282413,4.87750353899473,5.74844653142466,6.47224867522304,7.02967104370415,3.21113913259618,3.38142265574531,3.49732527868761,3.63616429371839,3.77343567053729,3.9017721444965,4.02963524224181,4.13294823842586,0.0144908375605386,0.0153093508774545,0.0159979655048276,0.0167198767609998,0.0174478442425337,0.018168730960042,0.0190017427350041,0.0197997840945038,0.0204522257340992,0.0211651129455937
"PRT",NA,NA,NA,NA,NA,NA,NA,NA,NA,NA,NA,NA,NA,NA,NA,NA,NA,NA,NA,NA,NA,NA,NA,NA,NA,NA,NA,NA,NA,NA,NA,NA,NA,NA,NA,NA,NA
"PRY",NA,NA,NA,NA,NA,NA,NA,NA,NA,NA,NA,NA,NA,NA,NA,NA,NA,NA,NA,NA,NA,NA,NA,NA,NA,NA,NA,NA,NA,NA,NA,NA,NA,NA,NA,NA,NA
"QAT",7.8882702952382,2.90959588719749,4.29563866496872,4.60133922617016,7.68705894075819,4.64690505939739,1.71063970774274,1.48556587544782,4.52160788621722,1.42397258585599,2.12476760285308,0.619658121016386,0.45264907081617,0.28808146595295,0.125628100082982,0.12144935558937,1.46594188497553,0.464509451539304,0.453336677643232,0.206598072446609,0.0260879057222329,0.0580055726047217,0.0687404941532443,0.0784039965404678,0.148519222808313,0.318564471342178,0.907376905104965,0.372939401907228,0.316473971535586,0.64980128019486,0.393550972320056,0.415808850033521,0.29759509426083,0.499062976494981,0.260142350637835,0.196537636315016,0.144291880511891
"ROU",158.982552169543,420.557534193087,39.4898986249252,33.6537966867964,36.8917598897669,137.730386624911,59.880580050661,17.4189901021564,23.3512626317234,23.9302306341055,11.2382973092718,16.1684150020202,71.0083689776881,26.6785720639961,14.5733964611161,9.57576840119981,53.5416755190774,31.1895681800099,0.381782507605045,0.622358429660918,0.88968132741917,1.15325882635146,1.39872972467503,1.70170751707131,7.59523315673233,9.59898350127348,6.63254306245303,5.09385425518114,4.343512769346,4.04547733874575,8.64581233809996,17.3605862182744,10.2817407941463,6.54770069912001,5.04906058664608,7.12803357586092,19.9355047803276
"RUS",NA,NA,NA,NA,NA,NA,NA,NA,NA,NA,NA,NA,NA,NA,NA,NA,NA,NA,NA,NA,NA,NA,NA,NA,NA,NA,NA,NA,NA,NA,NA,NA,NA,NA,NA,NA,NA
"RWA",10676.3407170419,4032.03771961509,2272.97657034075,1963.13004345422,1907.50613444237,5197.66931386991,1558.01778410755,503.945968558193,469.09854995017,693.50548744062,502.895095202722,1401.68352377627,832.645674002013,664.718787209707,2577.51495468315,569.314523165716,276.480774159166,596.109826278167,429.981415667508,313.478988392775,252.11699928939,325.368335059711,215.424917769373,10.7932078012422,55.355609267926,92.7180950751563,20.0975362905512,42.6200298854104,53.4954976008942,25.6364349639853,44.6643363305499,54.8865611636186,57.16825690254,3.40794539424,17.2376895744436,33.1630420322227,1.1936040632
"SAU",196.850919621811,181.803755191739,250.769869402793,166.625683785747,103.509341718459,91.0621766172981,117.223680929515,44.5852863780396,22.1635703433197,23.8113767563456,25.1075616158209,32.2944715032799,12.7856150806464,6.06519808344637,7.13360999678841,7.04930080857232,10.7087505773944,15.0822998548452,6.08555034419327,6.75373885654401,2.48368612694504,1.85459097036775,2.94463493099482,4.71412644488268,1.38568151320782,2.07187125676207,12.1199826164697,0.497381760819818,0.594248397539986,0.80487182170528,0.999088366015049,0.088620400596,0.350864443176,0.350059455694426,0.519074454589027,0.565100065378013,0.950575841762164
"SDN",38911.3308528222,30965.2985139435,14318.1870260456,12192.5836627112,32056.171551546,11980.3945843733,10566.5636900776,12825.0643743351,17963.241892468,19075.8243349202,12909.0702653455,19091.2973550847,11223.1080253634,9443.49510346613,8647.88338639954,8853.0884003859,7985.76746996915,8288.24270487976,9887.07758556403,10024.3204606105,10965.334481643,11563.3447951403,11307.8855357116,4835.73472947647,1038.43580041959,1120.45559757555,965.473658532398,1149.53531528786,1254.37928492637,1844.14601974905,2154.04338983069,2935.4147629189,2250.1458458747,22.2961263252,120.182143661805,247.672805709299,6.4047187932
"SEN",14000.1779308347,11443.808861018,9241.94626511872,6619.17437029359,6178.23702300246,2664.74517926529,1589.94449977679,1060.29177431,3721.3239302166,1565.9470222873,3905.75375054692,5285.6068482409,5091.99273720976,2580.25186919612,2605.00470014731,2015.67552637442,1774.36585481267,1762.16947511493,1269.17940255588,1618.18219763069,8886.6780492866,6399.18819614802,1915.60239489773,16.4765711534478,196.585208310021,228.070417094451,84.8100533549693,217.29867918523,417.494049234695,432.321374786221,351.516992983399,366.428811232402,371.291010276118,15.9074594588,132.788722110929,212.369657466421,2.1530150859103
"SGP",NA,NA,NA,NA,NA,NA,NA,NA,NA,NA,NA,NA,NA,NA,NA,NA,NA,NA,NA,NA,NA,NA,NA,NA,NA,NA,NA,NA,NA,NA,NA,NA,NA,NA,NA,NA,NA
"SLB",NA,NA,NA,NA,NA,NA,NA,NA,NA,NA,NA,NA,NA,0.950752791144275,1.31283756317263,1.42296222824063,1.82789999195691,0.137732686793998,0.00747419357945609,0.0444889252342303,1.60725568299,0.378155379390171,0.661340697210383,0.987920008028309,1.38947289820574,1.6241592615897,0.641003620149827,1.11852796289653,1.69236841877148,0.799572461209567,1.14564340450661,1.09875224180243,0.114998447872729,0.120496066310602,0.0409644359664562,0.00457050176668981,0.0059779340048923
"SLE",6979.25104293407,7504.21706575003,7937.98263479351,7279.07711542696,5986.12229390583,1205.53082588352,1857.04452780007,948.947514128526,1294.18034712513,1625.70337272665,1004.54458439047,1708.33264675748,4090.28740341968,1085.3792645775,982.21885121453,2239.88700951482,1165.90037395834,2460.19414067873,2241.63921149467,3078.11442565953,1454.70182780421,1148.66651050146,1106.33186904471,20.7768594122687,86.6899088387725,150.476085188299,57.1703146188162,130.624270248626,149.58402470389,968.416281936599,2441.69373550265,1061.69123456563,116.346345208544,227.558102667991,731.683134022279,923.710510553177,2360.86872085189
"SLV",NA,NA,NA,NA,NA,NA,NA,NA,NA,NA,NA,NA,NA,NA,NA,NA,NA,NA,NA,NA,NA,NA,NA,NA,NA,NA,NA,NA,NA,NA,NA,NA,NA,NA,NA,NA,NA
"SMR",NA,NA,NA,NA,NA,NA,NA,NA,NA,NA,NA,NA,NA,NA,NA,NA,NA,NA,NA,NA,NA,NA,NA,NA,NA,NA,NA,NA,NA,NA,NA,NA,NA,NA,NA,NA,NA
"SOM",NA,NA,NA,49.7252771430515,139.710233864658,288.815632419066,473.435041297676,671.277922154553,929.730322869511,1182.53872755167,1453.67893438999,1727.78691676286,1998.91545797004,2246.19600534413,2474.78703504014,2731.15540593981,2958.46347355541,3315.04437069245,3937.18239386005,4325.28445233048,4618.64834630064,5575.61562656182,6216.12818331871,7371.18224559511,6895.38367881921,5111.02100640857,1168.2970138835,392.1179771457,242.705838054469,113.478765223964,445.132721947677,326.612172781586,155.694012727275,522.25725953635,13.393062012315,48.0412446282155,27.942892140682
"SRB",NA,NA,NA,NA,NA,NA,NA,NA,NA,NA,NA,NA,NA,NA,NA,NA,NA,NA,NA,NA,NA,NA,NA,NA,NA,NA,NA,NA,NA,NA,NA,NA,NA,NA,NA,NA,NA
"STP",131.23324061804,18.9243391743833,152.531777045978,96.5234928665626,40.4085647761432,39.9268654636449,10.4349829241817,79.0214684757554,60.4041195892861,11.0062870269896,4.70369225821292,4.11265877663089,38.898043958747,159.895891703485,19.5985792931181,7.42912497713997,4.84174439184753,11.7885445742719,18.1418037753056,0.259914705334406,1.29256897484663,1.77703251410576,2.0327878898446,2.06311582270833,2.21462216784306,1.5606800317042,1.62652354980864,0.0120828830529585,0.424153930469081,0.80601033017357,1.1080233832286,1.28424968819253,0.5589979331548,1.00928533127131,1.20333572626777,0.495787795008566,0.929628712769123
"SUR",NA,NA,NA,NA,NA,NA,NA,NA,NA,NA,NA,NA,NA,NA,NA,NA,NA,NA,NA,NA,NA,NA,NA,NA,NA,NA,NA,NA,NA,NA,NA,NA,NA,NA,NA,NA,NA
"SVK",NA,NA,NA,NA,NA,NA,NA,NA,NA,NA,NA,NA,NA,NA,NA,NA,NA,NA,NA,NA,NA,NA,NA,NA,NA,NA,NA,NA,NA,NA,NA,NA,NA,NA,NA,NA,NA
"SVN",NA,NA,NA,NA,NA,NA,NA,NA,NA,NA,NA,NA,NA,NA,NA,NA,NA,NA,NA,NA,NA,NA,NA,NA,NA,NA,NA,NA,NA,NA,NA,NA,NA,NA,NA,NA,NA
"SWE",NA,NA,NA,NA,NA,NA,NA,NA,NA,NA,NA,NA,NA,NA,NA,NA,NA,NA,NA,NA,NA,NA,NA,NA,NA,NA,NA,NA,NA,NA,NA,NA,NA,NA,NA,NA,NA
"SWZ",NA,NA,NA,NA,NA,NA,NA,NA,NA,NA,NA,NA,NA,NA,NA,NA,NA,NA,NA,NA,NA,NA,NA,NA,NA,NA,NA,NA,NA,NA,NA,NA,NA,NA,NA,NA,NA
"SYC",NA,NA,NA,NA,NA,NA,NA,NA,NA,NA,NA,NA,NA,NA,NA,NA,NA,NA,NA,NA,NA,NA,NA,NA,NA,NA,NA,NA,NA,NA,NA,NA,NA,NA,NA,NA,NA
"SYR",1.8898075419099,3.70962146225012,6.33369294203155,10.0390398742799,13.2161696799211,18.7021583659786,21.4142734328526,22.6419221428686,23.4019415259129,23.6085987352854,17.1808009936086,17.1448963770568,14.4541944097537,15.3337219519531,16.2563287831616,18.5364725658946,33.6971626038135,30.8029669096995,0.104120555374915,0.113243396744688,0.121142743796937,0.230509543738,0.343193577201,0.213779548336094,0.22724629064944,0.242418441995162,0.256641790641139,0.0542839579738724,0.0582180733782409,0.0634741961099195,0.0681112136431721,0.078813029066738,0.31705773674,0.552280300889,0.019280538045,0.028278122466,0.315772367537
"TCD",NA,93.5751537552,125.51039518212,220.153009522579,471.274131054298,663.087936608334,852.089694149784,1012.45539496631,1461.16666447203,1805.39695426559,3851.67434644097,5049.22143782884,5915.78671520399,4681.99754635386,5669.19977721004,6634.83065057355,5193.4186565943,4763.05708568933,3704.66440038863,2814.17205570323,4210.65210261736,3415.12176089519,3700.69566441521,3440.91974748134,2382.31033307894,664.574807006299,115.650477311903,183.503827641776,17.1634391300545,156.865325578,4.75124974110974,5.53407447308039,23.81088699236,7.58031284296,2.13989692696,0.269231798320871,5.16124936092863
"TGO",4613.70966020824,4279.15922400685,3781.23494747527,5164.25932726208,5078.13813030345,2626.40588221129,1976.21279510738,3612.52509440134,1022.51095664558,648.29930872548,1421.48445476613,1003.07686780986,644.736623773809,1004.74817304099,887.828501548828,456.408223525733,315.467817619469,745.256022360645,613.914903970344,741.863358257525,569.678501661824,9.87435488754,82.2154227791688,105.113952541443,22.8658620286684,41.3295724854057,64.7779928328498,101.33020762568,57.7174360075859,86.0713734479891,39.132297463882,81.6821478262391,129.679101981261,29.4848436036589,48.6759023284216,60.4419501480795,9.44094133443215
"THA",370.122732320849,423.907672026877,528.776470502077,727.468961089491,494.477377074449,309.719881729614,699.282562618004,550.299305282075,249.780458839071,476.808462696947,272.237904530395,104.27107832213,187.734057751267,449.93634760607,139.871958670772,69.3124166060834,111.997686126556,94.2969672881619,31.9553635495457,28.0527593177445,51.4388247353029,44.7418108725137,32.1514681586504,27.0754811587835,24.3166458704326,24.4161348082997,26.3362059611085,53.0631784236732,42.0595950485591,21.3353507735335,20.9427541471071,35.4722044188553,20.7100781139474,11.1009601212251,4.75193684220642,4.70632974227548,11.8071179834149
"TJK",NA,NA,NA,NA,NA,NA,NA,NA,NA,NA,15.20325073583,16.114705723701,20.1811875352148,16.83715588539,14.1648946262303,5.8452893625389,7.40352562676287,8.27779161675953,6.4857458893312,5.24118400438443,4.38048469587578,4.14130909897941,2.2345629271817,1.86409879453946,0.00814028094696462,0.0138468366321986,0.041508432354,0.0297067074105375,0.0805521824803462,0.000205085511800286,0.000984829219691475,0.00292118793162595,0.00593030497683138,0.0100402507539534,0.0137235824717115,0.0181903462516211,0.0271718246298364
"TKM",NA,NA,NA,NA,NA,NA,NA,NA,NA,NA,NA,NA,NA,NA,NA,NA,NA,NA,NA,NA,NA,NA,NA,NA,NA,NA,NA,NA,NA,NA,NA,NA,NA,NA,NA,NA,NA
"TLS",NA,NA,NA,NA,NA,NA,NA,NA,NA,NA,NA,NA,NA,NA,NA,NA,NA,NA,NA,NA,NA,NA,NA,NA,NA,NA,NA,NA,NA,NA,NA,NA,NA,NA,NA,NA,NA
"TON",NA,NA,NA,NA,NA,NA,NA,NA,NA,NA,NA,NA,NA,NA,NA,NA,NA,NA,NA,NA,NA,NA,NA,NA,NA,NA,NA,NA,NA,NA,NA,NA,NA,NA,NA,NA,NA
"TTO",NA,NA,NA,NA,NA,NA,NA,NA,NA,NA,NA,NA,NA,NA,NA,NA,NA,NA,NA,NA,NA,NA,NA,NA,NA,NA,NA,NA,NA,NA,NA,NA,NA,NA,NA,NA,NA
"TUN",NA,NA,NA,NA,NA,NA,NA,NA,NA,NA,NA,NA,NA,NA,NA,NA,NA,NA,NA,NA,NA,NA,NA,NA,NA,NA,NA,NA,NA,NA,NA,NA,NA,NA,NA,NA,NA
"TUR",57.4523502558753,77.627380334871,116.856036349979,169.479738990216,134.733792091307,118.212507232953,106.254480891895,103.30658811952,121.952396876756,119.187086756027,139.451483587194,156.887478359796,193.27184872932,193.332229422016,176.764449238699,190.684517003554,179.302964634125,179.373217336958,156.645551961752,141.263201403207,153.862099687168,88.5246874059108,73.783089329665,3.824830291727,2.6564296862,0.572172673244617,0.432867088069563,0.46024779012436,0.492413833723099,0.522381710132571,0.556183086470894,0.587961197679085,2.23208866127,0.850492510334665,0.898018536700285,0.928958032160318,0.970503515043202
"TUV",0.0898116155131693,0.161597184906827,0.116898279188522,0.180864272946674,0.16814629436969,0.183388975050706,0.45373818486,0.134885778717602,0.133227861279446,0.121004868076872,0.13062039141783,0.137267340348798,0.142467222902913,0.137802061488058,0.125234083874023,0.117384041522407,0.106665948226179,0.0666650860650732,0.000230771724338672,0.00117377279707369,0.0012550035630488,0.00136887944778677,0.00144700677339256,0.0015158470157475,0.00175642901949439,1.62084829328083e-05,4.52049716257915e-05,8.07669854561683e-05,0.000148046614129348,0.000163617167630365,0.000202804216989432,0.000235500274728353,0.000274946179698648,0.00028835251397273,0.000333079757076139,0.000374881918577781,0.000421702876545564
"TZA",14031.463977454,14792.9702873619,9701.35606840259,5749.3359450182,6489.47758008606,5383.58362281399,4203.2133237917,1823.45250418847,1025.51125690398,1499.62059076464,2710.45707849013,1580.28710588103,1714.13843713832,825.025604494758,613.699627307442,1095.35600260715,979.711332431962,1157.61594704074,927.322043883541,1494.05586077365,1196.16176652392,628.721040760296,412.853472754438,227.557554736721,180.785503924354,93.2990454519036,439.875987320522,291.054611524444,186.748490454365,119.26391439411,123.83767210595,49.0242637626224,43.1928792466069,60.6977500249653,0.190998014270928,3.26524881587895,13.2624846013337
"UGA",371.376167260878,1159.57639131303,2691.17189148716,3219.79685799704,3431.50795857473,3582.37672298745,3667.71861035198,1356.95604281476,900.34849019249,809.860339721128,964.39472797705,5568.49757620596,5428.24104164769,8209.41804778767,7326.66761972695,5221.2195862112,3305.84733770306,6060.05282974809,6696.7494882908,7017.64243305332,5094.33969052005,7650.27981315139,5705.73054138221,14.4278984181722,43.8970700946454,138.008221636973,253.037314484435,288.680140333029,316.625387892059,72.1850654707917,145.883762911824,206.875748355058,75.87424759824,106.928795848034,145.833456576641,34.354369300805,71.7172761377292
"UKR",NA,NA,NA,NA,NA,NA,NA,NA,NA,NA,16.2724801862959,17.2462020097307,24.0863155259231,24.5678561733158,11.7911990065095,6.07132822373579,6.29994915202172,6.40758710685397,6.13765177010168,5.82790917636682,7.39821125637064,7.88500705783112,7.26946844002034,6.69590767326726,6.50197128562247,12.4817321739669,11.5376491708812,10.5654409509243,9.73414476834621,9.06976593722662,17.93957408396,20.4693981512543,18.8807005830007,18.281838533959,17.3695795307477,16.7607695145443,17.0072525594268
"URY",NA,NA,NA,NA,NA,NA,NA,NA,NA,NA,NA,NA,NA,NA,NA,NA,NA,NA,NA,NA,NA,NA,NA,NA,NA,NA,NA,NA,NA,NA,NA,NA,NA,NA,NA,NA,NA
"USA",NA,NA,NA,NA,NA,NA,NA,NA,NA,NA,NA,NA,NA,NA,NA,NA,NA,NA,NA,NA,NA,NA,NA,NA,NA,NA,NA,NA,NA,NA,NA,NA,NA,NA,NA,NA,NA
"UZB",NA,NA,NA,NA,NA,NA,NA,NA,NA,NA,151.217449740229,78.9182600106094,92.8777083770798,64.9256998978067,19.867119355943,5.72109724452671,5.19999174632803,7.96218149845256,11.0864193266667,3.01740653685046,1.2991889797151,0.800667070217585,0.830786946030139,0.798300928419423,6.44026270581134,7.56782145041412,7.80690216004523,0.0361580982977823,0.162525532362279,0.699667718025902,3.92591522376908,0.0131971584468717,0.0215994580283936,0.0371672159665191,0.0711431464582371,0.0799147543233844,0.0859244067452538
"VCT",NA,NA,NA,NA,NA,NA,NA,NA,NA,NA,NA,NA,NA,NA,NA,NA,NA,NA,NA,NA,NA,NA,NA,NA,NA,NA,NA,NA,NA,NA,NA,NA,NA,NA,NA,NA,NA
"VEN",NA,NA,NA,NA,NA,NA,NA,NA,NA,NA,NA,NA,NA,NA,NA,NA,NA,NA,NA,NA,NA,NA,NA,NA,NA,NA,NA,NA,NA,NA,NA,NA,NA,NA,NA,NA,NA
"VNM",7803.13968772602,12173.0578263507,16239.7254189659,18450.0641415354,18589.2768554254,17117.4717827903,16289.5449428163,14435.3639960559,12164.1685136322,10102.4132206626,5919.37847140179,5297.00145446121,3208.87047771537,2743.93823221303,2554.51942119318,2383.3299319924,2243.29356496484,2129.92110358576,2062.70351267795,1971.20654319739,1885.34348819027,1840.50539387722,1049.92118079359,517.700486888095,644.80385837227,632.294487341699,808.496215174504,753.514814046889,852.519274961942,893.854620703021,401.63716913701,472.192929700657,550.918893865336,92.076049234212,1.267487691776,5.35922718798281,1.123905101692
"VUT",1.57674312199369,15.1645779060288,6.87790516765723,29.4944605926384,14.4650981324566,16.436989954167,5.31681503858518,2.97515096786961,2.89531767683428,1.69504667754496,9.04040972146083,3.44161444070789,1.18251302502994,0.831418823841015,0.698106542351912,0.530434276179335,1.14574458837031,2.69200195655394,0.0306834566169851,0.211242303118268,0.339256327751096,1.01420787879669,1.72230663526761,3.8150545762133,1.49138387678501,1.03655356206276,0.0832669989536653,0.098673670286039,0.105816498083476,0.0240068228090527,0.0508876892419258,0.0964530985664001,0.131631119484321,0.0501756647389585,0.249548155052644,0.391366686113153,0.0707242329084637
"WSM",0.508352014197782,0.462156005733985,0.489388254577049,0.967959204916344,6.97324697521794,3.86665752149533,3.5567446135006,3.37992891038889,3.11946059536601,2.80286683883672,2.75017791884822,2.50374766067462,2.28588704114073,1.40738648586723,1.28730635610849,1.20642420011052,1.10491877741734,1.02460526147596,0.0065351928414987,0.0204238587967896,0.0432318150071043,0.0446665575046932,0.1553154758461,0.0774584168519004,0.21588324153975,0.443461009632373,0.860701109555418,1.10691565384643,0.324923732886253,0.151767362658266,0.229410028814958,0.271483441353245,0.282856957823722,0.293075173276586,0.372160373267012,0.457355929329885,0.573173959195253
"YEM",3026.51395341577,6184.03564529195,8786.18256056861,10603.0414559064,8188.96277205096,5492.54218246283,5289.73274905258,3990.27203798629,6374.43792731065,4737.93170640122,2234.38214506738,1977.02940345117,1639.27011235889,1597.92272006809,1543.06955218086,2268.1443097158,1707.85659818824,2310.96596237931,3004.86613486983,3016.16407279035,1405.21079941813,911.250723513774,1442.30496936636,1861.10725776739,1667.80423002288,1775.97378544732,8.26704137766196,31.5324357758263,108.096089286296,183.348739356779,297.491450537569,374.693989761184,39.9336091671592,36.75299007778,4.01035191336,1.22538530686,3.71043243266
"ZAF",5801.42549905598,5058.45181848278,4338.75790863435,5905.66491467802,6538.0642982163,5019.18149785037,6031.36693636561,4036.93354995855,4741.90354055286,2901.48958910632,1526.88786878725,1474.56632496813,3349.96427779958,1917.69632128064,2240.55176469149,1728.7623635148,534.548073212946,63.0075722169812,109.58329323031,281.211525106508,204.497674614524,289.422041748236,214.177226319451,253.766499135309,143.698829599193,175.048215273094,181.278311362381,64.6064119590874,433.257425157694,1906.1212461669,633.497121400512,331.368244951778,246.963596354064,182.047139609343,157.93540807103,153.120280653339,54.7220167602484
"ZMB",13221.9976236561,4454.34737880196,3086.40387338984,2259.33777334276,3087.57607221368,1609.4045435057,1001.86971285274,590.295347942454,369.734598196486,336.894821686138,245.830605295167,475.218542230883,525.662085108925,393.73512795428,291.682253423876,294.947582379109,251.822607371673,469.794227256837,645.826883753307,846.142350184832,539.669540609466,692.100036843225,295.590186001617,2.6375823546397,52.9550881008162,112.028187497692,122.135844005116,27.0582167071534,55.4990116663804,444.292821355222,434.277585749152,225.338469728823,2.14403423784302,51.3771879945704,76.2682174444201,0.98310809556582,27.8823991849444
"ZWE",785.276050478902,1014.55099099629,7745.36223723076,4454.17816296259,4135.91759807906,2683.40120160864,2348.83433486104,7011.75701951661,6192.90466235607,1611.21329787372,1957.10367705045,1529.81381795624,2789.90571300611,3122.09535513129,1228.49825439928,3088.18446072963,1464.07440524496,626.629583124173,18.4124878630474,108.007017102336,166.187593732128,197.637888991231,100.040930109816,159.495667582306,211.968924387331,231.69438392259,76.9419239368867,140.218891842908,209.879525827283,534.949217436925,305.144567707324,241.534807812411,56.234669244597,135.89877561968,164.665252852442,44.3285684748633,101.843448802504
