"","X1","X2","X3","X4","X5","X6","X7","X8","X9","X10","X11","X12","X13","X14","X15","X16","X17","X18","X19","X20","X21","X22","X23","X24","X25","X26","X27","X28","X29","X30","X31","X32"
"AFG",63654.8625579197,30638.1014999104,27829.1368316237,23236.1671292805,20148.2380574173,10325.09391588,13117.0589358955,5318.02835379752,1755.63176551689,1518.1596037278,1056.50278558217,1.29646572287966e-08,0.0219812983566475,197.813045839564,609.298211080191,228.411144084276,18.0171917337848,3967.82200691273,4576.14771659488,8170.73916277775,11383.1500363835,4950.75544772384,7.82995644737183e-09,7.47802453226572e-09,288.146008953204,1153.71859305136,6.88848217555672e-09,6.67346242360085e-09,1398.49415274786,547.395243441176,1650.21768001411,1153.73427217929
"AGO",8140.73219725867,11757.5658777787,8525.66860153113,8492.22934674726,8605.34258160514,5628.80550314634,4615.21240149931,7949.27677113858,7293.35587823256,11473.7783026889,6890.48547603294,6075.18550462836,3419.89575798181,2035.06258183851,692.886492596038,224.13126013322,2267.42249126909,1172.94316439629,441.870796599087,594.024556366796,2644.94558158933,3963.22391414119,1206.64057550956,3.61768010225661e-09,2.76961001099493,179.177930988087,3.75073159052399e-09,10.772372661645,328.715140121927,2.93009830669361e-09,83.7251668474038,238.406081816095
"ALB",NA,NA,1.02010392822487e-08,1.00144220267331e-08,9.72743066856964e-09,9.49901481827488e-09,9.23570680558923e-09,9.03076915747465e-09,115.98184845526,8.75853366599105e-09,0.0445849618924267,0.00533181270744636,0.0789551547501868,1.17003205449364e-08,1.17907067506307e-08,9.04053152620472e-09,0.0514797548518688,0.11599257235891,0.0419039481749488,9.06080369754472e-09,9.15958519364503e-09,9.3580407189205e-09,9.24928768118342e-09,9.34988378179211e-09,9.58359985134008e-09,9.48175023430174e-09,9.58670105162496e-09,9.52706016969602e-09,9.47058597490405e-09,9.54197511664409e-09,9.46993317462221e-09,9.60425930314318e-09
"AND",NA,NA,NA,NA,NA,NA,NA,NA,NA,NA,NA,NA,NA,NA,NA,NA,NA,NA,NA,NA,NA,NA,NA,NA,NA,NA,NA,NA,NA,NA,NA,NA
"ARE",NA,NA,NA,NA,NA,NA,NA,NA,NA,NA,NA,NA,NA,NA,NA,NA,NA,NA,NA,NA,NA,NA,NA,NA,NA,NA,NA,NA,NA,NA,NA,NA
"ARG",NA,NA,NA,NA,NA,NA,NA,NA,NA,NA,NA,NA,NA,NA,NA,NA,NA,NA,NA,NA,NA,NA,NA,NA,NA,NA,NA,NA,NA,NA,NA,NA
"ARM",NA,NA,NA,NA,NA,NA,NA,NA,NA,NA,3.871773923317e-11,3.83018060727851e-11,3.85179328869e-11,4.03574726886981e-11,2.57362694146832e-11,2.00869841936148e-11,2.06450065985408e-11,2.04984328038603e-11,2.04879483522202e-11,2.10908742310979e-11,2.12164896018249e-11,2.10305583491002e-11,2.14895576647958e-11,2.13239521422488e-11,2.12486357309432e-11,2.12133361979286e-11,2.15629824653342e-11,2.15686341117925e-11,2.14171678135393e-11,2.14564708992451e-11,2.15691668460806e-11,2.20216188270304e-11
"ATG",NA,NA,NA,NA,NA,NA,NA,NA,NA,NA,NA,NA,NA,NA,NA,NA,NA,NA,NA,NA,NA,NA,NA,NA,NA,NA,NA,NA,NA,NA,NA,NA
"AUS",NA,NA,NA,NA,NA,NA,NA,NA,NA,NA,NA,NA,NA,NA,NA,NA,NA,NA,NA,NA,NA,NA,NA,NA,NA,NA,NA,NA,NA,NA,NA,NA
"AUT",NA,NA,NA,NA,NA,NA,NA,NA,NA,NA,NA,NA,NA,NA,NA,NA,NA,NA,NA,NA,NA,NA,NA,NA,NA,NA,NA,NA,NA,NA,NA,NA
"AZE",NA,NA,NA,NA,NA,NA,NA,NA,NA,NA,70.3713749297583,3.85989551662089,10.5222034857269,74.5166429925414,2.31455065576925,1.07507103567206,3.36502617176757,17.1140462986928,4.82436529201383,0.944381902591924,0.494957806883768,37.674718461882,9.55252205095676,2.287948965439,4.07216539447833,0.227014842668556,9.47965406815284e-10,9.35249721511019e-10,9.46688384134825e-10,9.41918632369303e-10,9.12190418571234e-10,9.16543052410782e-10
"BDI",8439.7867568232,5221.1832377905,6342.13058786548,3562.14649461654,4499.4687219462,4887.74919611299,2833.97536104674,4011.55054686018,3315.70773909763,1602.67735356847,1003.50559609068,2192.92831793178,2386.14101944732,1082.37714192529,1338.79748297927,1516.38290981524,403.185718164844,233.56246398915,261.357118576178,1734.54313505996,723.202270904886,23.5898241680598,2.2483759204456e-08,2.18825299306133e-08,3.43526945690683,16.7941946344106,1.96229006448053e-08,3.13591196356704,14.2502218226692,1.45218767214459e-08,1.39585424537349e-08,0.315461246569884
"BEL",NA,NA,NA,NA,NA,NA,NA,NA,NA,NA,NA,NA,NA,NA,NA,NA,NA,NA,NA,NA,NA,NA,NA,NA,NA,NA,NA,NA,NA,NA,NA,NA
"BEN",10121.2182560284,8877.83785240866,8682.65035133409,10228.4552879728,10082.4774509408,5387.98596952469,10214.8504895554,3980.4380556129,2277.84221436064,117.148165376125,3509.8372709436,2018.84669277408,2164.99300924138,4592.54102544019,6681.49773087123,1505.14535175225,6345.00436174964,1218.23109529962,1277.20475148212,2234.83645991612,3366.96234838683,726.5937940187,363.25997737542,2.49866906494032e-08,52.6463348969607,2.3411166700138e-08,55.5153392311269,335.356368330819,146.26140781607,327.126160947431,273.033884558519,1.9690882840166e-08
"BFA",10014.6410448411,12621.5506721226,12872.5123040319,19384.7366825409,10151.5356602062,6424.69552411369,18377.7553760094,4199.45432057892,3561.99137840477,4760.10858260841,3183.19639116802,11823.0683138633,7052.13826559924,1966.41478308966,2974.41715412645,10794.2449524081,2113.88917916608,2274.47309125692,3786.1514998961,1673.17371955291,2306.93978226976,3.26714073329949e-08,605.796887740398,312.946558891382,2.57949844901735e-08,2.5106697280429e-08,2.42624659793468e-08,1.90754650406065e-08,3051.86748475964,915.7620003784,377.341661670138,270.281198499227
"BGD",23215.0588411486,47923.7246328858,26303.876285072,30395.1662977169,30490.195155645,37385.7247661203,36042.9305748338,30094.6978784871,26200.4836342411,6159.60047994552,16972.0047319608,12475.9232842596,9168.97480738091,16205.0404189623,9506.14920279196,8370.37656794887,17847.8130029433,12707.3543540644,10225.5349160416,8775.89577676689,7196.30405751114,6047.4453712247,6225.72273544187,15281.9863500226,21251.6617161549,10611.0886257823,4.05790219277338e-10,51.1705763417292,91.7132967749866,94.3354752317707,312.078653364595,842.213901442245
"BGR",6.2188152856377e-09,6.19934603838166e-09,6.19985863429953e-09,6.16488491953183e-09,6.23424156727583e-09,6.21682662737707e-09,6.3070153676215e-09,6.25539149130198e-09,6.26480363931966e-09,6.37111983441058e-09,6.32423681056897e-09,2.37029328633687,6.58513904276179e-09,6.57484385582157e-09,6.64888700461751e-09,6.80210390820906e-09,6.83608172116792e-09,6.9683225163364e-09,6.93232469259139e-09,6.98159743445556e-09,7.04234334897669e-09,7.19065117250811e-09,7.03473013513231e-09,7.25518822469266e-09,7.35078001439090e-09,7.36751979210388e-09,7.31976294713006e-09,7.42518403639431e-09,7.54580169478353e-09,2.6687567602952,7.70219309657782e-09,7.58527181195570e-09
"BHR",NA,NA,NA,NA,NA,NA,NA,NA,NA,NA,NA,NA,NA,NA,NA,NA,NA,NA,NA,NA,NA,NA,NA,NA,NA,NA,NA,NA,NA,NA,NA,NA
"BHS",NA,NA,NA,NA,NA,NA,NA,NA,NA,NA,NA,NA,NA,NA,NA,NA,NA,NA,NA,NA,NA,NA,NA,NA,NA,NA,NA,NA,NA,NA,NA,NA
"BIH",NA,NA,NA,NA,NA,NA,NA,NA,NA,NA,2.62932449950752,2.93344794700725,6.37850466511512,50.7100741956889,8.04820488790984,0.00178734652485706,19.9855044247153,9.91362013842461,1.66839259804886,0.0880729529267549,8.65982149981629e-10,8.6319621721874e-10,6.6166521000306e-10,6.68313404388868e-10,6.50677490264788e-10,6.66430714262748e-10,6.53010104878131e-10,6.62699522692614e-10,6.6512055229294e-10,6.6415942017486e-10,6.64636597581858e-10,6.68195862519726e-10
"BLR",NA,NA,NA,NA,NA,NA,NA,NA,NA,NA,NA,NA,NA,NA,NA,NA,NA,NA,NA,NA,NA,NA,NA,NA,NA,NA,NA,NA,NA,NA,NA,NA
"BLZ",NA,NA,NA,NA,NA,NA,NA,NA,NA,NA,NA,NA,NA,NA,NA,NA,NA,NA,NA,NA,NA,NA,NA,NA,NA,NA,NA,NA,NA,NA,NA,NA
"BOL",NA,NA,NA,NA,NA,NA,NA,NA,NA,NA,NA,NA,NA,NA,NA,NA,NA,NA,NA,NA,NA,NA,NA,NA,NA,NA,NA,NA,NA,NA,NA,NA
"BRA",NA,NA,NA,NA,NA,NA,NA,NA,NA,NA,NA,NA,NA,NA,NA,NA,NA,NA,NA,NA,NA,NA,NA,NA,NA,NA,NA,NA,NA,NA,NA,NA
"BRB",NA,NA,NA,NA,NA,NA,NA,NA,NA,NA,NA,NA,NA,NA,NA,NA,NA,NA,NA,NA,NA,NA,NA,NA,NA,NA,NA,NA,NA,NA,NA,NA
"BRN",NA,NA,NA,NA,NA,NA,NA,NA,NA,NA,NA,NA,NA,NA,NA,NA,NA,NA,NA,NA,NA,NA,NA,NA,NA,NA,NA,NA,NA,NA,NA,NA
"BTN",100.179224139316,175.859579446687,125.277706161432,122.416632398077,72.5412205638463,85.131400554447,58.9415419843754,33.9897493682764,46.7133803603681,12.9205626347788,30.748562848957,9.75307731730278,29.970414261945,42.829275830064,10.0304046097183,0.624699072327061,9.34989239040464,7.90758303484482,127.116511879996,29.7713231049683,57.909513290585,7.52596563401522,2.79065007337882,1.96190741490217,1.44223877648428,0.0338088851161917,2.92592547159967e-07,2.85687644609644e-07,2.80162051163325e-07,2.7338872360907e-07,2.72849535622156e-07,2.65712918479806e-07
"BWA",26.5683625818464,31.5125119322606,544.172065963566,458.440662638929,77.4142943765892,13.1983333506944,3.75272090415868e-08,2.97610206214274e-08,103.549133696947,38.8654490847025,2.30967177280804,2.63596027400108e-08,230.304683998269,128.066636348505,12.641673157957,3.51968421780115,216.503814539568,2.2555150517135e-08,2.21607831894271e-08,7.65636340501395,0.167368074486261,2.1377004020248e-08,2.08141486037113e-08,2.05677639439254e-08,2.05364740870234e-08,2.02981701573064e-08,1.99626451730817e-08,1.98836756167697e-08,1.96739031805984e-08,1.95018241265855e-08,1.95580766978893e-08,1.91242144420262e-08
"CAF",4201.40905805848,2472.77169986654,1438.97420700427,8018.44197248814,2346.1263470221,1634.17946124082,1994.68996578672,1711.71108450504,332.434505334071,922.478358640532,4004.48889397941,2584.54645276191,1353.51261541131,152.149860750346,811.388799765133,318.368904624629,206.963210926902,179.97642458912,426.56830448022,3339.70274071018,2777.05048091665,991.247509024748,589.663382534763,973.300527798311,439.993956853683,5.86159257062772e-08,5.70848525405865e-08,6.24711044647287,4.74654367729444e-08,5.40148072261531e-08,349.100006501194,5.18059005086701e-08
"CAN",NA,NA,NA,NA,NA,NA,NA,NA,NA,NA,NA,NA,NA,NA,NA,NA,NA,NA,NA,NA,NA,NA,NA,NA,NA,NA,NA,NA,NA,NA,NA,NA
"CHE",NA,NA,NA,NA,NA,NA,NA,NA,NA,NA,NA,NA,NA,NA,NA,NA,NA,NA,NA,NA,NA,NA,NA,NA,NA,NA,NA,NA,NA,NA,NA,NA
"CHL",NA,NA,NA,NA,NA,NA,NA,NA,NA,NA,NA,NA,NA,NA,NA,NA,NA,NA,NA,NA,NA,NA,NA,NA,NA,NA,NA,NA,NA,NA,NA,NA
"CHN",28399.3270073369,25111.6861563311,21877.8065455612,17094.9194773048,11467.5263266071,6587.58586315786,3771.71319133192,2722.33179312361,2292.7149381236,2154.36154577234,3009.41164001331,3583.58221764273,3265.21923487177,2448.96235154471,1737.54283373432,1748.02134931345,1970.54862107842,1528.57022047435,1534.73907575723,1712.50338677281,1911.96514915976,1295.53654032726,1414.64106935133,1430.62640810978,2158.34465179284,1728.41601917368,1870.90999999562,2416.20264103599,1035.72470413232,378.326701352487,170.891829490157,47.1451046821237
"CIV",7523.3050877734,8013.77793911971,4051.14592436925,2716.57315976035,3847.83956356155,13551.2269358484,19736.9126157679,9239.16424379639,9688.96607708697,9084.9639735973,5051.09734694039,7185.25271544859,3860.70653077622,1085.04937800732,18973.4859407831,11297.7890535117,5183.56061611728,4999.7861854457,2342.97801042706,1987.46046256684,1963.41708004935,1993.47633126488,1640.45867745737,910.347761257481,188.037454909395,3.65819326914964e-09,3.59913302332808e-09,3.53038491707399e-09,3.48497183849254e-09,3.39500581984395e-09,76.9762231752007,3.25073646401172e-09
"CMR",NA,11084.2061252733,17937.1947937302,10875.839634738,13716.7709348839,8940.54721482867,4662.04361917023,6041.36099626311,6366.03138166254,5533.00479248248,3902.84974728112,7337.34083794741,3535.97935964988,1206.3274220007,731.737715736225,2495.89113600283,2031.97360378267,2515.34399915085,2713.04158031995,3562.48944136014,6222.63229983967,4.06283064109978e-09,3.93037461553918e-09,3.87319284964108e-09,37.2828885507378,35.8427672228213,3.08175466669784e-09,2.99679895753702e-09,2.91301603145484e-09,2.8526521598516e-09,2.78144550149855e-09,9.14535584144516
"COD",7.80582042101699e-10,7.64269315810652e-10,7.44441248314118e-10,7.19733068222834e-10,6.99233374854122e-10,63.9378421704499,150.503817335849,93.9713779247258,24.2357384504972,6.03851084427591e-10,5.81074472834918e-10,5.59513488046355e-10,5.37873477678566e-10,5.16361339434086e-10,4.99680991600632e-10,1.63241113373852,35.1590255810126,676.065764638532,1505.73720131193,1031.09161294752,868.37865334738,3836.61159151024,1344.61417792365,5636.44101984276,28603.0921642981,10195.621477841,4028.99582530506,3.09854157351528e-10,3.00640178019812e-10,2.90413398875506e-10,18837.3341064692,11101.7043163378
"COG",95.0186289225501,1909.7363491325,3281.78126889818,3926.97771317763,1456.90738124691,820.537675090418,124.219703454011,1.21530727529036e-08,1.17852098087485e-08,0.231614079704009,90.5329701013144,195.781356109261,33.904057140017,1.03774542403129e-08,8.61478470654133,127.622722810008,89.9682145556039,16.112634069062,1.36501229055149,10.7716878920551,48.0065936992234,117.066507243122,214.834206922794,233.583830788833,9.00198430735245e-09,8.70645548817919e-09,8.40807615860187e-09,7.04394976480659e-09,6.83729342832909e-09,6.63775797293972e-09,6.49565296153829e-09,6.30308778104812e-09
"COK",1.25141071463002e-07,1.24797480164292e-07,9.43812158217168e-08,1.23225829589936e-07,1.22349727943319e-07,1.24094792927014e-07,9.3140388605779e-08,9.27751709686253e-08,9.40166117271326e-08,6.89073682673664e-08,6.9477458536532e-08,6.88908180499634e-08,6.80738284717484e-08,6.78101084751168e-08,6.85629076186551e-08,6.64384211332568e-08,9.04363482605457e-08,9.17668317397133e-08,7.01433786670277e-08,6.93024983747212e-08,7.01402789599005e-08,6.76171271740354e-08,8.83837662508123e-08,6.50574554457706e-08,6.28002430521458e-08,6.30922021534559e-08,6.34438776291164e-08,6.1864923421053e-08,5.94939491059462e-08,6.07001378522857e-08,5.96802849939373e-08,5.98704270663319e-08
"COL",NA,NA,NA,NA,NA,NA,NA,NA,NA,NA,NA,NA,NA,NA,NA,NA,NA,NA,NA,NA,NA,NA,NA,NA,NA,NA,NA,NA,NA,NA,NA,NA
"COM",NA,NA,NA,NA,NA,NA,NA,NA,NA,NA,NA,NA,NA,NA,NA,NA,NA,NA,NA,NA,NA,NA,NA,NA,NA,NA,NA,NA,NA,NA,NA,NA
"CPV",45.5570391037873,384.088990206427,417.576714549518,24.3058224405437,83.5315628101085,2.55222194329698,114.663930549726,7.56018231481634,1.62373220765002,1.33557055797098,2.04733743598898,1.12616459192648,0.304938545058544,1.56994168816353,1.34458582959521,0.542012696860333,239.259723186946,56.298542379084,5.58220412100904,1.1051064966038,0.169721740125684,0.00376507934118342,5.24593548600267e-07,5.11880023857357e-07,5.09956645413984e-07,5.15283197576417e-07,5.07432439570396e-07,5.02227574534316e-07,4.96391080884281e-07,5.06050767687269e-07,4.97242873968224e-07,4.93373160096584e-07
"CRI",NA,NA,NA,NA,NA,NA,NA,NA,NA,NA,NA,NA,NA,NA,NA,NA,NA,NA,NA,NA,NA,NA,NA,NA,NA,NA,NA,NA,NA,NA,NA,NA
"CUB",NA,NA,NA,NA,NA,NA,NA,NA,NA,NA,NA,NA,NA,NA,NA,NA,NA,NA,NA,NA,NA,NA,NA,NA,NA,NA,NA,NA,NA,NA,NA,NA
"CYP",NA,NA,NA,NA,NA,NA,NA,NA,NA,NA,NA,NA,NA,NA,NA,NA,NA,NA,NA,NA,NA,NA,NA,NA,NA,NA,NA,NA,NA,NA,NA,NA
"CZE",NA,NA,NA,NA,NA,NA,NA,NA,NA,NA,NA,NA,NA,NA,NA,NA,NA,NA,NA,NA,NA,NA,NA,NA,NA,NA,NA,NA,NA,NA,NA,NA
"DEU",NA,NA,NA,NA,NA,NA,NA,NA,NA,NA,NA,NA,NA,NA,NA,NA,NA,NA,NA,NA,NA,NA,NA,NA,NA,NA,NA,NA,NA,NA,NA,NA
"DJI",NA,2.83942864606719e-07,2.79343808042584e-07,789.358946871112,2.57839044238589e-07,2.43312023302301e-07,2.25788428789291e-07,60.7502610666948,103.338554086809,0.0757450946748814,1.55116498251809e-07,1.50914626583005e-07,1.48113110388069e-07,1.67910141771595e-07,1.66682297275124e-07,52.133631988207,1.59099897668278e-07,26.8538217229092,62.8993354406856,16.4001235980517,0.195391889264663,1.47256871990408e-07,1.46213915110462e-07,1.42992540020123e-07,1.41057496152664e-07,1.20703332099651e-07,1.18529705510226e-07,1.17553847895597e-07,1.15710604017048e-07,1.14632511739458e-07,1.12309488867032e-07,43.9601382595688
"DMA",NA,NA,NA,NA,NA,NA,NA,NA,NA,NA,NA,NA,NA,NA,NA,NA,NA,NA,NA,NA,NA,NA,NA,NA,NA,NA,NA,NA,NA,NA,NA,NA
"DNK",NA,NA,NA,NA,NA,NA,NA,NA,NA,NA,NA,NA,NA,NA,NA,NA,NA,NA,NA,NA,NA,NA,NA,NA,NA,NA,NA,NA,NA,NA,NA,NA
"DOM",NA,NA,NA,NA,NA,NA,NA,NA,NA,NA,NA,NA,NA,NA,NA,NA,NA,NA,NA,NA,NA,NA,NA,NA,NA,NA,NA,NA,NA,NA,NA,NA
"DZA",661.346531996473,3999.99591277761,4730.74746147038,4963.77242370393,2766.06901704824,711.571241893156,110.227516613142,1.89927041378256e-09,1.54238451372527e-09,1.50481362560574e-09,1.46286704312685e-09,1.43550818716949e-09,1.40152022442714e-09,1.14732415664467e-09,1.13286050589964e-09,66.8459455339637,1.09622014328339e-09,1.06389093714654e-09,1.0562131172393e-09,1.03479420754718e-09,1.23026497833541e-09,1.2112954005681e-09,1.20083427245051e-09,1.18146105387295e-09,1.17051675136902e-09,1.1488166237417e-09,1.12336813559365e-09,9.30164074843528e-10,9.10097084317962e-10,8.9593941639937e-10,8.72209845048565e-10,8.61245478011937e-10
"ECU",NA,NA,NA,NA,NA,NA,NA,NA,NA,NA,NA,NA,NA,NA,NA,NA,NA,NA,NA,NA,NA,NA,NA,NA,NA,NA,NA,NA,NA,NA,NA,NA
"EGY",635.455297760684,3347.29024803507,850.307708902161,5212.51806079864,6155.14005864343,1519.41845597381,951.333387967553,2714.03755501748,3350.9684720929,841.032462611527,450.339829410989,3044.51470326171,1987.87994212521,807.678230083383,748.58927435746,2997.93168523294,3365.94877328408,3639.34573355529,1136.42521605385,1304.72306589184,1094.19457347327,273.349502859808,6.39122408475656e-11,6.27362585350616e-11,6.18475527133947e-11,6.07473673555669e-11,301.549945785948,183.188613075908,41.9290009870128,5.69292562540524e-11,5.60939005183599e-11,5.50274451526811e-11
"ERI",NA,NA,NA,NA,NA,NA,NA,NA,NA,NA,NA,NA,NA,2349.88677038056,967.931592496151,2766.67982456816,3579.74299004519,1254.09263794455,1072.06595043258,3312.77337236474,750.867251290232,1733.63228521293,1331.47317013819,0.0621848490977963,1.31359029437286,152.827469509053,32.1167738538345,7.32403711255771,62.5324267263414,13.8898889101763,35.6177309646883,353.675268945506
"ESP",NA,NA,NA,NA,NA,NA,NA,NA,NA,NA,NA,NA,NA,NA,NA,NA,NA,NA,NA,NA,NA,NA,NA,NA,NA,NA,NA,NA,NA,NA,NA,NA
"EST",NA,NA,NA,NA,NA,NA,NA,NA,NA,NA,NA,NA,NA,NA,NA,NA,NA,NA,NA,NA,NA,NA,NA,NA,NA,NA,NA,NA,NA,NA,NA,NA
"ETH",79751.8870063205,75235.6758400565,36790.6702748715,70390.4591466131,52590.6024919125,22610.6101979634,28878.0575339741,50260.430951828,25390.3184076201,10724.65912443,4659.48067666015,28329.6621014994,9471.22406664537,5365.59272483319,3484.43339158445,6262.73410265485,5442.27649568102,7652.86619380333,32135.9234420207,12660.7381463433,9054.41981362057,19068.9497362724,5003.72539012404,1178.89962709323,602.480163653171,5196.00106862944,1955.14567665094,18267.6711211372,8133.87672586855,23497.7532802223,16000.9022122617,21102.0865380106
"FIN",NA,NA,NA,NA,NA,NA,NA,NA,NA,NA,NA,NA,NA,NA,NA,NA,NA,NA,NA,NA,NA,NA,NA,NA,NA,NA,NA,NA,NA,NA,NA,NA
"FJI",68.5152297002578,60.3689863404498,20.7795490808084,55.3521283421832,10.6684664665123,23.8991077090766,75.0708098230413,39.565338934733,4.29574787868179,2.08744660856315,1.42794996939739e-07,56.8437949108806,20.5487589337552,1.67922352168792,15.5693455257888,1.8227989400526,34.2184820173341,9.63918230281186e-08,9.28746059488257e-08,1.30790010349443e-07,2.4416900336087,12.8669465139837,13.3888178083122,1.79249051882739,9.77036609674896e-08,3.10213718877665,9.40225132749282e-08,9.43257392388799e-08,9.45675042274366e-08,9.06831681838154e-08,9.14706395043271e-08,9.37926305556277e-08
"FRA",NA,NA,NA,NA,NA,NA,NA,NA,NA,NA,NA,NA,NA,NA,NA,NA,NA,NA,NA,NA,NA,NA,NA,NA,NA,NA,NA,NA,NA,NA,NA,NA
"FSM",NA,NA,NA,NA,NA,NA,NA,8.02384139301885e-08,7.85407906912731e-08,5.84347483448697e-08,5.58825584476035e-08,5.43305521926643e-08,5.32100428910599e-08,5.26635768924124e-08,5.24718807226346e-08,5.1986046337066e-08,5.13027803475388e-08,5.12486706392964e-08,5.24249731198356e-08,5.15158725048866e-08,5.18222517142017e-08,5.14421356549188e-08,5.25273284714378e-08,3.9072243393594e-08,3.89376632178433e-08,3.97447741544966e-08,3.98412273800565e-08,3.93578030937904e-08,4.02974431608661e-08,4.0041302301951e-08,4.07190795297472e-08,4.04879423158383e-08
"GAB",331.589577298965,302.063491531968,814.101667041427,1510.83956549981,1027.28707370824,1418.69819126541,445.225291992745,130.960666562447,194.604245870323,94.0885643557707,7.64047228581651,127.30437989573,105.088233578935,20.2475529355786,12.0477225250306,40.1710287912055,3.01279334155642,1.52292052370057,4.37405602691904,41.6647504646804,210.52742875179,43.6225509866556,7.69764222200673,24.3622946435792,3.35352940627864e-08,3.28964723260468e-08,3.21877462630663e-08,3.12198082248202e-08,3.04767140996942e-08,2.56035255778524e-08,2.51635701366754e-08,2.45083479338278e-08
"GBR",NA,NA,NA,NA,NA,NA,NA,NA,NA,NA,NA,NA,NA,NA,NA,NA,NA,NA,NA,NA,NA,NA,NA,NA,NA,NA,NA,NA,NA,NA,NA,NA
"GEO",NA,NA,NA,NA,NA,NA,NA,NA,NA,NA,NA,6.34326746677664e-12,6.1849284667363e-12,0.00200919664188933,6.59544030645512e-12,6.56190813912954e-12,4.17279741402836e-12,4.34988128056759e-12,4.32335696279031e-12,4.3873435794005e-12,4.48025975598842e-12,4.5747844412016e-12,4.57344404946121e-12,2.43444217413669,1.86776058750439,4.58891913775723e-12,3.53669493812137e-12,3.52202238044288e-12,3.57054736631014e-12,3.56402779526278e-12,3.5605469243605e-12,3.59318460490005e-12
"GHA",11526.1688397565,26931.1773110109,11644.6964648807,12233.1942681789,20600.9097289189,5086.46986790412,6815.42225130287,12130.4398092282,6051.63321056232,9212.54707817845,5146.56735605204,10457.8226511977,8783.85551434965,8804.61664549306,10404.6905787675,8732.45767746552,9521.0498087041,5920.32145276554,3837.75578047138,5252.15002581027,3351.01622811546,2549.15976677587,7.90246256779829e-09,7.68894744228648e-09,7.52705668151999e-09,19.3379099857889,7.09521906496393e-09,5.60272593411847e-09,5.47026931830156e-09,2.45312643841147,5.22993109692509e-09,5.10549029431874e-09
"GIN",11972.3596918977,14947.4363734302,7811.15473170023,3620.26004950399,2248.85576415914,1828.97027557358,6077.71995294326,2930.1402357312,3159.25550182035,6654.1988346216,5625.45131842364,1691.97893464638,3777.75749043616,1951.83407850422,856.006922742244,10342.2695847059,9213.81550783307,8178.74291744475,18452.6927590037,10617.6081193326,6763.22901589718,2517.91425847522,1476.0813452948,2.10535732592082e-08,2.06110687976014e-08,38.8740795163354,1.966827914446e-08,1.91797920089901e-08,105.654366675003,1.79977307330081e-08,1.76108071431187e-08,38.6925464545226
"GMB",45.7749538766199,1065.88951249315,787.77912115914,127.27641029459,972.828289872656,834.558862685443,124.561636229226,53.6069197869932,26.9287408249794,16.3215917961869,80.3342855000796,103.428973710347,338.156533248741,129.638534093963,40.0830824849892,4.06150129266833,231.860204193264,48.3544751097486,323.725186681858,148.736175031261,46.9338817838039,10.7029634423428,10.1945113430138,5.9752096034306e-08,5.75701058609506e-08,5.58032640525e-08,5.4264212205939e-08,5.28921755555819e-08,5.15471691770472e-08,4.91839078015339e-08,4.70724880086217e-08,4.58298773851749e-08
"GNB",2080.85232973684,1458.26842242206,3636.93239242978,291.144225504934,1092.1485881182,2307.80769411629,144.219715756053,813.37815911391,91.925704672255,75.6226293660218,2784.04307455854,655.973051198874,1569.13799138839,281.356322819966,277.398185569615,68.4248575293997,240.074416903859,2.93801695652344e-07,265.555027746927,2.80693736903517e-07,65.4044769990784,75.9118403350959,746.925141260693,988.744853203458,67.7267134388989,3.01061665084194,2.0838701149901e-07,2.04172723698495e-07,1.99165561800551e-07,1.95223269922615e-07,1.89487282336089e-07,1.85882870129631e-07
"GNQ",NA,NA,NA,NA,4.05680860036774e-07,3.84009037775683e-07,1118.68538268511,501.372929859221,18.7755369963843,3.37763123462253e-07,3.25544440517462e-07,3.17092137038691e-07,2.63471469216244e-07,2.551541447713e-07,2.45989868984436e-07,2.39077909791115e-07,2.30676372353909e-07,2.24176915387016e-07,2.16637956478504e-07,2.10726232460589e-07,4.54300201242218,2.30320770925141e-07,2.22907598996865e-07,2.15574388891583e-07,2.09755616797578e-07,2.03781622955466e-07,1.96758199011525e-07,1.91745020562361e-07,1.871931403809e-07,1.81887928165126e-07,1.76478243870646e-07,1.71671499900626e-07
"GRC",NA,NA,NA,NA,NA,NA,NA,NA,NA,NA,NA,NA,NA,NA,NA,NA,NA,NA,NA,NA,NA,NA,NA,NA,NA,NA,NA,NA,NA,NA,NA,NA
"GRD",NA,NA,NA,NA,NA,NA,NA,NA,NA,NA,NA,NA,NA,NA,NA,NA,NA,NA,NA,NA,NA,NA,NA,NA,NA,NA,NA,NA,NA,NA,NA,NA
"GTM",NA,NA,NA,NA,NA,NA,NA,NA,NA,NA,NA,NA,NA,NA,NA,NA,NA,NA,NA,NA,NA,NA,NA,NA,NA,NA,NA,NA,NA,NA,NA,NA
"GUY",NA,NA,NA,NA,NA,NA,NA,NA,NA,NA,NA,NA,NA,NA,NA,NA,NA,NA,NA,NA,NA,NA,NA,NA,NA,NA,NA,NA,NA,NA,NA,NA
"HND",NA,NA,NA,NA,NA,NA,NA,NA,NA,NA,NA,NA,NA,NA,NA,NA,NA,NA,NA,NA,NA,NA,NA,NA,NA,NA,NA,NA,NA,NA,NA,NA
"HRV",NA,NA,NA,NA,NA,NA,NA,NA,NA,NA,NA,NA,NA,NA,NA,NA,NA,NA,NA,NA,NA,NA,NA,NA,NA,NA,NA,NA,NA,NA,NA,NA
"HTI",NA,NA,NA,NA,NA,NA,NA,NA,NA,NA,NA,NA,NA,NA,NA,NA,NA,NA,NA,NA,NA,NA,NA,NA,NA,NA,NA,NA,NA,NA,NA,NA
"HUN",NA,NA,NA,NA,NA,NA,NA,NA,NA,NA,NA,NA,NA,NA,NA,NA,NA,NA,NA,NA,NA,NA,NA,NA,NA,NA,NA,NA,NA,NA,NA,NA
"IDN",NA,NA,NA,NA,NA,NA,NA,NA,NA,4639.32380472821,6600.92069213479,43524.5930512248,30826.0284353375,18723.4140117414,12886.5536300082,11503.7867228118,9903.59859384351,19435.0388451821,27768.8755775513,17993.9292110131,15478.5034961988,11356.0244160761,10908.6763915066,13816.7960179348,18454.5001542682,20621.7009346422,7325.62958103748,2641.28243017493,6324.06830058404,4902.79681072319,6693.84632074131,4163.41511152397
"IND",262263.259064218,259381.734636766,231234.808016113,339842.561007313,286947.099468141,275961.371674525,466534.824728373,285654.168119033,291682.31347219,158241.394408922,138930.798864606,126109.728958233,92509.9407478436,87508.9446910751,67971.6036079794,70338.1341443789,92193.3891406448,61874.8960205244,43906.0428995987,68332.4742642307,90139.676613009,77224.3509611151,82854.4255603194,88416.3078478475,62829.9030581852,92509.0838897849,67255.7887864421,66579.1641868713,81566.2433522499,52080.1403429779,43722.8035633953,26166.9996956719
"IRL",NA,NA,NA,NA,NA,NA,NA,NA,NA,NA,NA,NA,NA,NA,NA,NA,NA,NA,NA,NA,NA,NA,NA,NA,NA,NA,NA,NA,NA,NA,NA,NA
"IRN",576.758196477675,800.62533144063,701.187685310081,534.914419404034,326.923041678894,243.002353761298,303.019746614127,176.293022841125,78.6147022814741,60.6928410130992,65.7295198119834,54.0216272647923,39.4053047023379,9.80484245394033,1.68682472978521,8.7342453721363,27.8093411316109,22.391127487663,30.9862163071828,135.508610241087,98.176603156896,94.6813752821392,118.322805138397,9.13795934191904e-11,9.112400224742e-11,8.84655047591883e-11,8.76334351242517e-11,8.7236077159392e-11,8.55379672108825e-11,8.3470465568255e-11,8.4283652059575e-11,8.14152009719743e-11
"IRQ",6077.96974747932,2880.77637487439,3479.6080814164,3475.76604967843,1923.4090940094,910.467304529,620.071786486616,597.616864804956,694.919005157448,225.010699678168,653.302982430412,1376.51305742822,1127.51299159492,693.195645843653,455.274628006225,0.197173928157464,2.25025628958367,511.758460912843,544.332083366556,209.995939157928,182.935493041931,88.959134204416,1.3302403217327,498.563040770035,4.29691672856623e-09,4.19674179667943e-09,4.08190398509925e-09,58.9168037673866,306.641670320447,3.79525066058097e-09,3.67239973201562e-09,3.59887893614513e-09
"ISL",NA,NA,NA,NA,NA,NA,NA,NA,NA,NA,NA,NA,NA,NA,NA,NA,NA,NA,NA,NA,NA,NA,NA,NA,NA,NA,NA,NA,NA,NA,NA,NA
"ISR",NA,NA,NA,NA,NA,NA,NA,NA,NA,NA,NA,NA,NA,NA,NA,NA,NA,NA,NA,NA,NA,NA,NA,NA,NA,NA,NA,NA,NA,NA,NA,NA
"ITA",NA,NA,NA,NA,NA,NA,NA,NA,NA,NA,NA,NA,NA,NA,NA,NA,NA,NA,NA,NA,NA,NA,NA,NA,NA,NA,NA,NA,NA,NA,NA,NA
"JAM",NA,NA,NA,NA,NA,NA,NA,NA,NA,NA,NA,NA,NA,NA,NA,NA,NA,NA,NA,NA,NA,NA,NA,NA,NA,NA,NA,NA,NA,NA,NA,NA
"JOR",7.8199426451584e-11,7.46639887047642e-11,7.20614873014309e-11,6.89354446841595e-11,6.6256204322698e-11,5.31021008157722e-11,5.19651906326436e-11,35.4078803250966,20.5547179302854,9.11274188458253,2.69922415441421,2.23566847267304,10.3682611672199,7.40438220980632,3.87200053640097,2.02948013753068,70.4838602334272,2.78159038790943e-11,2.74651474137274e-11,2.70006021200849e-11,2.68838157929218e-11,2.64216659390128e-11,2.60670731135264e-11,2.56039669246891e-11,2.46032445949213e-11,2.37799369348275e-11,2.30677320372397e-11,2.19858230028548e-11,2.07485795209129e-11,1.98107938925496e-11,1.9104679552061e-11,1.84746708107611e-11
"JPN",NA,NA,NA,NA,NA,NA,NA,NA,NA,NA,NA,NA,NA,NA,NA,NA,NA,NA,NA,NA,NA,NA,NA,NA,NA,NA,NA,NA,NA,NA,NA,NA
"KAZ",NA,NA,NA,NA,NA,NA,NA,NA,NA,NA,NA,NA,NA,NA,NA,NA,NA,NA,NA,NA,NA,NA,NA,NA,NA,NA,NA,NA,NA,NA,NA,NA
"KEN",25445.4714495634,22749.7748472707,24219.4901117934,16416.9976538968,9011.38343097384,2903.53503634837,3325.83090443336,4241.21831820446,5483.38609446116,4906.80483661808,3731.53470220904,3902.49843603423,836.24044147046,265.983320171891,121.848190276619,95.3117562757811,98.6153512341813,162.668571078546,323.227451965811,813.56258739745,677.93879086636,282.821423081282,1.97926398427239e-09,1.93665171187542e-09,23.8069952759633,83.1793201027368,104.039556101177,51.9485291886499,44.7530779511625,1.64523595923534e-09,0.776407101562664,2.39504452094421
"KGZ",NA,NA,NA,NA,NA,NA,NA,NA,NA,NA,NA,NA,NA,NA,NA,NA,NA,NA,NA,NA,NA,NA,NA,NA,NA,NA,NA,NA,NA,NA,NA,NA
"KHM",6894.75605709652,8252.34543671148,1816.51186812511,5456.07651042733,6041.66431744731,2283.66024915139,1143.84695806209,635.020518717325,918.597034159071,444.210545268216,267.480874837776,268.873329506109,172.415042122427,85.0042817530459,79.1498893765457,138.925476734682,242.856036323895,159.485810840084,877.702856256756,870.607905797191,377.332500622633,0.157283870022646,3.39307940701595e-09,2.5606178711196e-09,2.47843907424442e-09,2.48071256410662e-09,2.45805600260641e-09,0.000194742364655066,171.371597792052,51.6785218487732,2.73921729412532,1.72448092932176e-09
"KIR",0.789923516758142,0.552132774231739,0.424650638701219,11.4152412164173,16.4045442945748,0.460481152111236,0.635440984564526,1.7512473850285,13.8394934847204,0.174872580118289,0.249652375428409,14.8445944255998,0.253795760498192,1.35500095640076,0.396694188398068,0.233004569485047,0.117686944648034,1.72535302696447,1.00272939723848e-06,9.67944929316581e-07,0.01628447816412,0.00257794749709221,9.16357170492093e-07,0.268601110710182,0.0483952077308962,8.83368807549057e-07,0.0482339674845792,0.000178434668816885,8.47621571376701e-07,8.2175573628551e-07,8.13293597246741e-07,7.99562074407877e-07
"KNA",NA,NA,NA,NA,NA,NA,NA,NA,NA,NA,NA,NA,NA,NA,NA,NA,NA,NA,NA,NA,NA,NA,NA,NA,NA,NA,NA,NA,NA,NA,NA,NA
"KOR",NA,NA,NA,NA,NA,NA,NA,NA,NA,NA,NA,NA,NA,NA,NA,NA,NA,NA,NA,NA,NA,NA,NA,NA,NA,NA,NA,NA,NA,NA,NA,NA
"KWT",13.7705521868114,5.01536714673508,15.4871729423069,5.66988974152657,23.1784600335983,3.79103959933479,2.00902053445457,0.335512086462631,0.00820193132357133,0.0559126497830611,0.190545171778388,1.33143110789052,1.05202279746238,1.83752332833798,2.00263792799602e-09,1.99646675908537e-09,1.94389941860771e-09,1.83207050830767e-09,1.75051389905616e-09,1.66171100463311e-09,1.58720229648103e-09,1.54095745956731e-09,1.48606406567765e-09,1.44296712795734e-09,1.38014412866309e-09,1.30639559648374e-09,1.23124659871649e-09,1.15814466087843e-09,1.11511512842831e-09,1.06188785743761e-09,1.00212691235334e-09,9.69976061569608e-10
"LAO",NA,NA,1.77281210472308e-09,1.71792815374253e-09,0.180319418904982,133.673665962367,779.285466684277,1114.35057523392,1549.95637291527,1390.97029435027,928.35487473541,428.304562542954,336.656262029409,253.074172370514,869.741681672349,557.782068908686,229.261853712559,1157.16151882187,1137.52468681253,502.906763159355,161.391234049114,37.3453102828252,141.465736636289,294.276371728942,162.719214634706,55.2042434084986,194.722003685412,9.92559623402221e-10,9.81847245940277e-10,9.47453145003696e-10,9.46502561306632e-10,6.9991131236315e-10
"LBN",NA,NA,NA,NA,NA,NA,NA,NA,NA,NA,NA,NA,NA,0.363624369299129,5.230082695053e-09,5.1557147529787e-09,0.683020400498478,9.81502190524277,0.277862036570669,4.87349589112549e-09,4.7067146908691e-09,4.4926824652152e-09,36.2274508563811,8.46717338032686,32.1973804749881,56.0211811516766,14.7509305274395,1.56143079623751,0.0333403774203523,3.65837380258587e-09,3.52948564280103e-09,3.39778921551494e-09
"LBR",10547.9102078281,8103.35285032338,5227.29882036913,7044.39601688294,2754.54256163118,1000.23253719889,2048.17272637718,2497.74329946798,1824.23939483865,62.4844737627817,77.0799037102496,3386.13235060834,3782.75743779004,825.008065252149,332.819223602094,1729.60425293333,2952.84501480629,1562.68030761736,1425.82314426104,3621.5335296219,1355.47995606932,354.853548555088,183.234304861572,156.162894077329,9.85536368602775e-08,9.60546640452444e-08,9.20363592074959e-08,8.86316758404402e-08,7.299969827912e-08,1958.18369023684,504.368851636279,6.66895407005725e-08
"LBY",NA,NA,NA,NA,NA,NA,NA,NA,NA,NA,NA,NA,NA,NA,NA,NA,NA,NA,NA,NA,NA,NA,NA,NA,NA,NA,NA,NA,NA,NA,NA,NA
"LCA",NA,NA,NA,NA,NA,NA,NA,NA,NA,NA,NA,NA,NA,NA,NA,NA,NA,NA,NA,NA,NA,NA,NA,NA,NA,NA,NA,NA,NA,NA,NA,NA
"LKA",NA,NA,NA,NA,NA,NA,NA,NA,NA,NA,NA,NA,NA,NA,NA,NA,NA,NA,NA,NA,NA,NA,NA,NA,NA,NA,NA,NA,NA,NA,NA,NA
"LSO",595.855530612607,579.431616224862,434.321213785929,444.449097887871,569.831416497186,297.866222788696,153.353517238762,90.4170017185294,57.7559299013268,76.0834738678267,93.5908520144546,77.0542954310503,21.8481564112026,10.1239323840733,3.39805363222932,7.46361431533608e-08,0.128793958105256,7.29588453080594e-08,7.8191483280999,7.1102229478524e-08,7.10084410708078e-08,7.01125966577789e-08,6.97697029308464e-08,6.94539973720467e-08,6.88118111200346e-08,6.84547184977738e-08,5.46488973412101e-08,5.49291743403335e-08,5.41921728385496e-08,15.2739385406298,4.47170318450076,1.11235602638288
"LTU",NA,NA,NA,NA,NA,NA,NA,NA,NA,NA,NA,NA,NA,NA,NA,NA,NA,NA,NA,NA,NA,NA,NA,NA,NA,NA,NA,NA,NA,NA,NA,NA
"LUX",NA,NA,NA,NA,NA,NA,NA,NA,NA,NA,NA,NA,NA,NA,NA,NA,NA,NA,NA,NA,NA,NA,NA,NA,NA,NA,NA,NA,NA,NA,NA,NA
"LVA",NA,NA,NA,NA,NA,NA,NA,NA,NA,NA,NA,NA,NA,NA,NA,NA,NA,NA,NA,NA,NA,NA,NA,NA,NA,NA,NA,NA,NA,NA,NA,NA
"MAR",978.771990965227,431.625069320002,682.213251178854,138.324405113156,64.3623974099081,109.708297159323,198.67129154071,45.4609538310391,15.4430972662445,10.3994866262459,10.2025566858764,24.9819241280786,41.4148152216558,21.7074347661697,12.0258272879756,5.09540568280685,5.12858826407413,26.2715250582524,45.6580619457802,32.1636606551762,12.4233562245211,18.6565817848757,43.1255052970291,24.4622817740555,1.50315851153093e-10,3.27191775871564,1.10418292723126,0.326626527492065,1.43308284052665e-10,1.41542562342851e-10,1.3934559825516e-10,1.38358630712469e-10
"MCO",NA,NA,NA,NA,NA,NA,NA,NA,NA,NA,NA,NA,NA,NA,NA,NA,NA,NA,NA,NA,NA,NA,NA,NA,NA,NA,NA,NA,NA,NA,NA,NA
"MDA",NA,NA,NA,NA,NA,NA,NA,NA,NA,NA,2.9129481334956,1.80306601802739,4.19841024089771,4.35761997938065,6.30233532943186,1.54121633300703,1.01998776628321,1.46866388145337,0.651685489685653,1.52170296930998,1.07382940977014,2.89153334648265,1.10143304935128e-10,1.12577420980746e-10,1.1403840520537e-10,1.14141454551723e-10,1.16387763220398e-10,1.17875637916616e-10,1.21153003705798e-10,1.19784101648408e-10,1.21845834281878e-10,1.24355433446382e-10
"MDG",32673.6436900154,14197.4645100125,17740.8855332554,10670.6622404411,11269.710109473,3567.37712625424,1660.18523278956,1975.45309289247,3776.25759469088,2020.52682259825,812.859644724012,308.10473215088,436.824667536049,1193.29093515177,1313.63839668896,897.393913536138,1532.09331521216,1873.68642656514,4690.06685031214,5037.21134580248,1782.16872028649,1303.15387270663,10507.9503644287,4618.58100716228,6.60201768415379e-09,6.44933140999612e-09,6.30271455890646e-09,6.08757638359401e-09,5.90222529643507e-09,5.7281566050778e-09,5.55652823171248e-09,5.43030762987686e-09
"MDV",NA,4.23935950978582e-07,4.02285235238239e-07,3.85485165038673e-07,3.94519064661009,3.62507033005879e-07,3.52556607388954e-07,3.44163070165698e-07,3.25102018438999e-07,2.4144797664381e-07,2.34459538097682e-07,1.71488221733028e-07,1.65284485723014e-07,5.92263825825276,4.44588972554117,1.54826673236765e-07,1.55626821638904e-07,1.47065257592609e-07,1.46691128806596e-07,1.46878714858183e-07,1.4256110811631e-07,8.1754848030689,1.35317103172116e-07,1.35891394176081e-07,1.52926393961988,1.28876753415887e-07,1.24838907298896e-07,1.25571276527694e-07,1.2240542792674e-07,1.22546826046782e-07,1.18220357140399e-07,1.17118532475227e-07
"MEX",NA,NA,NA,NA,NA,NA,NA,NA,NA,NA,NA,NA,NA,NA,NA,NA,NA,NA,NA,NA,NA,NA,NA,NA,NA,NA,NA,NA,NA,NA,NA,NA
"MHL",4.84031092188148e-09,4.62406524113981e-09,4.46800502065657e-09,4.17310951388693e-09,4.07640948955059e-09,3.81809231446962e-09,3.62725607211919e-09,3.5594427061902e-09,3.36138300054684e-09,3.25986418746313e-09,3.1428930284382e-09,3.14052314486383e-09,2.34724274031878e-09,2.25802719484778e-09,2.26857781842872e-09,2.99625834515745e-09,3.00605592812935e-09,2.97817651198947e-09,2.26577233354748e-09,2.24721200892832e-09,2.25467874572e-09,1.69449937631196e-09,2.21980692224531e-09,2.23461741518846e-09,2.22010571137389e-09,2.21648895177058e-09,1.66100269617122e-09,1.63827986812992e-09,1.64690324416344e-09,1.63579861186385e-09,1.6160948403505e-09,1.57349924089385e-09
"MKD",NA,NA,NA,NA,NA,NA,NA,NA,NA,NA,NA,2.5824267954796e-09,19.4350225203609,0.00105471881867669,2.59941158646271e-09,20.5463995468189,1.67793814429347,1.5077709541601e-09,1.48648219011712e-09,1.4719542749843e-09,1.45783454218002e-09,1.44830676089327e-09,1.44186319698378e-09,1.43328988904381e-09,1.44165795348249e-09,1.43202361670598e-09,1.41635452382902e-09,1.44528864269258e-09,1.40776115666639e-09,1.42688160813903e-09,2.34337542342412,1.41763649388677e-09
"MLI",8637.20029202483,22593.7368013951,10007.6017507418,4512.27078277487,10237.8298626417,4281.77361472445,3812.45085579265,3765.56361504113,2733.36933941026,881.971386716837,18960.9831037573,8762.96617325195,12342.1470064918,3539.68759126516,2387.54143992348,13065.3821169336,3761.89942727622,11615.2626749904,2967.22851877578,1205.37735856603,3157.78476252513,1.4234029961921e-08,1.37457236062856e-08,1.32578562569332e-08,1.29161901128925e-08,1.08609431587733e-08,1.0466046490429e-08,1.01623014722384e-08,500.938105375592,1023.03534257616,358.111366710034,8.97435494581217e-09
"MLT",NA,NA,NA,NA,NA,NA,NA,NA,NA,NA,NA,NA,NA,NA,NA,NA,NA,NA,NA,NA,NA,NA,NA,NA,NA,NA,NA,NA,NA,NA,NA,NA
"MMR",50607.6839530293,43822.0050576075,32326.5571743018,28114.4669469924,28070.5922718827,9300.830344232,9453.45725092455,7543.08057113264,6245.41202135125,12646.5669510243,7173.31608587432,3344.47694833926,2723.71176155966,1990.00195879161,1187.79917175399,1365.52441826016,911.414092413441,1063.50354011618,538.605010897915,445.460581563907,1619.28666240096,1028.73277626146,481.631047783339,646.763116675897,296.394262633384,409.35630897504,681.852777602845,2.65236351299667e-09,0.0887946954343868,2.64467436527759e-09,1221.73868912359,1388.41203749905
"MNE",NA,NA,NA,NA,NA,NA,NA,NA,NA,NA,NA,NA,NA,NA,NA,NA,NA,NA,NA,NA,NA,NA,NA,NA,NA,NA,NA,NA,NA,NA,NA,NA
"MNG",1.43921583484372,7.27735718976526,83.5219878885971,167.903660745147,37.4324013417469,14.373990704934,3.12905681712412,119.001900481348,101.511545750057,12.2313121215683,3.40464880119063,8.44570914203021,0.215662593348334,2.79042420150591e-09,3.69854342560669e-09,3.71204726941024e-09,3.65334612389114e-09,2.64954162310717e-09,2.68306076958644e-09,2.62637453364873e-09,30.8016546171355,10.2394600949873,0.255657482798333,2.52508629096967e-09,2.52488757448362e-09,2.43728508139017e-09,2.43803235815052e-09,2.39930606802584e-09,2.38520887318935e-09,2.3637524078918e-09,2.30342075777087e-09,2.23954769775529e-09
"MOZ",12703.2845068168,8562.12126474048,8445.37351246592,9095.13096212851,12312.9338798756,11921.473103855,9266.25488661235,8765.11695297228,18257.5211297422,13583.7180036177,4368.18263889985,2508.78864028196,3803.47768375294,6697.60115512142,3269.35014145112,5556.15315296408,9820.98022900193,9980.86497894517,3347.41909182388,4369.24359352367,4290.78032370185,4306.8769184125,6109.31848338204,5748.87628823674,7853.7153148337,6.78836520836959e-09,96.3915591263649,187.70015856575,6.25562625296186e-09,807.099517463767,529.420052425693,5.82465799302527e-09
"MRT",2721.21095017778,1801.95296741251,5253.0804376429,3269.46502047724,4742.03658753893,1574.9904393254,667.254547830979,172.349010268374,1075.68551208672,450.550400993724,1001.97889598424,1202.31777620327,1422.59037034613,701.704822519799,134.838750707482,5.34700024735928e-08,3.78954344833527,78.0044469916496,973.127444331281,7.26271181769929,271.912824926106,102.638662727239,487.9054849599,980.042149067083,3.50665204897097e-08,3.42935888471995e-08,3.34906679583474e-08,3.24049027607598e-08,7.30829068909808,86.2556384929143,54.1774868778512,2.92958025637904e-08
"MUS",0.170775034485401,0.373822787420249,0.556104755727225,0.754224513169196,0.934567030544385,1.08750056011779,0.9713475105366,1.07945121553866,1.15901883165485,1.27021966359335,1.31391670278561,1.36109499267542,1.39066823216673,1.42548360934768,1.05243013799738,1.19990046911748,1.63188930272526,1.61751184255732,1.67575772750067,1.71513944944173,1.71692099788488,1.72540589850152,1.6311445513409,1.13506285587432,1.07331523909264,1.05364625908104,0.970314753734489,0.955596318605504,0.894810816108431,0.872555683404529,0.853061212200665,0.811764932656592
"MWI",0.038395610071178,199.887467474266,1207.17276737568,1053.31733594156,1454.35068728407,1341.9410293115,1228.72664067017,875.573648314998,700.866832812739,285.781784772018,115.61503234833,70.5388405178564,12.059310876602,0.716623717904381,2.16826068553454e-09,2.11414367735528e-09,2.05005812885186e-09,2.0110544250766e-09,1.94896609139092e-09,1.89560060256284e-09,2.29170405027138e-09,2.22545618121019e-09,2.16059736639114e-09,2.10725698212909e-09,2.04978047531428e-09,1.99575642220843e-09,1.94733301998468e-09,1.87511419338608e-09,1.82068755195167e-09,0.0327213524218782,1.39061017037329e-09,1.36196312740629e-09
"MYS",NA,NA,NA,NA,NA,NA,NA,NA,NA,NA,NA,NA,NA,NA,NA,NA,NA,NA,NA,NA,NA,NA,NA,NA,NA,NA,NA,NA,NA,NA,NA,NA
"NAM",NA,NA,NA,NA,NA,NA,NA,130.576379807008,59.6854800648431,58.8759404948859,22.7434322624261,491.449379383665,139.190008900844,17.4081554180728,19.565976534633,188.148663639461,308.787588920699,1.01242316459366e-08,9.88043342345278e-09,9.56184234775296e-09,9.48678353213736e-09,9.37428570590764e-09,9.25175627108331e-09,9.16520865626786e-09,9.06605677391227e-09,8.93376250053594e-09,8.81667441657567e-09,8.6434140302984e-09,47.3482582959697,32.599439291958,0.488232719955741,8.11251438498059e-09
"NER",6726.40457891862,7566.17256149687,5483.74590621054,8049.20821716312,14132.9116362061,3640.07782598157,2169.11570007671,2457.35898829402,3705.35767979379,3369.01442043757,23491.8404979466,6807.26464512546,6991.38796821486,9793.55068988079,14678.5812933487,14929.4963241764,6814.50671993586,2668.62687568988,6548.13556560658,4289.47003181392,13057.3111951127,6783.90412942528,11125.4829093321,13415.2355057264,8.49470821470525e-09,8.17166155305265e-09,23.3831179206152,82.1557724741122,7.35183338730956e-09,6.06692305811008e-09,5.82166588199889e-09,5.63793596621874e-09
"NGA",96361.6947173879,100728.441127458,97732.7040338596,137458.409810098,118755.463338111,81534.8797468842,53148.5788932613,50127.0950328269,22578.2107432213,84761.0574036961,31885.0693253209,56622.6893383812,37370.5551230328,73158.6963971219,18142.5894101832,59351.2117167566,22032.3019577615,109626.930748562,166907.637737782,160360.24478577,123925.669441929,40479.166141527,102423.767726555,33743.1149312068,77043.0047778035,3147.59634697513,341.350822423654,4858.8627118434,1.01868934709473e-09,2593.36384007322,10139.0874698375,9.33443859135142e-10
"NIC",NA,NA,NA,NA,NA,NA,NA,NA,NA,NA,NA,NA,NA,NA,NA,NA,NA,NA,NA,NA,NA,NA,NA,NA,NA,NA,NA,NA,NA,NA,NA,NA
"NIU",3.29194212478049e-07,3.4689646876242e-07,3.60207294568328e-07,3.75899396748413e-07,4.00119151016501e-07,5.41719014423381e-07,5.6288005295262e-07,4.47679723349621e-07,4.58646836040482e-07,3.50019064216164e-07,3.55487407152423e-07,3.67759884093624e-07,3.64543392549928e-07,3.67076461329744e-07,3.68434513741955e-07,5.10300740493322e-07,5.16357967679408e-07,5.3736873606487e-07,5.48420472066514e-07,4.24017809789942e-07,4.31453227561372e-07,4.48322878465986e-07,4.64246616125031e-07,4.768880325475e-07,4.94567620582311e-07,4.9025263429166e-07,5.00214312311015e-07,5.1749903393238e-07,5.44324374736812e-07,5.67850139059345e-07,5.61710422764627e-07,5.62577744299268e-07
"NLD",NA,NA,NA,NA,NA,NA,NA,NA,NA,NA,NA,NA,NA,NA,NA,NA,NA,NA,NA,NA,NA,NA,NA,NA,NA,NA,NA,NA,NA,NA,NA,NA
"NOR",NA,NA,NA,NA,NA,NA,NA,NA,NA,NA,NA,NA,NA,NA,NA,NA,NA,NA,NA,NA,NA,NA,NA,NA,NA,NA,NA,NA,NA,NA,NA,NA
"NPL",5.82254342006904e-11,5.68674776918962e-11,54.603568697068,185.885113563404,118.611558365846,11.4651361002463,5.07030282185279e-11,4.94203242224229e-11,4.81865559517612e-11,4.72440828593115e-11,4.64005758648235e-11,4.49343958741409e-11,4.375157434047e-11,0.0499053046986217,870.373784777071,1694.10618214146,3414.43675545915,1585.98574243535,709.859981325497,2066.43284023051,2479.92915357924,1636.6373166173,3161.95222962954,2906.05036567886,816.370953545598,291.272393013224,194.968761289238,213.562590539189,2.81872428266623e-11,2.79638353346685e-11,49.6884266623223,344.805486133414
"NRU",1.01953392947365e-07,9.87352771908648e-08,9.65033795237132e-08,9.48474223887831e-08,9.31844800292395e-08,9.21613895979852e-08,9.05212058206668e-08,8.82802671726841e-08,8.60441115110123e-08,8.41270412565984e-08,8.19781057303144e-08,8.05405668656928e-08,7.85683552466609e-08,7.84079427658412e-08,7.6182890359089e-08,7.60960013804231e-08,7.5500261916215e-08,7.73093309430613e-08,7.71123876836351e-08,7.64447405906554e-08,5.75514037995642e-08,5.76384335967043e-08,7.67290287951026e-08,7.70880524244573e-08,5.66450463738202e-08,5.84236948977467e-08,5.69161240902491e-08,4.3090717308391e-08,4.2102103059051e-08,4.30968476910693e-08,4.20406120041576e-08,4.22847534624746e-08
"NZL",NA,NA,NA,NA,NA,NA,NA,NA,NA,NA,NA,NA,NA,NA,NA,NA,NA,NA,NA,NA,NA,NA,NA,NA,NA,NA,NA,NA,NA,NA,NA,NA
"OMN",NA,NA,NA,NA,NA,NA,NA,NA,NA,NA,NA,NA,NA,NA,NA,NA,NA,NA,NA,NA,NA,NA,NA,NA,NA,NA,NA,NA,NA,NA,NA,NA
"PAK",32372.1097437972,21292.8039236572,20535.2155149902,16647.8014386858,26714.722116542,47665.240959658,52323.7750147284,65547.7967881535,9705.39846735588,20048.4956687607,4222.69173736312,1898.72954528078,1043.55632604181,569.258415441926,575.637588783558,389.058676211133,449.028252866787,635.983785808242,915.161996184772,702.423931002184,1167.42267888084,1505.72348146662,2057.11354352696,1702.10481292919,964.734228851891,2598.01709639032,1405.47085464439,1.31980469929699e-10,1.29459785324735e-10,1.26775739878201e-10,210.401489164587,1564.9969411632
"PAN",NA,NA,NA,NA,NA,NA,NA,NA,NA,NA,NA,NA,NA,NA,NA,NA,NA,NA,NA,NA,NA,NA,NA,NA,NA,NA,NA,NA,NA,NA,NA,NA
"PER",NA,NA,NA,NA,NA,NA,NA,NA,NA,NA,NA,NA,NA,NA,NA,NA,NA,NA,NA,NA,NA,NA,NA,NA,NA,NA,NA,NA,NA,NA,NA,NA
"PHL",2175.43905483512,3713.73238008192,4671.35257326173,8640.50021227854,7282.19778125057,6732.19039066141,9559.49236042111,8058.3205684204,5770.39400138949,3694.56340230971,2334.8707892604,2961.97626944963,1018.78400626908,348.121627425142,196.911831761801,64.0073163568775,381.311980154045,169.005021872193,6.75435903020814e-11,6.7393878089693e-11,101.654893792226,230.418901762189,393.393373132941,189.925169386867,4.47570093170898e-11,4.53453672512113e-11,4.25858293722984e-11,4.31359344418419e-11,4.26604558606554e-11,7.11066598791686,91.3644389967243,0.241981655493905
"PLW",6.50241970943606e-06,6.32492364603218e-06,6.14220775479253e-06,6.0509947734698e-06,5.83499838318899e-06,5.72027642106084e-06,5.56447634016978e-06,5.55600892393747e-06,4.05333828847992e-06,3.08095847469561e-06,2.91429167481106e-06,2.81305395571182e-06,2.37808510307607,3.55050616654051e-06,3.50615137833448e-06,3.42920540089115e-06,3.28760460469549e-06,3.27782103387021e-06,2.39354179811375e-06,2.38987710275908e-06,3.15998975579631e-06,2.28820670573531e-06,2.33720206269298e-06,2.25370250032924e-06,2.27023807859789e-06,2.29049315930065e-06,2.30590902895856e-06,2.30512793297158e-06,2.23801881040718e-06,2.20374544758689e-06,2.91097384466181e-06,2.92037034212409e-06
"PNG",3711.23550433784,2714.34879392383,2164.1132600906,2091.66271386695,1207.43887286063,1373.48990447786,2189.75501243398,1366.83760932677,2080.808124738,883.802269669669,501.842430001996,1496.75633478467,1310.10282431179,1420.18490841482,786.758632821694,525.377464155791,232.244415526511,91.4436843738721,1442.98668310262,1455.81375340549,823.017306052041,947.016874343787,581.234472020928,242.451015888534,108.230203155123,2.49105469219727e-08,7.52482581551687,14.8001368343958,18.7148586415414,0.116397283283646,8.74054360766355,10.8155954416883
"POL",NA,NA,NA,NA,NA,NA,NA,NA,NA,NA,NA,NA,NA,NA,NA,NA,NA,NA,NA,NA,NA,NA,NA,NA,NA,NA,NA,NA,NA,NA,NA,NA
"PRK",1.63853735468678e-12,1.61328070680256e-12,1.58732855082278e-12,1.56190480327112e-12,1.53777490297102e-12,1.51511142298943e-12,1.49351750966531e-12,1.47250062143556e-12,1.45141612062361e-12,1.42992884200055e-12,1.40790819669334e-12,1.38575561026144e-12,1.36427168007103e-12,1.34443421284658e-12,1.32682074882595e-12,1.31158338412263e-12,1.2983551433976e-12,1.28654528586125e-12,1.27536493366165e-12,1.2642826519027e-12,1.25313269316862e-12,1.24210366436728e-12,1.23145030395122e-12,1.22154615533887e-12,1.21261897634284e-12,1.20469755060526e-12,1.19759925976126e-12,1.19108340301821e-12,1.18482930355768e-12,1.17860759374366e-12,1.17235021024342e-12,1.16610589850907e-12
"PRT",NA,NA,NA,NA,NA,NA,NA,NA,NA,NA,NA,NA,NA,NA,NA,NA,NA,NA,NA,NA,NA,NA,NA,NA,NA,NA,NA,NA,NA,NA,NA,NA
"PRY",NA,NA,NA,NA,NA,NA,NA,NA,NA,NA,NA,NA,NA,NA,NA,NA,NA,NA,NA,NA,NA,NA,NA,NA,NA,NA,NA,NA,NA,NA,NA,NA
"QAT",8.52336000641634,2.70887957734115,4.23327060777665,4.64214413606426,8.20783982033289,5.03431681439254,1.76172801814652,1.45477241812087,5.18723207174295,1.33950524974029,2.173187096377,0.411607464577188,0.210645740980312,0.0797165596617933,0.00996231301524997,2.10485744278527e-08,1.31967267459543,0.35749060896914,1.90141455544619e-08,0.0536852969141548,1.76095248096051e-08,1.71008576455375e-08,1.63918409183542e-08,1.5195156681189e-08,1.32290022360871e-08,0.0777319174006929,0.853957998295659,0.0298696924435849,0.161171452448033,0.561904749044686,0.309281674787867,0.300426282906608
"ROU",118.934128333384,421.428162720099,1.82193778467004,1.28898594563565e-09,0.449644097212978,144.123983431228,23.623034708967,0.870840459045049,0.08706951984026,0.413766921074612,7.42249097752655e-10,0.464694713633321,79.0496912754067,5.87032552383514,0.0110316603093516,7.53389819010867e-10,50.6072881937846,11.8643101584395,7.72512349906336e-10,7.90875781956086e-10,7.85245493143549e-10,7.90925704645739e-10,7.75689402827975e-10,8.00026488245705e-10,7.95364806256164e-10,7.95271040272059e-10,7.88732661688561e-10,7.78636028292782e-10,7.99515167281911e-10,7.95057758636894e-10,8.05697092585328e-10,1.34006495199937
"RUS",NA,NA,NA,NA,NA,NA,NA,NA,NA,NA,NA,NA,NA,NA,NA,NA,NA,NA,NA,NA,NA,NA,NA,NA,NA,NA,NA,NA,NA,NA,NA,NA
"RWA",16091.9749846586,5646.54449903896,2839.16479799948,2331.44902798907,2243.42663070899,7193.25327730268,1743.942375822,437.312693803185,301.559420305801,582.649897267399,360.827505073936,1688.43763533977,951.492278864384,734.80857817659,3814.40277316962,572.2430891601,121.556574516782,2.8521473069827e-08,290.51018147329,150.387069171066,87.6323683515547,149.830693573516,33.8298055629773,2.21506677399951e-08,2.18328756109644e-08,2.12409764999405e-08,1.69512214882754e-08,1.60454741511148e-08,1.58668880517884e-08,1.53757289025914e-08,1.48571902324954e-08,1.44209822228549e-08
"SAU",231.585777249486,212.555497516711,295.847320940258,193.546418307168,114.801995755352,116.591875225084,154.792007274012,53.8053811154719,22.4511410364586,22.6964173208015,21.6519365272959,39.8377562144794,13.7335957390648,3.41065874436621,3.0528728122022,3.28972035525887,6.99233723914743,13.3681228593667,0.678884982758237,1.59767191476759e-10,0.02226836287143,1.47534910742149e-10,1.4217755004794e-10,0.293727733309462,1.30831170997062e-10,1.27872613401702e-10,4.24150788312844,1.21866446486787e-10,1.20228737904999e-10,1.18366471471606e-10,1.16528052472203e-10,1.14015356259412e-10
"SDN",53777.2732749266,44134.4152582973,4792.42495840195,2587.29296634373,54741.6086573151,16125.892708472,3383.78200833802,3551.84575592695,7603.11393992881,7260.33276775489,18015.4849104602,9642.7490124522,2208.02212508312,1059.38299800685,712.919638514163,940.872506144156,549.39296374007,557.961631894459,1317.24483252467,1391.06720108175,1912.25735999208,2160.57920957391,2042.31877448558,4091.30276490348,67.5920562839813,2.36703527311349e-09,2.30710973468019e-09,2.25044944743502e-09,2.20195535732242e-09,2.15304630370443e-09,1838.41363258193,3894.05952146033
"SEN",18810.4761025096,15766.7092695058,12487.6335691683,2626.27627999538,2368.93413991078,2890.30159237885,1379.84330572649,699.752316790866,4416.9964377299,1986.37558539697,4697.7391949314,6660.08431929939,6422.48090804408,2756.17071282895,181.752864604197,2699.15727468177,2273.12204680097,2246.37224018592,1426.05840157237,2029.82412005165,12367.0074822681,8321.45727993202,1816.64559186222,2.22196535303973e-08,2.15339306843966e-08,0.477347887778,1.75850309504151e-08,1.71941720273413e-08,104.256226053144,130.846028176811,34.4517649134616,37.743220575434
"SGP",NA,NA,NA,NA,NA,NA,NA,NA,NA,NA,NA,NA,NA,NA,NA,NA,NA,NA,NA,NA,NA,NA,NA,NA,NA,NA,NA,NA,NA,NA,NA,NA
"SLB",NA,NA,NA,NA,NA,NA,NA,NA,NA,NA,NA,NA,NA,98.3037199526384,5.12182338750898e-08,4.91822362295391e-08,4.82187911175786e-08,4.63424218895341e-08,4.56060416672797e-08,4.42479176550868e-08,4.41617254437581e-08,4.2366941887746e-08,4.07991130431913e-08,4.00915180662123e-08,3.81186961325016e-08,3.8111988475733e-08,3.65140935711643e-08,3.57258666464744e-08,3.57382959945052e-08,3.40660155694268e-08,3.36179952636246e-08,3.27181892387334e-08
"SLE",8546.81580070439,10317.4770787986,11046.312251971,10041.5569509387,7940.61383030047,964.038410548666,1451.03634469352,511.348335069217,759.155694603065,1185.49321823523,552.99212318672,1227.16555453834,4602.81580866406,788.995624478744,478.360711596561,6.48762824293842,737.018445328847,40.2719487015542,4.79572015083866e-08,4118.27308927951,1087.01833453948,556.642953216784,425.028593899131,3.90063793486872e-08,3.25315091286907e-08,3.13094527149577e-08,3.06716148906016e-08,2.99777313286848e-08,2.94937959423265e-08,2.88793544656537e-08,2542.87717734042,1022.70507313029
"SLV",NA,NA,NA,NA,NA,NA,NA,NA,NA,NA,NA,NA,NA,NA,NA,NA,NA,NA,NA,NA,NA,NA,NA,NA,NA,NA,NA,NA,NA,NA,NA,NA
"SMR",NA,NA,NA,NA,NA,NA,NA,NA,NA,NA,NA,NA,NA,NA,NA,NA,NA,NA,NA,NA,NA,NA,NA,NA,NA,NA,NA,NA,NA,NA,NA,NA
"SOM",NA,NA,NA,1.60089917864266e-08,31.532378726217,44.8708505208432,76.5154357463165,108.842502791093,487.728668958534,45.6089178336852,113.734402800261,301.818448136606,527.801259150882,698.624802981644,858.745055044403,2407.95575754485,768.496314478174,3563.83824248976,6915.7021669147,5210.44277675531,4527.20273203412,14222.1388869275,11566.3064552973,18061.6554972616,6324.47816495812,1611.80307011679,230.454021600985,1.07236091543579e-08,62.3920154335047,1.02154464443579e-08,2005.51784828468,634.223132886755
"SRB",NA,NA,NA,NA,NA,NA,NA,NA,NA,NA,NA,NA,NA,NA,NA,NA,NA,NA,NA,NA,NA,NA,NA,NA,NA,NA,NA,NA,NA,NA,NA,NA
"STP",140.554605165266,7.07825757834553,174.08853723998,145.028566893124,31.0314236919199,25.2980542528732,0.311856146565614,56.3367551279686,1.50385680395796e-06,2.68286493781677,1.23923982344188e-06,1.20878364592744e-06,23.8044512671271,256.524714158352,13.5376017438879,0.269064347078169,1.10586896051162e-06,1.09287586063827e-06,1.07724111730752e-06,1.06182719354695e-06,1.03837819376779e-06,1.03023682429914e-06,9.99963050407553e-07,9.82681003877324e-07,9.57895494016658e-07,7.60099100451529e-07,7.32741834483203e-07,7.11875605002756e-07,7.06878121602149e-07,6.76106797172362e-07,6.55636171201657e-07,6.39610587617688e-07
"SUR",NA,NA,NA,NA,NA,NA,NA,NA,NA,NA,NA,NA,NA,NA,NA,NA,NA,NA,NA,NA,NA,NA,NA,NA,NA,NA,NA,NA,NA,NA,NA,NA
"SVK",NA,NA,NA,NA,NA,NA,NA,NA,NA,NA,NA,NA,NA,NA,NA,NA,NA,NA,NA,NA,NA,NA,NA,NA,NA,NA,NA,NA,NA,NA,NA,NA
"SVN",NA,NA,NA,NA,NA,NA,NA,NA,NA,NA,NA,NA,NA,NA,NA,NA,NA,NA,NA,NA,NA,NA,NA,NA,NA,NA,NA,NA,NA,NA,NA,NA
"SWE",NA,NA,NA,NA,NA,NA,NA,NA,NA,NA,NA,NA,NA,NA,NA,NA,NA,NA,NA,NA,NA,NA,NA,NA,NA,NA,NA,NA,NA,NA,NA,NA
"SWZ",NA,153.357090200299,49.9189792379145,75.2338980819787,50.1904076836621,33.7056836115319,65.8378563182844,20.8278360775038,18.2480892966518,18.1476054836291,18.7886321459352,25.1166707204071,36.1512997747397,9.74937981390085,1.47421288645473,24.7338730569724,6.19117241053326,1.38240183713193,4.88414107811377e-08,4.86503850540679e-08,4.72434642961045e-08,4.65919039187611e-08,4.68549628314199e-08,0.00013912613662083,4.65954761809114e-08,4.55207737907613e-08,4.49003771979543e-08,4.45819621724562e-08,4.40516671451372e-08,4.27787941060135e-08,4.23406844216495e-08,4.1180561164801e-08
"SYC",NA,NA,NA,NA,NA,NA,NA,NA,NA,NA,NA,NA,NA,NA,NA,NA,NA,NA,NA,NA,NA,NA,NA,NA,NA,NA,NA,NA,NA,NA,NA,NA
"SYR",0.00132115432651199,0.00753868153541769,0.133010720729397,0.687932846947179,1.2837952940416,4.5500181386974,4.5767114956769,4.25347285976658,3.81501848794272,3.36943526086798,2.48543779698819,2.23663255438093,2.78546484873051,3.0916319471079,3.48012320856242,4.65733743784455,17.8558442134838,17.9131712532445,1.62832069574202e-12,1.57241303169836e-12,1.54481614665676e-12,1.82295151733203e-12,1.80000854342998e-12,1.74211938776347e-12,1.67359474722689e-12,1.63754886819334e-12,1.58204941241534e-12,1.5172969181132e-12,1.46514911632673e-12,1.43001039869335e-12,1.42006870048834e-12,1.40868526536599e-12
"TCD",NA,3.21984357841549e-10,3.15126915608575e-10,3.06080008475141e-10,2.98960619920208e-10,2.89404507119017e-10,2.80230040573741e-10,2.7162503091117e-10,2.63779856283563e-10,3.79706409265288,1003.14793533338,2697.8415491611,4228.45820486193,3260.17461010189,4298.64054881744,5574.94220327843,4173.29437858214,3585.7928205905,2345.96443146629,1350.49226883946,2486.36462638165,1836.76120883162,2044.74447994492,1828.00523883289,923.951380842919,27.2971239215056,1.41765705877401e-10,1.38109214044252e-10,1.33849176860118e-10,1.29358269059301e-10,1.25927173257222e-10,1.2187831158065e-10
"TGO",6744.14574197591,6686.97695237981,5849.04588483141,8140.13023409703,7991.54806729802,3943.63768282931,2831.62599955509,5450.71529522508,1356.98117246934,945.674296742099,2354.4350472555,1683.36591286807,988.837897908025,1603.22760496565,1446.40966057535,500.557504789748,267.337461121405,807.581771684392,674.607455713479,829.966396455616,638.654668774423,2.52991538047336e-08,2.48103986484491e-08,3.49933502870407,2.34077083082712e-08,1.96931407181499e-08,0.123325882973707,25.3884224924339,1.83175189184344e-08,10.4746591230937,1.72813326852575e-08,3.24909711743591
"THA",418.578422358319,497.382590186343,630.637157147637,885.348052878851,595.260497889972,358.1717989876,847.102333060452,661.743431272062,279.877174858209,545.945857487642,361.209263775381,120.53547261822,222.011704548973,601.865791288818,171.978991099008,68.6685471190887,138.647022700833,120.122813524464,30.1407885580309,17.3917568155901,43.7644637187837,0.677465683984727,25.3120392208629,17.000473607423,12.9572973718106,11.5866592378519,14.0775805200092,44.9633932786483,39.1895913143064,13.2660626629548,8.58919751513034,22.0739688281237
"TJK",NA,NA,NA,NA,NA,NA,NA,NA,NA,NA,9.59264117230339e-11,9.14791647141199e-11,8.98818418647857e-11,9.20730785736936e-11,9.5799459378323e-11,5.64631184381697e-11,5.81828581319996e-11,5.5515622464156e-11,5.53339148581026e-11,5.32612954298289e-11,5.24217587133913e-11,5.24610745107928e-11,3.81372541059039e-11,3.73542981177708e-11,3.63335460817567e-11,3.56625521447049e-11,3.48454560274162e-11,3.39614489232868e-11,4.4992550647719e-11,3.28492575768063e-11,3.18009174529642e-11,3.0796161802594e-11
"TKM",NA,NA,NA,NA,NA,NA,NA,NA,NA,NA,NA,NA,NA,NA,NA,NA,NA,NA,NA,NA,NA,NA,NA,NA,NA,NA,NA,NA,NA,NA,NA,NA
"TLS",NA,NA,NA,NA,NA,NA,NA,NA,NA,NA,NA,NA,NA,NA,NA,NA,NA,NA,NA,NA,NA,NA,NA,NA,NA,NA,NA,NA,NA,NA,NA,NA
"TON",NA,NA,NA,NA,NA,NA,NA,NA,NA,NA,NA,NA,NA,NA,NA,NA,NA,NA,NA,NA,NA,NA,NA,NA,NA,NA,NA,NA,NA,NA,NA,NA
"TTO",NA,NA,NA,NA,NA,NA,NA,NA,NA,NA,NA,NA,NA,NA,NA,NA,NA,NA,NA,NA,NA,NA,NA,NA,NA,NA,NA,NA,NA,NA,NA,NA
"TUN",NA,NA,NA,NA,NA,NA,NA,NA,NA,NA,NA,NA,NA,NA,NA,NA,NA,NA,NA,NA,NA,NA,NA,NA,NA,NA,NA,NA,NA,NA,NA,NA
"TUR",209.868258643336,140.065976785795,233.056091048107,303.006276535403,181.951430119112,90.026893088893,54.3916672660008,51.522458682847,103.374044762905,92.5821786877888,143.182581051396,182.578375822368,269.724059727423,230.644610376426,166.621397431602,206.232133525919,175.920734343689,184.759449388388,127.740160065223,101.01825715083,152.965179137964,68.7563521407589,36.5840388201168,2.77525507713102e-11,2.74445815132757e-11,2.70794634018905e-11,2.24166943368173e-11,2.21914929197472e-11,2.18776477661872e-11,2.16176683597038e-11,2.12816624389921e-11,2.09360486743207e-11
"TUV",3.13085683850136e-07,3.08108273894167e-07,2.26710922522e-07,2.93448637317758e-07,2.95554078540656e-07,2.8879182005537e-07,2.18442462380766e-07,2.14139892816596e-07,2.13492046171949e-07,2.07372357194854e-07,2.07109277651102e-07,2.09865213712742e-07,2.09730280246456e-07,2.10043930342993e-07,2.06306088249879e-07,2.09262081494734e-07,2.04345214913121e-07,1.50767556840405e-07,1.54126299731705e-07,1.55059180204213e-07,1.50495937053724e-07,1.46584141316125e-07,1.52260904183225e-07,1.4797790376088e-07,1.48358635912206e-07,1.47616385657791e-07,1.9305382648106e-07,1.96158010452752e-07,1.97461425754448e-07,1.46978712339147e-07,1.46240624409926e-07,1.47650924283235e-07
"TZA",20913.7217319454,23252.8584589962,14714.4644845689,8242.4801459914,9123.425505179,7302.40819842078,7082.96269736137,2671.98193422686,1139.00471018449,1726.70888743912,3927.73031491066,2162.96394895491,2259.06301219336,843.241494864575,428.114531405336,1013.21491066431,1022.49493637708,1281.41219542961,968.654749101418,1764.02710072568,1175.62735580076,347.773699224236,134.198333720045,51.6223370790865,20.01283137209,1.48052445860706e-09,37.5546165040101,91.9111185052531,4.00700578233395,1.32864197664258e-09,1.28060096672502e-09,1.24380455706737e-09
"UGA",2.54783551323308e-10,2.48415696531039e-10,2479.06785931457,1757.21521647713,264.342524128351,9.64434474364503,2.08727308726944e-10,169.339855345979,1.94627245792867e-10,1.87465194710238e-10,1.81507032953737e-10,2370.77680524133,1095.34389330559,8525.39832943461,8356.9570435697,5274.38865536587,2445.16886697449,5436.68197185745,6896.39076811174,7771.78706295836,3959.82361896393,8196.34875005461,6065.83738712849,1.02454512223169e-10,9.89397582887165e-11,9.64806190418005e-11,9.20854695486447e-11,8.95631822880401e-11,8.67537126755995e-11,8.38248466192928e-11,8.11288643944755e-11,7.81660961158573e-11
"UKR",NA,NA,NA,NA,NA,NA,NA,NA,NA,NA,2.54954284804391,0.854943534432156,3.70925184413487,1.67743390273231,0.37911172684905,0.110565143829027,0.0305059880421978,0.000569739762038796,6.72179767705379e-13,6.8633249813559e-13,6.83893201906365e-13,6.9679507353646e-13,7.01666247662303e-13,7.16944053632787e-13,7.13918784814574e-13,6.87882732719236,4.14293752601039,2.44015840814532,1.36156136472325,0.726283859107906,0.57715780676302,0.79109101923428
"URY",NA,NA,NA,NA,NA,NA,NA,NA,NA,NA,NA,NA,NA,NA,NA,NA,NA,NA,NA,NA,NA,NA,NA,NA,NA,NA,NA,NA,NA,NA,NA,NA
"USA",NA,NA,NA,NA,NA,NA,NA,NA,NA,NA,NA,NA,NA,NA,NA,NA,NA,NA,NA,NA,NA,NA,NA,NA,NA,NA,NA,NA,NA,NA,NA,NA
"UZB",NA,NA,NA,NA,NA,NA,NA,NA,NA,NA,151.171639008862,71.1141115913221,81.4211366081316,54.6252947273809,10.0064429934688,1.29500007692691,0.432725253540049,5.76982292974858,13.9122391297167,1.9698977336357,3.53310716333776e-11,3.44547607304988e-11,3.40575212142093e-11,3.44887159584092e-11,1.35659222998638,7.30258171494056,7.86740111031531,3.23518856685855e-11,3.19152828361068e-11,3.14368221986787e-11,3.13479793088729e-11,3.03579425741825e-11
"VCT",NA,NA,NA,NA,NA,NA,NA,NA,NA,NA,NA,NA,NA,NA,NA,NA,NA,NA,NA,NA,NA,NA,NA,NA,NA,NA,NA,NA,NA,NA,NA,NA
"VEN",NA,NA,NA,NA,NA,NA,NA,NA,NA,NA,NA,NA,NA,NA,NA,NA,NA,NA,NA,NA,NA,NA,NA,NA,NA,NA,NA,NA,NA,NA,NA,NA
"VNM",19574.5364111039,23115.6463895951,42365.4867565924,28175.8364466454,26446.4950166547,21856.6946869435,10847.4967422736,7724.10209948561,6803.10053778716,2992.60080378883,2034.10245983542,2409.3849902135,1849.37815602975,1770.08492206942,1005.61329378927,732.045307585232,831.41052836037,1633.95967091494,2113.20480462014,2544.43708069277,1857.08298249757,1087.04831063269,250.39171189632,1.3636744283377,2.00083359477932,15.3527204894454,30.6566806056758,5.44151403552074e-10,615.194270513336,424.505147503746,13.9421025466304,4.43471976607028
"VUT",0.184976827331389,13.4772893788254,5.95939186472925,32.9759323559944,15.1333211074738,17.5868427234487,4.33861091024634,1.4738868445919,1.11746307588384,0.277081778208049,6.1057563158028,2.06727588204008,0.266641448713246,0.0484154105024552,0.000366138769184496,4.2225152108002e-08,0.0356408442699099,5.32698871857683e-08,3.93520955496281e-08,3.80934254010478e-08,3.80786585432317e-08,0.00137076991679923,0.495858888753447,0.0026313151159009,0.302262318731377,0.0183816644871636,4.34670857002865e-08,4.25137270676404e-08,4.20389891936743e-08,4.11835599208092e-08,4.00394641102206e-08,3.91483535352594e-08
"WSM",3.28302047015322,1.89849541756354,0.502949302956599,0.139082920273156,8.1599291019168,0.303884912814357,0.0447740002916933,0.0107519353773221,7.38756262369979e-08,7.20221509825083e-08,7.21860036406632e-08,7.14196529703646e-08,7.19117769747403e-08,5.21836015376875e-08,5.20252130945235e-08,5.20302214732961e-08,5.27817068361366e-08,5.17833995060163e-08,5.07749313466699e-08,5.19104641435334e-08,4.95648115878692e-08,4.97991272643803e-08,5.04746712414664e-08,4.93661571223145e-08,6.52761286999554e-08,6.61520658946029e-08,8.53092603135601e-08,8.56618916489515e-08,8.47374460970143e-08,8.41339042957319e-08,8.29471569040029e-08,8.16416066635977e-08
"YEM",6317.74573582951,6690.27973031541,9647.61870332712,11718.0035206839,7830.51034016357,4293.29565861906,4608.73137242722,2799.43780436563,7736.29484238129,1512.95322513084,848.86551930201,603.094857671943,299.371798768452,247.014454736385,199.34890582102,48.3480380230426,438.61984230716,1778.91787963488,2821.76242822698,727.043976735516,489.683557119449,48.153086994681,1384.11519922489,2511.4376081441,1301.10951814721,1456.89368975628,1.90291284631408e-09,1.89418571887706e-09,1.83546392738611e-09,1.7929127916413e-09,55.4777319479629,142.420212599412
"ZAF",8173.98062637061,7226.14714069131,7456.51302578309,8327.69777404345,9311.79277865577,6981.85434911791,10758.4542206912,6953.82993035233,8252.40484045733,4753.79620778922,2168.47050939847,2651.36944048442,5501.01779214468,2889.43148670003,3397.18181096092,2489.64377805994,367.710716595341,1.37184886349821e-09,1.35451539898402e-09,9.39845718415279,0.762060478247785,60.3641901939896,18.2724120422541,24.9691071990696,1.24061512961562e-09,4.031961828416,5.33150181395811,1.18726383090745e-09,472.976281114237,3229.08833078744,583.078882665449,104.120330382135
"ZMB",20883.2252823491,6818.7987059693,4481.18184194358,3108.2635528651,4413.34040140757,2119.62993952191,1117.61359769711,725.720757910986,367.142664778269,265.239957245515,168.641806331391,445.592979136196,567.698410071395,568.701397322002,406.77416231374,392.945158534178,317.795075598643,0.0709177681474045,1188.90577752769,1710.82889919811,1012.65904837579,1337.8866872898,284.804380804931,1.82372747393205e-08,1.7719294208177e-08,6.59402710499669,12.6838495552781,1.32652826499873e-08,1.2851524186483e-08,525.050898697176,759.236463152549,320.408829965708
"ZWE",5.65498867940858e-09,34.0442869783244,7268.86944072554,5110.92831133195,4140.49386434722,3113.5251027727,2509.65034629405,10391.5842236455,10232.922530193,2764.56753308076,2977.39010434108,2187.69677248915,4668.30417174416,5998.79136526659,1784.45520674048,5095.06045176091,2315.08559987636,489.289450909116,2.99128261736299e-09,2.95723557739454e-09,2.93994799467405e-09,2.91895388573179e-09,2.93572576742542e-09,2.9106134237658e-09,2.90468467997179e-09,2.89898843334804e-09,2.8992986386812e-09,2.9099662846069e-09,2.85253214172391e-09,2.81146231170529e-09,2.76186434388967e-09,2.70465605912053e-09
