iso,1981,1982,1983,1984,1985,1986,1987,1988,1989,1990,1991,1992,1993,1994,1995,1996,1997,1998,1999,2000,2001,2002,2003,2004,2005,2006,2007,2008,2009,2010,2011,2012,2013,2014,2015,2016,2017
AFG,1878230.276,937572.8661,867939.3204,741213.8984,658473.6254,376946.5088,471005.7089,230589.4223,112026.0902,109748.7432,88612.76176,254502.5812,392747.0492,438031.8185,475779.0276,385593.8501,318615.461,177836.1606,202628.5051,312580.9759,405092.4702,203563.1924,14469.71434,20810.42296,71266.04964,105301.6219,50209.01975,66180.45413,129635.3955,92377.89363,136724.3382,125819.5319,10782.49548,26934.05858,37100.73377,8239.430069,38077.75059
AGO,626186.2718,694572.8945,511691.2923,517980.4111,521690.5644,354960.5008,302689.9737,494144.2617,448763.6921,685224.3551,421134.811,379800.872,227026.6526,146128.4693,62235.77758,35138.75458,193756.6234,93646.00062,50361.88487,65333.35298,205057.9586,268196.4219,93342.57716,1342.39568,15208.054,31742.01262,12890.31568,17730.71315,58171.83374,17861.8109,33640.47012,52769.52208,194904.2094,271735.9486,27863.61085,47831.297,70169.22219
ALB,NA,NA,1657.041361,2440.449609,2844.78485,3037.777251,136034,3196.951097,331580.4969,4512.824433,5373.729148,4874.212728,5841.111965,4582.469297,4092.614745,5188.375707,6699.67609,6860.08217,5778.417663,4447.358185,58.03803583,195.1063083,377.0439174,537.8429065,660.485973,834.5249868,885.7171578,3010.980385,1801.962612,1374.958384,4168.195608,2148.99257,1532.16687,1163.507415,3625.077837,1941.769094,1401.679745
AND,NA,NA,NA,NA,NA,NA,NA,NA,NA,NA,NA,NA,NA,NA,NA,NA,25,NA,10,10,25,5,0,0,0,0,0,0,0,0,0,0,0,0,NA,0,0
ARE,14100,8455,10525,8745,12000,10790,14565,5935,5340,5935,5740,5315,3725,2590,3355,2125,1215,1480,585,345,150,265,210,110,145,NA,NA,275,NA,435,NA,660,0,2495,1735,1115,605
ARG,87910,22160,35530,158755,46200,32240,40120,23755,20045,9835,210465,102755,25435,670,3275,295,625,51145,1565,30,0,0,0,0,0,0,0,0,15,85,15,10,0,1590,0,0,15
ARM,NA,NA,NA,NA,NA,NA,NA,NA,NA,NA,7064.371699,6946.710686,6841.310897,6731.575105,6588.411809,6790.755329,6618.161826,6396.761245,6164.392832,5940.064693,5718.767196,5623.365187,5419.785442,5281.206541,5600.493214,5436.201268,5254.864728,33.24149261,36.72139827,33.42428222,36.2088683,39.1278572,42.24606991,46.54728252,49.60886754,52.64086218,55.81372295
ATG,1235,0,50,5,5,0,0,0,0,0,0,0,0,0,0,0,0,0,0,0,0,0,0,0,0,0,0,0,0,0,0,0,0,0,0,NA,0
AUS,NA,NA,NA,NA,NA,NA,NA,1240,845,4400,6900,7125,22680,24475,5990,2490,4265,1635,1175,540,705,160,455,350,50,NA,55,325,520,350,950,995,790,1675,370,495,405
AUT,NA,NA,NA,NA,NA,NA,NA,NA,NA,NA,NA,NA,300,NA,NA,NA,0,0,5,NA,0,NA,450,75,45,115,100,2240,245,260,340,0,0,540,1545,135,475
AZE,NA,NA,NA,NA,NA,NA,NA,NA,NA,NA,281364.2351,39164.35172,67201.78621,311484.6173,32779.33659,22347.15568,36567.04462,135064.8264,55247.92973,24781.72486,26974.29609,257405.2848,92474.20071,40180.26416,56282.63687,18751.36382,259.8903379,946.4902515,3140.410865,2653.55377,2875.473743,3033.52837,6937.493341,6794.461218,30.34563269,140.2665991,355.2360627
BDI,292831.6787,182602.2399,220343.1073,127839.9711,159435.7667,173435.5657,104370.8063,144408.0608,121529.2892,63605.86136,49159.43186,97616.47415,103611.1584,50317.29116,64189.63988,70146.25129,23106.05473,16719.52986,18688.62151,83270.82035,95179.08021,7728.046602,690.2429547,3651.884341,4980.0032,6939.207441,2043.166702,5194.169577,6452.234431,3452.52341,3413.779687,4528.043852,1831.948439,1932.81609,1857.724499,1427.112709,1728.26267
BEL,NA,NA,NA,NA,NA,NA,NA,238080,405220,NA,36080,47825,36865,56730,53250,36105,19345,0,NA,NA,415,NA,220,305,130,75,320,490,165,200,2880,0,195,975,235,NA,1835
BEN,268784.8529,215598.7125,214533.5901,246587.619,242896.7235,137482.5644,248870.54,105800.9187,66528.42882,68345.70139,98114.87693,60562.92563,74618.36497,142790.7075,193848.1323,52403.23821,191507.8122,44229.51067,49213.95211,76827.07832,106175.5517,33402.17227,19203.05291,3553.781296,9298.8119,4401.28545,10364.69545,20593.15511,21853.48181,17792.12561,16959.20596,6116.484741,16264.13484,23757.42295,2519.069826,6495.667815,8915.330842
BFA,330112.9679,397158.4277,405521.284,581578.837,330334.2901,225251.3502,566295.4442,163797.1611,145027.9114,183789.582,132284.8612,437591.1936,275520.0687,100698.8955,121973.1266,353133.4663,94707.40275,238489.4385,140803.4445,98461.33247,96672.23333,4970.825266,53162.22456,34238.146,10252.54726,16644.06374,17204.00389,7440.605489,136593.6527,74244.83906,46219.1996,14093.98877,26759.93632,35792.92251,1050.204192,11539.1417,18806.28224
BGD,979138.7096,1729049.564,2445720.586,3166632.581,3375871.288,3909057.659,3918332.887,3517876.761,2680328.81,1640016.066,2101050.168,1849075.787,1687975.121,2146552.006,1738471.87,1596882.11,2215882.962,1995296.122,1797791.197,1638685.668,1469926.062,1323792.82,1298470.051,1006945.079,2396888.683,1896047.5,94867.80333,159005.6321,187586.6028,222397,143634.3057,177446.5726,189792.1729,293897.9678,1410.142687,6396.08394,26247.2426
BGR,93070.63723,79151.00989,66798.10224,73174.26837,69891.65149,71507.61467,70526.28383,70434.43473,69856.54331,69365.46816,69175.9511,141237.6156,31105.15765,76854.17971,60696.34228,67744.35031,63662.21016,64428.64755,62356.28341,64701.72699,62347.67923,63113.55546,60581.22394,61156.70638,59961.67718,59808.65854,59155.32103,58784.80181,58821.25938,141241.2143,16679.65887,60102.78252,55718.41628,57409.02543,56237.3551,56261.68011,55521.22677
BHR,1645,5735,2190,5670,9550,485,110,25,905,295,35,60,10,0,15,370,20,20,190,30,25,40,60,55,20,15,35,10,15,0,0,0,0,3960,0,0,0
BHS,225,250,14340,180,130,425,210,110,295,360,0,0,0,0,0,0,5,0,0,0,0,0,0,0,0,0,0,0,0,0,0,0,0,10,0,0,0
BIH,NA,NA,NA,NA,NA,NA,NA,NA,NA,NA,9973.370674,11073.76922,12389.53235,13210.62874,13816.44175,13395.70282,17665.99902,20397.3755,18205.76771,16529.98994,15055.17828,13866.50813,12934.4831,12090.51307,11314.0046,10778.35572,10112.47542,9553.32278,9032.160427,8558.188866,8143.387615,7727.180905,7345.655802,7594.306219,7381.291289,7060.405733,6763.577097
BLR,NA,NA,NA,NA,NA,NA,NA,NA,NA,1120,6755,11620,19370,4100,7580,1975,675,2585,765,105,225,70,105,10,5,745,5,0,0,5,250,50,80,2100,10,50,5
BLZ,930,30,55,20,35,620,1120,370,10,125,35,55,0,0,20,0,0,0,0,0,0,0,0,0,0,0,0,0,0,0,0,0,0,330,0,0,0
BOL,38270,3600,10170,6350,1085,1730,4935,8965,3345,4100,10540,24685,16955,7205,380,35,35,5020,7205,610,0,0,0,0,0,0,0,0,0,0,0,0,0,730,0,0,0
BRA,306405,196850,291295,404375,379965,645630,330295,130895,114265,307175,212685,39670,30185,175,3965,2900,261420,13905,4540,180,5,5,10,0,30,285,0,0,0,340,215,10,1100,33125,1070,NA,0
BRB,205,30,30,25,35,10,10,5,10,255,10,0,0,0,0,0,0,0,0,0,0,0,0,0,0,0,0,0,0,0,0,0,0,165,0,0,0
BRN,3875,1215,2790,2705,3085,2200,315,140,195,60,NA,255,250,NA,NA,NA,65,60,115,210,55,NA,120,80,45,NA,NA,15,10,0,20,5,0,80,20,5,0
BTN,14505.34875,24418.9719,17770.92373,17322.48318,10828.03282,12461.33743,8978.632733,5573.779387,7316.963353,2866.343188,5785.363334,2305.426221,6617.417896,8960.137786,2714.547105,630.0455826,2363.410073,1966.466301,19705.44225,5601.306668,9948.88871,1893.314605,1057.369946,909.970484,825.7355448,446.2377484,11,84.85485531,143.3986224,307.5572399,288.8620977,237.8784707,210.8645832,811.2848574,487.2942438,663.420716,915.2617377
BWA,14137.55291,16135.73147,66179.47272,44240.10525,23426.0501,14925.3933,8101.699962,8560.521419,30899.76093,17984.98305,11379.39673,9225.807709,44149.32229,29180.00653,14054.69403,12678.46949,41690.63956,6543.277042,3012.125626,14085.15117,7182.266799,5168.914949,4337.860178,3644.600111,3250.174399,896.731318,1311.250081,1621.099696,2284.594633,1179.238047,1571.713712,1838.223964,2025.785103,1030.036089,1436.072711,1768.226172,565.5683397
CAF,187437.5581,109332.635,69120.93242,321623.4204,104748.7267,77393.80447,91582.37982,81054.92282,24556.35694,54342.60757,172202.4308,128843.3693,74450.14262,69840.7048,43734.81842,22556.23383,17877.14752,16234.83421,28735.79994,147225.7085,120927.0985,50693.50704,35211.08621,52638.64091,28868.29123,2781.421065,4597.736396,6896.00814,1627.532204,5238.399998,28123.46088,7111.347043,28318.99901,24060.41455,17664.69107,21777.60873,21784.13871
CAN,11535,5320,4670,20390,14080,74705,11925,3045,55725,5165,30890,13710,1015,2615,11805,1635,2895,60,145,1030,170,30,75,35,30,65,505,310,70,495,3795,60,410,2560,975,55,225
CHE,NA,NA,NA,NA,NA,NA,37000,38000,13500,9950,13500,21500,15000,7000,7000,10000,32000,10000,4000,NA,3500,NA,2870,195,300,NA,5075,10110,4790,385,3105,305,875,345,175,NA,525
CHL,32635,47190,33760,23925,85505,62815,13115,225395,65040,9790,10490,5,5,0,0,0,290,30,155,0,0,0,5,0,0,0,0,0,5,0,30,0,0,1015,45,0,0
CHN,24813512.85,22056652.95,19332380.83,15210553.81,19162459.98,10498171.19,6342754.389,5095405.585,4500925.655,4336530.848,5730421.434,6611624.85,6025303.588,4658021.027,3579455.761,3696981.513,4066671.946,3310209.509,3372758.535,3664806.132,3986275.426,2978157.728,3178611.926,3186468.209,3064440.844,2474740.683,2648937.858,3255489.772,2268586.243,1226079.759,891000.4069,683134.2714,1001923.563,4180441.727,2511521.41,1683978.229,997290.5794
CIV,332139.1147,313789.3684,173503.9074,132466.6978,178173.4211,516934.9768,706659.3175,351582.738,372301.9866,354941.7202,211243.3833,294671.5304,169998.8283,198185.2433,705179.2469,420796.6897,214638.4514,244384.227,128186.0068,121118.9542,120603.8604,122150.0452,105361.8163,76049.33928,32722.48375,2087.80027,8231.750339,13429.12707,6579.985779,15902.69759,27645.03421,7403.632783,12680.65312,22088.21792,3410.248903,11561.83924,18811.23128
CMR,NA,487809.3996,707702.8683,443824.5226,554176.1856,368402.7854,207167.8104,266239.0406,278880.0305,244478.7568,178835.1413,317042.0048,160986.8557,68068.95481,51810.37555,134318.5523,105642.8359,128697.8197,134034.1859,170440.4153,274446.3068,8363.717812,5496.219019,13116.32869,18777.05974,18010.93925,10001.52402,7135.331558,12542.09076,5420.383569,12882.18638,16590.0916,7418.250031,23686.21984,29351.59834,7804.004128,15228.86248
COD,38142,30775,26011.8244,37709.46043,49941.38108,64104.73338,79311.56884,95111.14734,112789.3574,131757.262,158805.7473,183409.5927,206040.3592,229149.3187,258038.5016,293262.9016,330155.9831,371576.0285,415633.0878,436724.3209,464056.6116,493972.3776,320784.9715,341927.4873,248213.124,152118.9653,82194.91822,45673.87681,36635.22919,32176.07389,133802,73870.82986,88381,5319.725316,5020,5092,45107
COG,58913.4116,131505.929,167291.1303,187385.9647,86353.10617,66556.46996,29550.62489,16265.22704,12092.99839,27480.04332,37854.1789,42573.3383,22225.9524,15054.98418,23627.03658,36738.98068,26513.41709,18474.09603,16261.55035,21232.37177,25942.54493,31495.35583,38344.88075,38395.46048,2924.50487,5295.240015,6686.590463,980.1689419,2638.459174,3483.222236,1552.490928,2496.063075,4997.010923,1635.155974,5390.282232,6697.131268,2192.955953
COK,86.28028173,157.409243,148.341746,142.4407568,132.9339962,127.9232551,117.5943535,106.6230757,691,481.415124,368.063481,293.527438,237.1329009,206.9890351,175.6289872,160.3802321,194,128.7232574,0.821575782,2,2.535944459,3.006858395,17,3.248573735,3.346665745,6,1,0.166712823,0.522473049,0.567385138,0.666159216,0.731510476,0.799734464,0.870771992,0.936045391,1.043372261,1.118526163
COL,98060,46365,65495,59245,27860,25900,103100,74005,62990,62600,51955,39880,45525,2625,2050,800,335,305,220,5,15,695,0,0,0,0,0,0,0,0,30,5,5,12580,5,0,0
COM,0,0,0,0,0,0,0,0,850,11640,0,0,0,10,0,0,0,0,0,NA,NA,0,0,0,4560,425,0,0,5,0,15,5,0,0,0,0,0
CPV,4205.016464,26353.60257,28829.88555,2631.164757,5594.784603,7665.912396,9257.916382,1336.525741,826.1235831,784.8049453,895.5478543,759.1723203,619.4381422,950.455427,818.5910589,684.9857866,22756.67547,5880.470972,1219.890079,753.3962016,582.1973479,509.2758761,465.1792749,431.4040306,402.5153312,146.8605833,235.6461713,272.9571166,279.8202341,128.433301,89.3563394,70.61011314,62.79765486,28.06069278,35.99366289,72.5233828,29.53129391
CRI,850,835,195,55,5,22670,20020,1790,165,380,31480,11805,1365,0,175,120,130,135,115,0,0,0,5,0,5,NA,0,0,0,0,0,0,0,190,0,0,0
CUB,91935,117040,16435,16575,14370,16560,4290,605,60,60,85,60,10,0,5,0,0,0,0,0,0,0,0,0,0,0,0,0,0,0,0,0,0,5575,0,0,0
CYP,15,135,915,15,5,5,0,0,0,20,5,100,0,0,0,275,5,5,0,0,NA,0,0,0,5,0,0,5,0,90,0,5,450,50,0,0,15
CZE,NA,NA,NA,NA,NA,NA,NA,NA,NA,12100,4195,2080,70,45,25,50,70,95,10,45,30,20,150,85,0,35,10,10,25,0,85,110,75,1110,45,35,710
DEU,26450,10145,48990,58795,2840,995,945,85,225,NA,NA,NA,NA,NA,NA,NA,NA,NA,NA,NA,30120,23285,3895,605,3890,11535,2835,4585,2870,3900,8035,830,8855,2180,12320,1630,4645
DJI,NA,2627.622762,7714.702178,82383.54638,8453.026973,12729.18842,6952.068649,24576.7412,26088.08109,8450.228657,5050.284773,8587.804374,6299.422641,10981.30062,5604.550217,21037.143,18194.95903,13786.87616,19283.07432,12428.75949,7967.221521,5870.519529,1447.305292,942.7648681,13104.11948,2326.915026,3056.977834,7092.734272,1645.290402,2051.725099,3296.187381,30549.11703,3577.855644,2255.196202,2553.352901,882.4311185,957.5569628
DMA,135,10,5,940,320,225,410,50,45,65,30,0,0,0,0,0,0,0,0,0,0,0,0,0,0,0,0,0,0,0,0,0,0,5,0,0,0
DNK,178255,78280,166210,105940,65935,117450,31340,3090,2025,900,810,645,575,180,100,595,305,NA,NA,70,55,160,0,0,10,135,10,70,30,25,420,10,85,145,45,15,20
DOM,17050,18355,14800,22145,22085,2505,2495,3460,7525,17385,37560,38250,23185,15,0,0,5,70,1370,1270,565,0,0,0,0,0,0,0,0,0,10,0,0,270,0,0,0
DZA,515941.4721,981963.7171,985922.3653,998077.7542,772401.7747,478068.5432,354471.6007,289730.9602,271628.3778,237012.1899,252829.6843,287435.6954,248781.7418,250302.9827,269478.2878,411199.4787,165457.5031,146834.9141,129423.5748,121066.4878,116426.6405,126001.8483,220509.7429,3289,2674.234956,3427.471787,4180.328221,5191.414505,7456.739314,9722.927293,12162.13505,13790.11066,16199.68554,5647.445062,2241.295505,3717.624872,1723.898063
ECU,23390,8235,12780,34895,5915,4195,7685,40020,18245,8230,7925,21780,18135,18340,4595,210,0,0,0,0,10,0,0,0,0,0,0,5,0,0,1315,360,0,0,0,5,0
EGY,405220.6313,1288081.061,307994.8443,1034525.721,1197628.283,301789.6023,395815.2917,790101.0869,869207.3627,245560.4565,270795.4975,1013543.405,606871.842,326472.6235,389160.8279,999150.7475,1006861.674,1093278.571,333314.381,592572.9038,455372.4704,166024.8052,39391.68383,28403.66822,24444.87115,263183.667,359077.6501,165596.9296,135869.9381,10641.58662,11401.06443,49525.2217,85372.84359,707337.9037,1269137.248,160788.639,56251.11187
ERI,NA,NA,NA,NA,NA,NA,NA,NA,NA,NA,NA,NA,NA,40552.77509,30642.83006,60924.17099,76088.6529,45526.90373,38015.1453,71889.50794,30578.86333,36872.54902,38951.18769,4797.544416,6126.639337,10651.77334,5811.12108,6418.414835,9359.654895,5434.240229,7204.178289,13707.85773,8199.533058,11286.80803,18689.95683,13157.08075,83230.65264
ESP,733445,797810,1521750,194570,403315,1100545,175730,113505,164540,108250,122225,122300,59925,33980,44245,24820,9210,2230,1230,760,NA,335,1280,130,110,1810,1335,1485,205,1510,19010,6020,655,1315,575,185,805
EST,NA,NA,NA,NA,NA,NA,NA,NA,NA,165,645,355,1560,1150,85,95,90,85,60,45,0,0,0,0,10,135,5,0,0,0,35,20,10,195,20,10,5
ETH,1090158.536,1186184.157,1694534.171,1160594.019,9397721.87,2242808.669,2076878.453,1005492.178,1471760.732,1461693.8,1590038.713,2045402.307,1879163.176,1529658.005,1546269.051,1480368.997,1477851.014,1623320.585,852415.1172,1374475.308,472260.3334,1185934.747,1392791.538,1180530.195,912095.899,1243669.558,234870.0936,436013.468,782749.7504,568213.5785,221855.8691,420200.7093,626161.5292,1257844.423,1908899.523,838382.2719,203649.8193
FIN,19065,27010,23755,3645,3070,3705,3175,645,5160,15,40,25,0,5,30,0,0,5,NA,NA,5,0,0,0,5,0,0,25,10,25,135,0,10,15,10,20,55
FJI,23250.30221,20860.07709,8197.760856,19097.51276,4674.675347,8960.754919,25876.07668,14246.84572,2947.853892,1708.550249,3505.896028,27573.77156,10239.72431,1900.862751,10795.83998,1981.809051,21832.26297,462.4674316,3157.613332,6178.454139,1820.627898,7167.32891,7101.521878,1639.604403,2296.046963,3141.951288,410.6326845,233.9470312,199.4051957,146.8746031,411.6372346,234.328955,215.0051567,3181.32052,3609.7827,987.5456559,473.0356401
FRA,5660,4060,4350,4890,1995,4655,NA,NA,NA,NA,784245,547740,386160,220025,271195,330000,4.00E+05,NA,NA,50000,NA,25925,NA,22240,180,200,195,3020,7705,25240,74745,0,1360,1335,785,395,2595
FSM,NA,NA,NA,NA,NA,NA,NA,517.2188602,503.7634677,574.1494561,666.0477582,742.9384315,776.1456662,1168.420713,906.1365477,770.3985688,704.7581326,626.0534186,673.0244842,626.9608948,574.3792111,510.0022622,464.1906951,430.3671616,382.9790211,364.6273012,332.5540375,317.3529676,300.0530012,297.182095,154.1114863,158.9804796,163.0947719,66.32974794,34.10173558,52.29237818,27.58590109
GAB,21046.27671,16401.85526,39099.95399,66041.1812,45662.74953,62174.6376,21856.16362,9051.916236,14977.98168,8309.091028,9286.920479,10867.99693,9207.322899,10824.14125,12440.88011,4399.813539,6571.306733,8781.819696,10953.59932,3883.786781,8497.009035,4626.982487,7073.791646,3535.116109,320.6361178,1224.540748,1404.91027,421.5942291,965.9873195,1326.739959,1448.479892,1550.574776,726.1494291,340,897.5474968,3416.528738,1445.129981
GBR,308895,528210,574740,338160,523870,451070,224250,441295,150800,141140,58635,61585,60090,117625,45085,34330,24220,370,NA,520,365,1570,2300,945,395,3820,5110,7225,6060,2215,5560,10460,9595,685,455,2790,1820
GEO,NA,NA,NA,NA,NA,NA,NA,NA,NA,NA,NA,1061.774254,6847,1554.923441,1823.243345,2073.51256,2175.078682,2256.765064,2330.248278,2409.927913,2582.263445,7872,3241,2889.44587,2905.722565,94,38.11638445,40.31094168,6.254125565,7.39925904,8.92698571,10.34051194,11.35122955,0.037416858,0.000273272,0.018342102,9.90E-05
GHA,361153.1324,788253.3477,381052.0733,392198.033,617457.3393,196017.6149,239437.6498,378505.9409,220508.4956,301899.5158,194634.0976,368926.9238,333595.1978,331779.9999,377871.2585,330650.2289,350970.421,242511.3575,175918.7276,211550.0234,156560.3432,128638.9992,1939,8923.004371,18630.08075,24830.76095,10158.5315,18992.72669,22103.67463,26096.90065,10850.27047,18083.14304,19000.4658,1030,2109.974537,5987.276246,29.64262555
GIN,318784.7923,367678.6088,205327.8472,108977.5678,76860.48635,67376.72508,174125.0353,91190.53047,99671.46025,163225.6987,155947.979,60037.78196,120945.4289,68196.90722,40568.04591,285164.7823,235517.3733,212569.3525,441378.8015,263955.5771,177994.3685,78612.28826,61144.53635,1290.536117,9359.665628,14393.76763,3174.019527,10824.88565,18403.82696,3580.069153,10077.88387,14441.59998,3283.364332,12564.52402,1821.71694,3104.895127,45815.41483
GMB,4772.785579,37902.08918,25465.48017,18569.05692,31772.56537,22363.61168,16857.60272,14820.92454,13279.69576,12361.95225,5044.076631,6720.119647,16960.64141,7507.285642,4151.070194,2143.276257,9786.991073,10305.03037,15740.04159,8280.475416,4243.700338,2576.647778,2909.840506,72.81096489,423.5625286,743.9137804,998.3787291,440.5275382,724.6319435,981.3170483,1164.978429,369.3401012,554.8818859,1334.853756,1625.481311,1575.569897,1352.941791
GNB,57909.68419,41403.4922,90967.95619,13658.83191,34644.98963,61935.90841,9375.018517,28936.02854,7383.429048,8050.276323,76535.61531,22933.07508,45914.9671,13083.58798,14555.81159,6655.670366,13013.26477,17718.84536,13145.54786,16285.08144,6796.479935,8409.952642,30941.58718,26158.44801,6408.027596,3618.977012,157.9385404,1283.464879,2076.459074,1047.577088,1963.484964,2536.366549,1100.407866,2121.807481,4486.20659,1171.39716,1882.504131
GNQ,NA,NA,NA,NA,3531.043038,6053.14985,21320.83766,34421.37533,19812.22558,11345.44849,8240.745035,7031.883297,6388.478328,6059.575689,5686.647952,5442.221421,5265.119099,5280.432336,6605.835125,7672.962587,9420.800063,9519.075085,9675.426744,9893.154002,10398.53074,3241.179555,5111.192194,7122.616792,8584.520453,930.2372805,2570.051186,3790.82131,2067.276087,4622.710618,13035.1279,8143.076286,21568.73613
GRC,6945,17085,118615,6000,7420,5250,9455,25500,2670,1225,6855,17240,2515,815,560,30410,680,330,345,280,60,25,NA,5,610,NA,10,5,10,745,200,15,15,5,5,0,4840
GRD,45,8565,1340,55,35,100,30,20,10,30,10,0,0,0,15,0,0,0,0,0,0,0,0,0,0,0,0,0,0,0,0,0,0,0,0,0,0
GTM,17360,19960,13810,15360,11360,8250,2000,910,12065,44010,1045,485,85,1020,115,5,40,5,0,0,0,0,0,0,0,0,0,0,0,0,0,0,0,1210,0,0,0
GUY,35,205,100,1470,435,75,110,4585,55,5,60,0,0,0,0,0,0,0,0,0,0,0,0,0,0,0,0,0,0,0,0,0,0,265,0,0,0
HND,29285,12230,5840,25140,32380,3015,7185,5775,31765,41800,475,290,65,15,0,20,25,0,0,0,0,0,0,0,0,0,0,0,0,0,0,0,0,1380,0,0,0
HRV,NA,NA,NA,NA,NA,NA,NA,NA,NA,595,585,800,435,690,3485,595,1200,3240,155,45,40,30,95,270,10,5,0,255,10,35,60,10,0,75,1030,20,35
HTI,12510,5320,4345,8405,10555,1345,15650,1175,2900,7070,NA,NA,NA,NA,NA,5,0,15,0,4960,795,0,0,0,0,0,0,0,0,0,0,0,0,590,0,NA,0
HUN,52865,12605,620,490,100,85,150,5515,NA,145,80,70,165,55,20,60,120,115,5,5,100,0,0,0,10,5,0,0,5,0,25,10,5,0,0,0,180
IDN,NA,NA,NA,NA,NA,NA,NA,NA,NA,972393.1203,1158079.825,3645313.779,2747701.506,2240252.187,1607651.275,1483102.851,2297215.06,2358592.596,3352770.948,2190928.099,1941383.668,1446612.057,1441027.838,1780319.864,2362744.405,2494356.259,951746.7196,899759.9188,926317.9421,1400401.37,985490.3537,1406003.437,746481.2602,1047905.683,1241973.055,650999.6476,746445.2255
IND,27697369.84,24388078.01,23012248.28,28212281.41,26106625.79,24863751.35,31916677.29,24032855.14,23023115.75,16162756.38,15535943.28,14420825.63,12258008.04,11201018.14,9840030.389,10451496.75,12327463.99,11148994.74,10073113.08,10698262.87,11807606.03,11560822.05,11461285.48,11228028.87,10999992.82,11544938.18,10622269.01,10140684.77,10602400,9431958.938,8170934.355,5680855.507,4111011.497,235716.3111,960757.1677,1349131.285,106265.7901
IRL,5375,9485,30900,28625,49515,2255,1005,4680,6240,2780,675,895,21640,6165,1175,1140,925,1020,735,NA,1205,1215,2920,1670,475,435,320,285,820,2215,1425,535,0,210,20,NA,125
IRN,797814.3268,1093313.721,1115742.025,925898.7825,612433.1513,491376.4891,525050.0088,360213.1366,252822.0546,199465.1279,183284.8214,155138.0555,137371.2095,96499.44345,74545.48209,71239.06631,79942.56093,77857.6826,83900.56777,146786.0626,176657.3232,191125.2602,218507.3702,707.455651,1299.213561,1804.536428,2488.668675,3102.773637,3971.672881,5283.415632,6079.296187,7473.98437,8443.474488,3568,2127.818678,2729.514112,404.7811686
IRQ,868141.1284,428095.4602,509654.8014,511154.9881,298228.9401,154533.5211,116553.6621,131469.8528,154350.2765,62264.82679,151117.8127,271314.2669,219836.6624,147774.4287,107465.1591,13661.45141,16721.91817,90682.33113,130363.626,62985.88218,63768.39283,97881.09284,42882.18672,120453.9189,11806.66263,9968.128579,7044.629611,54301.32589,53671.28645,6952.562571,4500.199439,9454.975808,9063.931772,7043.49644,12161.89445,6918.74053,1851.774094
ISL,120,70,195,810,1870,660,70,55,115,70,50,40,40,35,10,5,5,NA,NA,0,0,NA,0,0,0,0,0,0,0,0,0,0,0,5,0,5,15
ISR,1140,39320,645,685,15025,9755,2190,970,145,1150,4955,330,705,7775,110,95,60,40,70,180,95,10,620,580,10,45,2695,4655,25,115,350,1055,250,15,400,40,210
ITA,356195,92115,131855,385745,375200,106530,103135,460940,146070,26115,117290,325065,84450,30790,185655,162980,206270,20360,14540,7285,NA,46925,54910,2995,675,2195,1605,8085,1755,1860,25945,0,0,8995,795,NA,20210
JAM,26330,14075,5820,1180,335,150,185,150,28630,18255,1540,0,0,0,75,20,0,10,0,0,0,0,0,0,0,0,0,10,0,0,0,0,0,1160,0,0,0
JOR,1174,1594,2080.282747,5385.114407,6929.455939,7744.622043,14180.52978,37842.68803,39349.98941,34767.31106,30077.76549,31548.38035,47156.07603,41268.01073,35100.18657,31698.30328,51058.11522,428,225.7190233,121.9639701,131.6222327,141.2135694,151.9441559,154.481052,162.1821915,167.9338372,171.1895231,176.8098331,182.1867592,182.3159507,182.643647,182.721137,174.5104364,132,1.543158168,2.441797932,0.021947488
JPN,107355,33580,36405,61340,14050,31615,29360,15545,8765,16295,27260,NA,10010,NA,NA,8200,NA,4495,NA,112485,112760,169060,41430,43760,NA,2600,NA,55075,3705,2250,2170,1140,1145,5235,175,825,935
KAZ,NA,NA,NA,NA,NA,NA,NA,NA,NA,1365,7125,3235,16485,8940,1420,615,600,9675,6955,1225,470,90,120,11020,80590,545,65,100,0,20,635,275,365,1585,2630,610,10
KEN,1220424.4,1057301.118,1120030.097,780557.9412,445501.4711,164739.951,197426.7859,273158.3333,337671.3449,302573.138,240166.849,253586.0138,72025.10981,42642.69347,33121.44232,31540.23068,31508.67944,42406.44124,49305.47799,85699.49262,69044.94516,41260.25893,543.3577022,10387.66655,21770.645,28873.03192,30270.17096,26281.63693,25579.12501,10319.80081,20576.2695,18960.92429,8069.656464,15275.05098,22920.13544,12080.75176,16610.60226
KGZ,NA,NA,NA,NA,NA,NA,NA,NA,NA,2920,4120,4075,19125,840,85,370,4990,11985,2390,80,85,10,30,40,265,135,200,80,5,0,1110,0,5,0,88895,0,25
KHM,522969.7933,711884.707,192213.1753,462861.6273,538247.8734,233866.3118,142205.2247,100057.6131,125855.9728,81502.16586,67882.85768,69198.44425,58709.74206,49431.75939,49159.93975,55039.96972,65226.59878,55873.04539,131695.3269,134283.6592,85648.2778,27095.15902,15126.02275,8850.427266,15237.91435,19130.6122,22471.54797,18070.83817,41379.87226,33475.12757,29016.03695,8416.830052,8104.835532,636,508.3259745,1201.040439,20.49008155
KIR,432.7582263,327.4474858,267.4584414,4166.729837,5940.267994,283.4651945,350.0988819,784.3864956,5172.41471,185.2647125,192.2706279,6971.972165,329.3734854,843.7674082,296.8288712,215.2886766,163.8994678,1077.195943,8.859924705,47.47410529,83.32952126,68.1424709,376.0361643,216.5116986,108.8118365,644.0507094,110.7854045,63.30972006,54.94637466,18.34946758,18.9409098,30.55678546,45.20040995,53.7990923,340.9631542,842.6230434,248.7195765
KNA,260,690,2780,10,135,110,105,60,60,400,0,0,0,0,5,0,0,0,0,0,0,0,0,0,0,0,0,0,0,0,0,0,0,0,0,0,0
KOR,11535,33880,3475,11230,6415,9090,9400,7895,11970,17075,NA,NA,NA,39415,355,355,10,20,NA,163235,115300,310,165,55,35,140,970,10,85,570,210,10,535,8155,35,90,25
KWT,13146.40477,9749.370546,26145.9526,11073.95407,37152.52997,8242.056401,6799.778479,2669.551483,1746.137073,1929.432714,2773.763359,5684.986901,4399.254421,6490.15085,537.1191638,427.3168101,454.727388,1017.245672,187.3442581,186.0778327,222.5084764,272.7036976,327.8064937,367.7469047,312.9297938,346.4576231,391.3921512,448.4878012,492.3375208,344.2196772,424.1229055,444.3191105,683.7937452,809.3473869,612.6844156,480.8825964,451.2149715
LAO,NA,NA,12615.00805,32429.60667,73980.66065,96661.56896,159193.2713,168103.9632,196176.9854,176900.2763,137594.9867,93570.44048,92182.08967,84624.49356,159144.3832,110485.1972,85390.69193,213880.6095,184823.3503,107687.7888,68204.6565,46998.67876,80598.01826,99063.2355,72259.28821,54244.34047,84382.23333,712.0373485,2330.146174,4801.7289,7440.921626,491,369.8717701,1283.485907,208.3423706,648.9675339,1161.998093
LBN,NA,NA,NA,NA,NA,NA,NA,NA,NA,NA,NA,NA,NA,10786.01227,10120.96647,9620.831814,9110.216909,10601.11816,9580.749365,9027.215727,337,68.19580923,116.9461556,423.5110199,1148.400687,1723.645335,2490.64791,2766.883372,2852.664081,2903.624749,2969.117579,2998.290153,3531.486908,7.727112598,15.39154676,59.21247888,0.364271855
LBR,272333.2296,200410.8674,134679.5088,176691.2053,75783.43193,32824.74499,60204.56947,70770.49251,53916.49242,70919.23634,76643.16675,79473.29195,88138.30892,27960.08434,14752.11685,53406.90045,81668.72819,46591.94172,46312.99026,85992.40159,42090.37348,15792.91035,12162.25837,9940.686711,108.2094199,2577.341984,3969.676255,869.8476675,2259.751608,78738.44163,21969.10045,3111.856662,4281.751457,4958.923939,28806.75884,24490.81302,27182.80369
LBY,7850,4640,4980,12630,20965,4255,2005,1580,1035,4655,8475,18455,3665,5635,NA,NA,130,250,NA,NA,3165,19450,NA,13855,1460,5,295,40,1645,NA,NA,1600,0,1180,410,160,40
LCA,670,10195,355,65,45,160,20,20,50,150,10,0,0,0,10,0,0,0,0,0,0,0,0,0,0,0,0,0,0,0,0,0,0,5,0,0,0
LKA,31160,66365,40855,66075,46990,31175,17540,13150,3900,20020,9480,3505,2790,2830,2040,790,975,885,12085,82635,1545,695,325,175,15,0,220,165,105,395,300,255,10535,15305,7840,560,5
LSO,26190.61228,24828.18078,19515.83126,20426.49476,25356.42281,16410.56872,10218.75559,7536.913657,5976.794949,7369.365365,8128.191359,7055.476951,3637.258541,3157.77099,2490.633695,3121.263974,1872.01069,2634.630269,3472.75669,1728.992021,217,321.4267806,673.4305778,348.1663513,630.4491945,658.8331256,693.3687938,275.6455681,492.2650247,3506.137922,2549.289812,2136.406599,2321.785561,784.1987958,916.9492042,982.866885,318.8761039
LTU,NA,NA,NA,NA,NA,NA,NA,NA,NA,NA,715,1000,1245,1430,940,175,150,90,115,95,35,515,5,5,5,5,0,5,0,10,35,0,175,55,250,110,10
LUX,1070,1215,105,175,310,135,765,90,60,80,5,240,20,5,5,125,5,NA,NA,0,NA,NA,5,0,NA,40,0,5,0,0,30,10,0,5,0,0,20
LVA,NA,NA,NA,NA,NA,NA,NA,NA,NA,105,30,1240,270,50,10,15,20,15,0,0,5,NA,NA,0,10,35,0,15,0,0,5,15,0,180,0,0,0
MAR,1371637.543,624087.9169,973251.6873,213543.4587,111929.3607,183112.9777,311762.7373,84723.34287,47632.36498,39288.38651,40181.34722,72912.75606,100940.063,60792.11822,43528.26976,29656.29335,35166.24343,91238.16214,126342.3063,93716.12845,48848.87655,70469.98721,129629.9021,78848.4966,72378.22304,26536.37696,26780.76693,20184.91589,7082.035319,8112.4315,11308.52835,9887.97049,5810.130095,227,234.8661043,695.1183729,3.686438707
MCO,60,0,0,0,0,0,0,0,0,0,NA,800,NA,NA,NA,NA,NA,0,NA,NA,NA,NA,0,NA,NA,NA,NA,NA,NA,NA,NA,0,0,0,NA,NA,5
MDA,NA,NA,NA,NA,NA,NA,NA,NA,NA,NA,9810.503025,7319.642097,13109.24285,11460.48371,17643.55182,9169.773753,7168.620686,10086.99252,6157.675407,9988.416765,8286.081779,15206.97064,257.8246269,252.6782484,244.8243828,309.9192572,294.6755794,248.5461574,217.0552552,189.9842503,172.0560547,187.460728,245.8650725,212.6825323,185.5857321,166.5676718,149.9949538
MDG,1530922.079,658514.1276,817705.5953,516702.2677,541813.1793,203793.176,118998.653,141628.1281,228238.458,137511.6916,79191.87836,50848.67178,64148.28749,111628.1175,108014.199,82340.76164,119493.758,134358.5572,269678.547,275293.7777,122916.1206,106673.8218,531096.1915,286807.4365,1125.938821,10959.74995,16498.07985,7733.207921,19067.93747,24609.78367,10474.15278,21353.67324,30210.4942,12635.14725,27172.72983,36652.36578,13108.64083
MDV,NA,825.1215264,883.5255349,2029,5387.949368,913.7229738,991.6385395,687.7892224,603.5947492,498.1639563,463.6820881,441.7116896,1947.070064,22424.57811,14836.03235,192.0572951,8.860944854,135.0878472,898.7689544,869.7461202,926,33465.24008,2413.357064,1399.266684,4146.776448,1008.561289,828.0452853,272.518882,306.9995522,223.0604921,191.8030019,171.312074,159.4829786,152.2736656,159.4648866,166.465622,186.7809118
MEX,55680,31820,16840,25790,119130,49120,13880,19575,101905,343910,25385,2665,860,640,1220,10,0,0,0,150,15,0,220,320,30,115,0,0,0,0,15,0,0,22560,0,0,0
MHL,2.327859275,7.543241286,16.33021264,27.83398697,41.56082566,57.03151668,69.08213124,82.99261234,94.29368442,103.0180562,106.8425785,108.2061853,124.0044505,133.8801482,144.5352865,151.7601346,164.3588413,160.8506264,157.7214454,157.8327321,166.7154112,165.769736,1127,160.8924348,159.0282692,156.3142322,152.6602158,149.4786222,148.042774,143.6775857,139.5953215,139.8643916,146.5209152,146.8130017,146.998983,147.2454917,146.6326819
MKD,NA,NA,NA,NA,NA,NA,NA,NA,NA,NA,NA,14450.78596,37647.03741,24108.84613,21256.58298,120318.3849,38800.56981,20223.7604,9262.631787,5970.412608,4411.071786,3382.392783,2841.894577,2249.360262,1798.446485,1479.169243,1222.786065,1726.710089,1453.031479,8453.300316,81705.14706,11941.51754,5400.208202,7954.214806,3964.451594,2566.003695,2456.147093
MLI,451634.101,925412.5831,471357.0357,263639.8992,354796.0771,257521.4275,237928.3568,239424.0535,199621.197,111685.0264,817803.6522,425525.8366,554099.3535,227367.1994,186657.1029,592717.7015,236047.0093,532489.4177,199559.135,126235.3348,219713.0953,1429.423369,15192.13316,25347.80255,3876.132619,15640.73139,22736.97245,8023.740237,105406.986,109171.2322,69173.26636,23067.58698,30870.42785,45948.74513,48626.28866,44863.6477,52699.17005
MLT,605,7650,3100,290,875,9220,230,85,85,30,40,215,15,40,135,80,25,15,5,10,10,35,20,20,30,5,10,5,5,0,15,0,0,0,10,0,0
MMR,1668082.352,1550473.275,1162947.29,1023813.122,1011501.411,811466.0719,1149035.136,895395.8983,803892.9117,1844893.654,926484.3265,395923.9291,557211.7513,390570.118,257805.6976,348840.9868,227991.2514,303304.4815,185366.907,183342.4593,545766.5062,204431.424,174325.1198,289620.2535,108566.5447,161635.0881,226398.6249,69933.14617,70670.5274,46998.87506,771766.734,450401.0562,215597.1923,109400.0633,31780.41309,63750.87945,340563.8862
MNE,NA,NA,NA,NA,NA,NA,NA,NA,NA,NA,NA,NA,NA,NA,NA,NA,NA,NA,NA,NA,NA,NA,NA,NA,NA,0,0,0,0,25,25,0,0,0,NA,0,0
MNG,37975.69937,51587.61503,60176.99203,57847.92074,58161.98017,61562.12962,36466.93161,25765.2119,18420.2414,14027.79306,12339.2626,11009.28292,10063.64134,9672.761449,7519.664144,7082.164328,3791.234055,3857.029124,3905.686016,4132.83184,10677,3109.543455,3014.626361,2937.513925,2881.046059,2854.924785,2831.264478,1951.433061,2042.299754,2144.194857,2188.868232,2226.279196,28.54120694,137,20359,30273,9
MOZ,469382.6454,312537.2008,307027.3949,327518.5127,436621.3964,422081.3886,335200.4225,317971.1707,640613.6816,474874.471,166637.8434,102055.5876,152007.7131,253683.411,129108.3349,242963.1716,409448.1735,411166.2429,147421.0395,193397.2373,188742.2792,189734.2534,239123.268,246468.4166,330862.3425,4527.835317,15527.65814,17769.63897,5730.232729,60771.92883,33191.58337,8095.357832,12301.37343,16255.1789,17651.17016,50868.84065,9524.177486
MRT,84034.71783,50959.80771,132598.8289,83502.9053,118084.8629,44364.33967,23027.0277,10126.41741,38528.90262,17434.4235,34076.31958,37483.549,42857.46406,24147.37253,8909.160839,4161.836846,5285.010479,10134.36727,40748.33601,18682.013,13720.6447,9261.461916,26405.85607,37178.52703,194.9444015,1619.96577,2569.227056,3247.47167,5100.397714,10152.05297,6929.709228,1595.152823,2478.398659,3246.205052,86.48279949,1490.864063,2650.806253
MUS,394.1303583,872.8066264,1308.309331,1779.042849,2147.280119,2480.689854,2853.490076,3171.507981,3371.93889,3626.797761,3659.807804,3750.980037,3829.720678,3882.334085,3864.062556,4304.863635,4281.605912,4292.350117,4381.444064,4398.020571,4318.635394,4333.447141,4044.683289,3761.667451,3533.401068,3318.819513,3132.299061,2955.016955,2795.150724,2645.38675,2508.737586,2382.587603,2182.764624,2146.290243,2053.427592,1974.833121,1902.931996
MWI,84610,126654.98,246455.7744,234022.201,279588.5948,267303.4712,255223.1731,217640.5814,211193.8797,179322.355,126378.7801,116408.2276,96049.31749,86153.96979,77428.48875,74390.58503,74917.33994,69967.23789,2055.68817,10865.25487,21314.99659,37118.06352,47886.41208,55842.38601,60976.59051,12829.74072,24222.67336,33815.39577,7901.219073,118712,49863.30378,55888.17557,60908.14026,18259.7717,29588.03135,44145.15335,15578.49067
MYS,28450,46340,46565,40735,25815,23495,27145,11520,5135,2815,1375,1815,2710,1730,3270,2300,3135,2415,12880,30935,10990,2040,3160,28645,7035,2820,1970,1670,765,365,7845,9340,975,22745,6590,7845,8545
NAM,NA,NA,NA,NA,NA,NA,NA,2226.912227,4901,6664.91204,7222.770733,13767.17717,14408.30841,13346.63237,14686.28486,20828.67844,27779.62793,172.5523429,83.1724879,298.0496339,201.5813967,4076,3138,283.3033239,570.2250208,1039.798985,1548.05856,2058.146337,5192.587996,3846.120318,4434.688669,4951.726357,105.2126555,294.6238922,167.7967694,6.629739061,96.72356439
NER,324623.8656,298972.8793,229892.5312,319747.5926,509630.906,163616.5726,119696.7581,131360.6836,173696.4899,159965.3627,827714.6541,264870.0461,275555.9075,365627.9559,523260.8831,520652.5579,264346.6493,126490.4983,270509.0078,181769.6945,477702.821,261079.3353,407175.3768,473038.3539,8840.632412,17794.73131,24406.69215,30424.68483,6202.005443,15991.80128,7775.505171,17051.20814,1224,12547.72129,56245.84186,776,14310.9825
NGA,3369347.878,3474917.327,3396830.794,4636298.786,4041271.248,2875770.225,1963488.403,1890582.208,4022127.176,2873217.988,1243164.889,2141374.219,1462610.717,2659984.41,1830315.211,2206443.915,2673901.092,3575175.892,5585155.314,5322091.177,4173879.426,1501603.243,3565803.274,1282641.969,2765488.316,530967.9165,461498.7503,1279178.861,184588.8885,1013476.414,2260849.794,463645.0687,1312112.648,442508.3678,1519436.819,2254638.339,666939.8912
NIC,1120,1130,560,765,4780,12750,3960,1570,0,0,0,11660,1695,15,25,0,0,0,0,0,0,0,0,0,0,0,0,0,0,0,0,0,0,720,0,0,0
NIU,2,0.915618877,1.19225666,1.560545303,21,7,2.299086308,2.372930663,2.420502331,2.455518408,121,2.592642547,2.597957492,2.607527196,3.152499677,3.175688193,3.212743416,0.011591876,0.012691135,0.013812221,0.014961753,0.016706475,0.02104566,0.022467637,0.026047183,0.027739058,0.029696231,0.03153924,0.033466859,0.035439345,0.037458122,0.038444656,0.039441902,0.040449745,0.041468114,0.042496854,0.043535796
NLD,385,475,2400,410,120,450,1135,7595,620,80,295,2360,2340,1510,920,285,105,45,11840,5095,NA,15,20,55,20,5,50,545,75,75,255,50,13160,720,35,30,80
NOR,22930,54870,30905,8875,6560,6095,2815,665,65,475,85,365,35,30,90,115,55,NA,NA,0,20,25,40,35,0,0,NA,20,10,15,195,20,40,15,70,0,5
NPL,1473.79091,6519.470235,8920.499615,13524.0532,10957.68969,7390.755295,6365.200012,5420.955249,4904.683496,4669.311398,4324.036134,4255.059766,4037.5485,7794.858214,26364.8496,44163.28135,78839.88762,48127.82717,51211.76137,59861.66558,68853.2366,50402.67939,81811.41197,78900.69357,26602.85351,13188.55398,11877.76937,13664.26396,3769.312041,3670.611799,9039.381083,17703.94627,1861,973.5783837,3377.90417,1269,273.719164
NRU,11.47504755,21.56687202,35.16925445,50.2984874,66.16526261,81.91814183,99.41315116,116.4012694,131.9729005,300,194.6452976,203.4380946,214.7698869,225.513391,235.0924752,245.4835244,221.2175578,0.727430738,2.916696439,9.93829126,9.857015091,16.16180267,22.0418854,23.46855355,24.44232871,23.51470806,22.62569624,21.7850165,21.07551062,20.31738466,19.53560018,19.3649663,18.9005161,18.46007469,18.01538303,17.59318267,17.23761658
NZL,NA,NA,NA,NA,NA,NA,NA,NA,0,NA,46195,NA,345,165,NA,NA,10205,820,530,325,325,105,330,165,100,100,125,NA,990,215,2985,340,40,1595,50,515,75
OMN,203395,83225,45755,48260,20805,10005,19020,30260,21275,6310,1100,9170,15540,905,340,230,60,25,45,75,75,25,5,90,125,65,120,90,95,15,25,65,0,4525,0,555,45
PAK,3494442.667,2345890.556,2374819.562,6040529.346,3053957.387,4879593.078,5220722.377,6435111.988,2850154.725,2458572.498,1771682.358,1922529.572,1789172.717,1634414.925,1679533.373,1563380.619,1634365.404,1734665.428,1871151.011,1744423.572,1992585.08,2097917.367,2324061.092,2274698.584,1934016.714,2492176.805,1983770.045,533751.8582,180512.2664,452490.2842,603698.9718,849239.5107,1618055.295,89288.52683,9573.380024,97900.45024,16887.66594
PAN,21660,20070,2975,1790,21475,20995,9425,1890,1505,9455,12150,4225,450,15,95,0,0,0,0,0,0,0,0,0,0,0,0,0,0,0,20,0,0,1080,0,0,0
PER,50355,63540,38095,65195,46965,30495,31200,28925,5725,3685,5070,113025,8650,3350,1765,525,475,50,60,5,0,0,0,0,0,0,0,5,0,0,0,0,0,2010,20,0,0
PHL,228811.0945,565375.3299,937157.932,1591410.76,1661984.331,1624998.191,1915661.312,1841863.537,1772717.881,1385770.948,1072478.74,1051812.93,715437.3024,531940.2631,445803.7905,479182.5293,434213.6355,357772.1395,4413.607097,19682.69468,46368.09127,83489.09339,135744.112,147282.1155,56368.3255,70532.2634,84087.08912,42862.54952,50168.92456,80356.17315,112526.3313,51995.47499,64189.65713,230733.8504,75070.63749,88685.34285,99528.39249
PLW,118.8274277,157.1011914,175.2789766,177.911329,178.5904706,67.27897735,47.26364015,38.92893139,44.25132543,38.49275119,36.10083854,38.884807,2052.898347,113.1222844,63.18379178,48.43106466,60.18755444,86.84206074,49.66684299,42.70245116,74.89301842,44.67173471,58.47238635,38.24982339,30.41162047,25.87403618,26.06131354,25.38654483,55.33383054,119.3134334,64.79443482,30.30957558,26.13599617,23.49986975,22.18026849,21.20845627,20.59035438
PNG,233270.2752,173027.0014,136245.338,133521.9837,80472.17984,87462.58165,138452.6761,90132.04192,133098.0213,62593.05499,38823.51986,92764.97199,110852.6796,92895.68444,55855.82229,39924.14013,21505.52532,11798.692,93723.06671,95604.65649,58374.65153,83139.98762,55197.48317,27361.54764,16308.35842,3447.568421,6084.813702,7380.090653,8084.99586,4899.268876,6538.455073,6962.715294,2722.287304,64439.18739,19042.04245,4558.335798,6987.865171
POL,176415,38100,56355,272015,178400,34030,6430,5025,36125,282355,12095,18475,7050,4320,3760,3195,1690,11275,495,385,665,170,240,55,65,600,200,NA,575,65,NA,0,420,540,NA,NA,315
PRK,390.8389845,1150.999849,2314.412538,3865.614267,5624.934044,7508.591529,9923.091148,11789.89611,12234.15038,12715.11793,13191.35044,13624.44868,14056.93778,15137.68138,16910.37377,19510.01416,22993.78613,25888.9947,28118.68417,12844.55653,13525.69062,13989.30111,14544.65717,15093.74268,15607.08858,16118.54097,16531.79295,57.96335024,61.23740351,63.99186202,66.87950704,69.79137697,72.67492384,76.00697094,79.19913638,81.80890294,84.66045178
PRT,NA,NA,NA,NA,NA,NA,4065,11425,58955,2035,1375,1040,4405,16150,960,560,645,480,250,225,NA,40,40,25,35,0,0,5,15,25,10,115,5,25,40,NA,170
PRY,2140,2655,6295,4895,3330,3050,8710,3775,1930,6980,2630,4320,10330,610,365,65,715,350,0,0,0,0,0,0,0,0,0,0,0,0,0,0,0,1665,0,0,0
QAT,13458.55919,4964.202163,7328.996732,7850.567234,13115.26277,7928.309305,3992.564246,3467.250978,10553.25087,3323.494719,4959.12209,1446.257121,1056.464718,672.3705499,416.7738035,402.9107328,4863.292326,1541.01965,1503.953744,685.3933506,86.5471633,192.434679,228.0480019,260.1068696,492.7155735,1056.84418,3010.241528,1237.234129,1049.908904,2155.7291,1305.613438,1379.454404,987.2778404,1655.65168,863.0275938,652.017647,478.6912786
ROU,291701.7935,771640.5687,106689.6706,61748.1146,67689.14184,372105.528,161779.0772,72417.86984,63087.99477,64652.18986,46722.20071,67218.7174,295210.847,110913.7411,60587.57263,39810.38772,222594.6548,129667.7979,1587.226112,2587.398666,3698.769343,4794.568864,5815.091836,7074.6945,31576.49226,39906.90239,27574.1956,21177.23658,18057.75998,16818.70474,35944.17982,72175.06099,42745.40385,27221.47118,20991.01097,29634.15242,82880.05113
RUS,NA,NA,NA,NA,NA,NA,NA,NA,NA,91850,102245,92850,372315,143360,33150,35600,14370,31075,37140,24000,10360,2900,16455,12220,2270,5735,865,135,505,645,3145,10615,11695,16460,4215,890,3605
RWA,588723.7786,222338.0224,125338.3899,108252.5715,105185.311,286614.2623,85913.52986,39243.41723,36529.76959,54004.84752,39161.58333,109152.2798,64840.00989,51763.16179,200716.944,44333.81505,21530.18588,46420.42617,33483.62949,24411.32086,19632.92339,25337.17129,16775.62766,840.491607,4310.667028,7220.168662,2441.465183,5177.516166,6498.676899,3114.335134,5425.860189,6667.664441,6944.84671,414,2094.048659,4028.67353,145
SAU,335856.8677,310184.1732,427850.5938,284288.132,176602.2905,212535.4561,273595.3545,104060.2644,51728.88138,55574.79524,58600.03855,107137.5728,42416.54076,20121.41927,23665.89775,23386.20029,35526.50009,50035.83969,20188.93832,22405.66744,8239.679762,6152.643653,9768.886892,15639.21135,4597.026894,6873.475468,40208.29138,1650.074212,1971.43127,2670.178807,3314.496184,294,1164,1161.329437,1722.040169,1874.731079,3153.554888
SDN,2860908.537,2276686.12,1052727.383,896444.9668,2356891.241,880844.0214,776893.815,942947.3461,1320725.633,1402526.912,949123.7776,1403664.547,825165.4431,694321.5555,635825.1663,650912.6168,587143.8944,609383.0202,726935.421,737026.0374,806212.9551,850180.9401,831398.607,355541.5471,107820.4726,116336.5632,100244.8357,119355.9014,130241.8188,191477.1191,223653.6686,304783.2201,233631.9573,2315,12478.47534,25715.79192,665
SEN,617607.6894,504835.3231,407701.7526,292000.0738,272548.4427,117553.2998,70139.24778,46774.00217,164163.5046,97555.08119,172299.4923,233170.7103,224629.5643,113825.9387,114917.8919,125572.1853,110539.1195,109779.3117,79067.1063,100809.2186,392029.353,282295.5434,84505.40949,726.8519793,8672.213802,14208.28913,5283.481193,13537.23337,26008.96792,26932.67794,21898.74134,22827.71506,23130.61945,991,8272.447524,13230.16608,134.1281401
SGP,3855,9825,3385,12085,680,1090,615,960,730,715,1080,3030,0,795,925,NA,7065,570,325,705,2040,1055,165,480,165,115,75,90,80,250,740,0,0,1280,NA,NA,350
SLB,NA,NA,NA,NA,NA,NA,NA,NA,NA,NA,NA,NA,NA,595.0872148,821.7202792,890.6485861,1144.103836,86.20848841,4.678184573,27.84613504,1006,236.6918442,413.9408237,618.3506076,869.6872255,1016.580146,401.211611,700.0996435,1059.27305,500.4616904,717.0715133,687.72179,71.97886421,75.41988745,25.64011627,2.860730141,3.741658326
SLE,256570.4957,275869.2417,291815.2861,267592.6704,220061.2007,44317.59794,68268.4764,34885.10911,47576.52235,59763.93709,36928.96278,62801.54581,150366.7171,39900.59883,36108.22652,82342.49161,42860.70742,90441.39929,82406.90587,113157.3201,53477.59621,42227.15793,40670.85628,763.7967293,4500.493405,7811.943028,2967.98817,6781.339081,7765.631844,50275.18368,126760.1581,55117.53863,6040.102779,11813.64422,37985.21839,47954.29037,122564.1398
SLV,62770,18320,12035,23875,7065,1390,2025,3935,0,0,0,2545,190,0,0,5,0,0,0,0,10,0,0,0,0,0,0,0,0,0,0,0,0,2285,NA,0,0
SMR,NA,NA,NA,NA,NA,NA,NA,NA,NA,5,5,35,30,NA,NA,NA,110,NA,0,5,NA,NA,15,0,0,0,0,NA,0,0,0,5,0,0,NA,0,0
SOM,NA,NA,NA,2193.594515,6163.215579,12740.89203,20885.24327,29612.93839,41014.37848,52166.83779,64127.99125,76220.06597,88180.70481,99089.3067,109173.4341,120482.9387,130510.4692,146240.7767,173685.9441,190806.7847,203748.32,245964.2371,274219.9837,325174.3555,304184.847,225468.9826,51538.57493,17298,10706.79191,5006.033376,19636.70699,14408.25898,6868.328384,23039,590.8252113,2119.304643,1232.680409
SRB,104390,69130,64835,101165,126625,70740,43195,33145,80745,24890,4955,10540,83885,4000,2620,2290,23460,4610,1440,190,175,315,75,55,10,10,1005,10,5,100,1850,0,5,175,1915,55,3605
STP,7236.573967,1043.541861,8411.035814,5322.5798,2228.243138,2201.680869,575.4146237,4357.468419,3330.854875,857.0845703,366.2872,320.2620804,3029.079035,12451.45627,1526.185885,578.5228364,377.0376333,918.0007423,1412.743467,20.24014847,100.655282,138.3815582,158.2978102,160.6595152,172.4576585,189.5926895,197.5914141,1.467838538,51.52656715,97.9147956,134.6035888,156.0117048,67.90752713,122.6088094,146.1822104,60.22870774,112.932058
SUR,3580,3235,85,200,550,185,25,340,0,175,0,0,0,0,0,0,0,0,0,0,0,0,0,0,0,0,0,0,0,0,0,0,0,450,0,NA,0
SVK,NA,NA,NA,NA,NA,NA,NA,NA,NA,235,1055,2075,2755,145,10,0,3100,2650,0,0,0,0,5,10,0,0,0,0,0,0,0,0,0,0,5,0,35
SVN,NA,NA,NA,NA,NA,NA,NA,NA,NA,NA,160,50,35,670,1990,40,45,65,5,NA,0,0,0,0,0,0,0,0,0,10,110,10,5,260,90,5,40
SWE,17700,31115,23130,5015,1630,865,NA,190,310,145,125,285,125,105,115,220,310,NA,NA,295,25,45,15,25,65,95,5,125,15,30,130,150,255,140,110,15,205
SWZ,12960,45925,16335,23970,16265,11265,21305,7905,7305,7325,7335,10210,35740,3050,855,11005,3045,900,0,50,245,185,1750,0,0,0,0,5,130,1565,0,0,0,185,0,5,0
SYC,20,1735,1335,95,50,20,10,0,25,65,30,0,0,0,0,10,15,3130,10,NA,0,0,0,0,0,50,5,0,0,0,0,0,0,0,0,0,0
SYR,3224.291981,6329.164461,10806.21963,17128.09111,22548.74582,31908.65625,36535.92685,38630.47764,39927.18344,40279.77129,40099.29821,40015.49828,47952.08697,50869.93766,53930.70478,61495.12864,111791.0294,102189.4757,345.422082,375.6872957,401.8935419,538,801,498.9528639,530.3836986,565.7948894,598.9916128,126.6965737,135.8786407,148.1462197,158.968832,183.9464386,740,1289,45,66,737
TCD,NA,5160,6921,12139.86281,25987.39536,36564.5539,46986.64812,55829.66876,80572.88378,99554.72057,212392.2733,278428.4244,326213.2973,258178.655,312615.7925,365863.424,286379.8689,262648.5085,204285.7269,155181.4475,232187.3273,188319.5226,204066.8795,189742.097,131367.3644,36646.54416,6377.296098,10118.92273,946.440827,8650,261.9974179,305.1645991,1313,418,118,14.84620675,284.6059625
TGO,169608.7112,157310.0031,139005.363,189847.9604,186681.982,96551.65792,72649.32776,132803.2691,37589.44068,33656.3598,73796.14882,52074.58271,33471.40356,52161.34827,46091.48134,16778.4313,11597.19486,27397.02383,22568.67539,27272.30306,20942.4614,363,3022.39476,3864.188112,840.5924246,2145.618457,3362.939625,5260.542285,2996.391894,4468.382234,2031.547259,4240.516255,6732.270815,1530.701162,2527.002051,3137.83463,490.1250305
THA,774784.3791,887373.3327,1106897.02,1522823.48,1035098.129,648342.0372,1463820.4,1151951.146,522869.7965,998111.4816,851984.3322,326322.3951,587524.6362,1408101.93,437737.4176,216917.233,520275.1713,438048.0749,148445.7654,130316.5687,238954.4309,207844.0557,149356.7517,125776.711,112960.7899,113422.9568,122342.4746,246500.2198,195384.0635,99111.45187,97287.67957,164782.9332,96206.804,51568.51117,22074.69493,21862.83125,54848.90397
TJK,NA,NA,NA,NA,NA,NA,NA,NA,NA,NA,58083.55715,61565.74322,77101.61333,64325.8421,54116.54921,45089.06997,57108.90673,63852.7714,50029.38813,40429.15546,33789.94071,31945.00121,35207.40417,29370.43252,128.2569212,218.1684695,654,468.0539723,621.3589725,3.231293429,15.51680642,46.02575426,93.4369051,158.1925315,216.2264973,286.6040892,428.1147781
TKM,NA,NA,NA,NA,NA,NA,NA,NA,NA,14030,6730,3460,12430,13065,1965,480,1885,5175,2260,565,45,55,5,5,0,240,295,0,0,0,0,0,0,0,0,0,0
TLS,NA,NA,NA,NA,NA,NA,NA,NA,NA,NA,NA,NA,NA,NA,NA,NA,NA,NA,NA,NA,NA,0,470,205,1015,450,0,0,50,250,3815,80,20,400,215,10,0
TON,935,95,180,25,2060,1165,0,0,125,325,90,50,0,NA,0,0,5405,180,30,0,20,0,0,0,0,0,0,0,0,0,0,0,0,0,NA,0,0
TTO,18005,6420,11960,17780,17745,13300,2205,1940,10850,2555,705,0,0,0,0,0,5,0,0,0,0,0,0,0,0,0,0,0,0,0,0,0,0,30,0,0,0
TUN,15035,9140,7320,12405,23830,18700,2865,1440,5735,2735,6250,59360,7065,2985,3380,2665,1855,615,505,235,1155,490,110,5,75,15,20,10,5,5,55,240,80,735,80,35,25
TUR,98022.23142,132443.8253,199373.7312,289157.5736,314463.2494,275903.2353,247993.683,241113.4199,284631.9873,278177.8647,325474.1515,366169.0618,451088.7182,451229.6443,412561.112,445049.9901,418485.9048,418649.8718,365604.4153,329702.628,359107.9497,293682.4695,244776.915,8927,6200,1335.427997,1436.045459,1526.881501,1633.593012,1733.012058,1845.148818,1950.573355,7405,2821.526379,2979.194949,3081.83736,3219.665354
TUV,37.60084463,67.65484184,73.1679907,75.72126821,70.39671488,76.77826881,284,84.42657558,83.3888658,75.73835238,81.75682012,85.91722266,89.17188955,86.25191083,78.38546767,73.47203499,66.7634559,61.93733151,0.214405855,1.090531178,1.166001221,1.271801255,1.344387947,1.408346178,1.631866587,0.01505901,0.028294317,0.050552994,0.092664095,0.152013765,0.188421748,0.218799066,0.255447547,0.26790313,0.309458407,0.348296043,0.391796552
TZA,1031646.418,1087635.248,713280.4711,422712.9715,477130.99,395821.4744,436418.3582,189328.5177,106478.5212,155705.1488,281425.9323,164080.7285,177978.4714,85662.15703,63720.24523,113730.4799,101723.129,120194.9109,96283.56515,155127.3646,124197.1116,65279.91401,42866.45023,36858.50437,29282.62828,15112.05936,71248.66068,47143.40372,30248.4796,19317.70411,20058.53589,7940.676996,6996.141835,9831.483236,30.93679378,528.8868036,2148.183334
UGA,27304.98352,85256.45165,197865.1583,236731.6696,252297.4722,263389.9156,269664.5747,99768.5518,66197.03376,59544.00195,70905.95593,409417.0492,399104.8571,603587.5326,538684.3751,383883.855,243058.4271,445558.0546,492370.4064,515963.672,374555.1641,562477.5702,419506.9369,1498.044295,4557.819407,14329.35158,26272.78723,29973.57097,32875.11751,7494.953344,15147.06663,21479.84589,7878,11102.38428,15141.84334,3567.003693,7446.38292
UKR,NA,NA,NA,NA,NA,NA,NA,NA,NA,NA,62168.51576,65888.59038,92021.03608,93860.74748,90954.29911,95658.84407,99260.95764,100956.8835,96703.82691,91823.57379,116564.9938,124234.868,114536.5433,105499.6147,102443.985,196660.1093,181785.2935,166467.3415,153369.5762,142901.7331,138381.2949,157895.712,145640.9045,141021.4355,133984.5024,129288.2974,131189.6047
URY,77325,675,90,1760,800,990,5950,380,100,550,10200,935,80,0,25,10,10,30,170,0,0,0,0,0,0,0,0,0,0,0,0,0,0,45,0,0,0
USA,15620,8570,7485,12935,14110,31410,18275,16980,90965,138930,48215,11155,1560,4790,1545,2445,690,500,500,425,580,205,280,185,330,275,215,700,355,315,1110,0,935,2560,940,NA,0
UZB,NA,NA,NA,NA,NA,NA,NA,NA,NA,NA,577721.6687,301504.8127,354836.4607,248046.6623,75901.7254,44131.08368,40111.40889,125450.8158,174675.7906,47541.7587,20469.80685,12615.17803,13089.74182,12577.89749,101471.7148,119237.344,123004.2602,569.7010209,2560.725427,11023.84893,61856.07142,207.9322474,340.3174909,585.6005121,1120.919658,1259.123661,1353.810752
VCT,95,3785,315,75,25,10,5,50,5,5,0,0,0,0,0,0,0,0,0,0,0,0,0,0,0,0,0,0,0,0,0,0,0,0,0,0,0
VEN,156275,71000,56315,59165,109870,70130,96305,61695,50800,49405,76365,59745,101220,76820,860,445,135,20,0,110,575,11960,0,0,0,390,160,0,0,0,0,5,0,3200,0,0,3635
VNM,710193.4164,1107916.284,1478039.166,1679210.499,1691880.777,1557926.2,1482573.43,1313817.371,1107107.234,919459.0442,805436.4648,720751.0292,648109.5222,554205.1351,515947.3943,481371.5088,453087.7549,430189.4259,416613.1969,398133.1561,380791.0216,371734.8767,212057.1458,104562.2182,130233.8388,127707.2668,163295.4958,152190.6632,172187.0246,180535.7041,81120.40532,95370.85905,111271.4843,18597,256,1082.426416,227
VUT,660.1247825,6348.855151,2879.5278,12348.25389,6056.008506,6881.567623,2225.956354,1245.587095,1212.163811,709.6541622,3784.889509,1440.878322,740.1486371,520.3946986,436.9529933,332.0049744,717.1348455,1127.042941,19.20513188,132.2190111,212.3444759,634.8044912,1078.011727,1597.224074,624.3879828,433.9671346,34.86085261,41.31106344,44.30150467,10.05078028,21.30481771,40.38139112,55.10914423,21.00671905,104.4767022,163.8509437,29.60965437
WSM,212.8284298,193.4878475,306.3137927,405.2491815,2919.443934,2420.185853,2226.207765,2115.536762,1952.506619,1754.346909,1721.368302,1567.124741,1430.763249,1307.577451,1196.013164,1120.867009,1026.560148,951.9423058,6.071730037,18.97543958,40.16590116,41.49889459,144.300813,71.96522087,135.1238283,277.5673967,360.3441327,463.4251737,136.0337049,63.53945412,96.04560392,113.6602058,118.4218819,122.6998757,155.8099617,191.4782308,239.9670117
YEM,258184.0863,527544.1043,749526.5349,904518.0734,698579.2577,468554.5835,451253.4347,340399.7986,543786.8311,404180.7133,190609.3682,168655.2707,139841.8982,136314.659,131635.2769,193489.5313,145692.8341,197142.5358,256337.3668,257301.1647,163985.2732,106341.1261,168314.0882,217187.4727,194629.3982,207252.5677,964.7470966,3679.771816,12614.59614,21396.42901,34716.65376,43726.03477,4660.171849,4289,468,143,433
ZAF,639814.1894,557874.8276,675737.8667,651310.3049,721054.9045,553543.8733,939352.4858,628730.3699,738525.5988,451891.1694,237804.453,229655.6581,521738.6547,298670.7367,348953.7101,269245.3039,83252.94525,9813.085526,17066.9999,43797.1604,31849.39683,45075.90356,33356.93418,39522.74738,22380.30851,27262.80425,28233.10772,10062.09609,67477.47958,296867.9819,98663.71952,51608.7958,38463.23239,28352.84852,24597.57792,23847.6481,8522.65548
ZMB,729098.5374,245625.3776,170193.0838,124586.3078,170257.7222,88747.14186,55245.94415,45967.63953,28792.07297,26234.76498,19143.38761,37006.34729,40934.50055,47831.26609,35433.79924,35830.47408,30591.61676,57070.98782,78455.57923,102790.0663,65559.49816,84076.87979,23018.27918,205.3945289,4123.732992,8723.889419,9510.99559,3287.054345,6742.06543,53973.05613,52756.3971,27374.30201,260.4590367,6241.342912,9265.125573,119.4287773,3387.176708
ZWE,28868.23591,37296.81725,284734.1952,163744.031,152044.1695,139308.3644,121939.3765,364014.297,321503.7017,130487.6748,158500.3726,123895.3577,225946.6886,252849.802,99492.64997,250103.4531,118571.3059,50748.98361,955.8815011,5607.167831,8627.6036,10260.34088,5193.609639,8280.193274,11004.3344,12028.37863,3994.428254,7279.442399,10895.8636,27771.80709,15841.53373,12539.24274,2919.414283,7055.164224,8548.571505,2301.310876,5287.187123