"","1981","1982","1983","1984","1985","1986","1987","1988","1989","1990","1991","1992","1993","1994","1995","1996","1997","1998","1999","2000","2001","2002","2003","2004","2005","2006","2007","2008","2009","2010","2011","2012","2013","2014","2015","2016","2017"
"1",1876651.67644929,937801.206310671,868118.606890536,741390.559857493,658643.950045739,377130.889823678,471111.919111586,230752.833719421,112202.130523518,109940.112631741,88818.7153965172,254835.814158356,393046.296450864,438218.424718181,475904.255975104,385669.805021601,318694.82575322,178060.738535428,202915.094032222,312850.971520097,405334.818293526,203884.292431679,14253.7091698965,20776.2742312453,71373.3492076819,105496.527813974,50212.3077905125,66035.0784531548,129660.107580065,92447.2923651246,136782.353136239,125855.070585303,10719.2504403254,26499.7545268423,36675.6390623633,8098.00649530545,37379.2136704268
"2",626186.271773639,694572.894458303,511691.292276607,517980.411051386,521690.564356176,354960.500787085,302689.973733078,494144.261678155,448763.692066613,685224.3550651,421134.810997084,379800.871985924,227026.652641482,146128.469325311,62235.7775791435,35138.7545838078,193756.623449695,93646.0006166667,50361.8848748448,65333.3529815767,205057.958603587,268196.42194623,93342.5771563971,1342.39567953013,15208.0540000251,31742.0126173106,12890.3156779399,17730.7131538409,58171.8337427237,17861.8108988885,33640.4701161665,52769.5220843969,194904.209388863,271735.948573507,27863.6108451857,47831.2970007249,70169.2221852298
"3",NA,NA,1657.04223894113,2440.44631892856,2844.77929667109,3037.77075253883,136034,3196.94391940363,331580.896963634,4512.82016355172,5373.72320088942,4874.20606401189,5841.10513566818,4582.46272085412,4092.60796487302,5188.36876063705,6699.6698576824,6860.07597250297,5778.41146158786,4447.35205863087,58.037901009079,195.105483817399,377.041954744179,537.839673194133,660.481677051974,834.519873111987,885.711616085635,3010.96161178566,1801.95299291608,1374.95102937141,4168.17347330094,2148.98301006222,1532.16007792841,1163.50165134494,3625.05957362623,1941.678989929,1401.6404288146
"4",NA,NA,NA,NA,NA,NA,NA,NA,NA,NA,NA,NA,NA,NA,NA,NA,25,NA,10,10,25,5,0,0,0,0,0,0,0,0,0,0,0,0,NA,0,0
"5",14100,8455,10525,8745,12000,10790,14565,5935,5340,5935,5740,5315,3725,2590,3355,2125,1215,1480,585,345,150,265,210,110,145,NA,NA,275,NA,435,NA,660,0,2495,1735,1115,605
"6",87910,22160,35530,158755,46200,32240,40120,23755,20045,9835,210465,102755,25435,670,3275,295,625,51145,1565,30,0,0,0,0,0,0,0,0,15,85,15,10,0,1590,0,0,15
"7",NA,NA,NA,NA,NA,NA,NA,NA,NA,NA,6810.47200286285,6709.99401958584,6620.62313304369,6526.31792663327,6398.79533750895,6597.72055330926,6441.01125138086,6235.63916457617,6018.42244177318,5807.90778325326,5599.37021479374,5512.23109925532,5319.35528908956,5189.99879927696,5499.97778887564,5344.76392657361,5172.2900578217,32.7433383269596,36.1262379506136,32.8486294706841,35.5505059063247,38.3808541549641,41.4027978313586,45.5820007724541,48.6062303184549,51.5444725760433,54.6163779830303
"8",1235,0,50,5,5,0,0,0,0,0,0,0,0,0,0,0,0,0,0,0,0,0,0,0,0,0,0,0,0,0,0,0,0,0,0,NA,0
"9",NA,NA,NA,NA,NA,NA,NA,1240,845,4400,6900,7125,22680,24475,5990,2490,4265,1635,1175,540,705,160,455,350,50,NA,55,325,520,350,950,995,790,1675,370,495,405
"10",NA,NA,NA,NA,NA,NA,NA,NA,NA,NA,NA,NA,300,NA,NA,NA,0,0,5,NA,0,NA,450,75,45,115,100,2240,245,260,340,0,0,540,1545,135,475
"11",NA,NA,NA,NA,NA,NA,NA,NA,NA,NA,281345.689686815,39165.4167713337,67197.1781383231,311471.803347262,32780.6731750238,22345.9936508724,36563.980786141,135056.824071022,55245.3391080754,24780.4619822023,26972.175249234,257402.522693587,92465.6692626981,40177.9584251776,56278.6738211238,18750.2938884192,259.848604565884,946.291672308224,3139.38016108218,2652.7082827732,2874.61207769641,3032.66460728589,6936.26374984362,6793.31740906594,30.3356406153649,140.174844648797,354.759867739791
"12",292831.678694445,182602.239860832,220343.107266409,127839.971119787,159435.766672729,173435.565712433,104370.806254468,144408.060780301,121529.289221684,63605.8613582355,49159.4318622929,97616.4741474503,103611.158415613,50317.2911636721,64189.6398776534,70146.2512907188,23106.0547267124,16719.5298588314,18688.6215085609,83270.8203510263,95179.0802095574,7728.04660187725,690.242954699161,3651.88434050391,4980.0032000701,6939.2074411411,2043.16670166627,5194.1695773267,6452.23443081771,3452.52341005853,3413.77968710949,4528.04385185957,1831.94843894337,1932.81608953972,1857.7244993575,1427.11270884047,1728.26267028581
"13",NA,NA,NA,NA,NA,NA,NA,238080,405220,NA,36080,47825,36865,56730,53250,36105,19345,0,NA,NA,415,NA,220,305,130,75,320,490,165,200,2880,0,195,975,235,NA,1835
"14",268784.852917774,215598.712547583,214533.59006679,246587.618997105,242896.723548758,137482.56438754,248870.540043933,105800.91866066,66528.4288165825,68345.7013864105,98114.8769302228,60562.9256335393,74618.3649734624,142790.707493791,193848.132339502,52403.2382103288,191507.812249986,44229.5106715562,49213.9521101839,76827.0783248111,106175.551712179,33402.1722656523,19203.0529114477,3553.78129626132,9298.81190026244,4401.28544961823,10364.6954505078,20593.1551083806,21853.4818099453,17792.1256138457,16959.2059589921,6116.48474103349,16264.1348425382,23757.4229470605,2519.06982640024,6495.66781492748,8915.33084225585
"15",330112.967926361,397158.427746796,405521.283966231,581578.836966932,330334.290148533,225251.3501948,566295.444219264,163797.161069747,145027.911399969,183789.582010182,132284.861215366,437591.193562001,275520.068744874,100698.895495309,121973.126564829,353133.466285531,94707.4027497124,238489.438470427,140803.444471916,98461.3324660878,96672.2333323931,4970.82526610446,53162.2245622272,34238.1460038761,10252.547264305,16644.0637433681,17204.0038913798,7440.60548856947,136593.652689226,74244.8390625252,46219.1995978279,14093.9887679667,26759.9363189832,35792.9225110008,1050.2041919864,11539.1416976894,18806.2822380516
"16",2711256.42123397,4747261.65106443,2774275.06602569,3193679.84610313,3186511.85054555,3801278.60394966,3650981.45322404,3135620.16554235,2337524.97611271,967152.542395009,2259612.12830492,1651606.93368572,1497693.41197689,2354941.79371682,1487378.49470202,1396480.82905233,2528966.72999117,1831419.21877755,1584506.06415037,1436094.16178253,1267197.55866814,1116697.81425144,1168369.31971415,2298948.37774504,2228221.47438786,1633712.14254343,155584.908791979,459716.084912943,358523.130821524,346597.59024552,552009.256827096,259306.228664267,250610.370620015,538262.126052782,3463.53238166479,54416.6931245838,350738.308733136
"17",93070.6372262575,79151.0098925865,66798.1022417023,73174.2683728748,69891.6514871316,71507.6146709688,70526.2838307674,70434.4347272035,69856.5433120404,69365.4681614646,69175.9510976605,141237.615618634,31105.1576454725,76854.1797114497,60696.3422806404,67744.3503092285,63662.2101560757,64428.6475520164,62356.2834096075,64701.7269870423,62347.6792296458,63113.5554620631,60581.2239435033,61156.7063799527,59961.6771823242,59808.6585384523,59155.3210331032,58784.8018074023,58821.2593802094,141241.214261657,16679.6588669697,60102.782515109,55718.4162822713,57409.0254302446,56237.3550953437,56261.6801118079,55521.2267681271
"18",1645,5735,2190,5670,9550,485,110,25,905,295,35,60,10,0,15,370,20,20,190,30,25,40,60,55,20,15,35,10,15,0,0,0,0,3960,0,0,0
"19",225,250,14340,180,130,425,210,110,295,360,0,0,0,0,0,0,5,0,0,0,0,0,0,0,0,0,0,0,0,0,0,0,0,10,0,0,0
"20",NA,NA,NA,NA,NA,NA,NA,NA,NA,NA,15803.7310494815,16884.1419169989,18179.5710955733,18593.872612556,18758.567836193,17535.8749707882,16813.2973073082,15720.8816999431,14044.9271713369,12792.2371682012,11632.0356861982,10701.4699266234,9994.58731871852,9344.57015775668,8744.56695636411,8392.8606260745,7860.38485597651,7438.12282616916,7040.01259728275,6678.50572273348,6372.46126010482,6052.08040091506,5761.06587066228,5885.35011562868,5980.27137088254,5742.58284178188,5514.84276051954
"21",NA,NA,NA,NA,NA,NA,NA,NA,NA,1120,6755,11620,19370,4100,7580,1975,675,2585,765,105,225,70,105,10,5,745,5,0,0,5,250,50,80,2100,10,50,5
"22",930,30,55,20,35,620,1120,370,10,125,35,55,0,0,20,0,0,0,0,0,0,0,0,0,0,0,0,0,0,0,0,0,0,330,0,0,0
"23",38270,3600,10170,6350,1085,1730,4935,8965,3345,4100,10540,24685,16955,7205,380,35,35,5020,7205,610,0,0,0,0,0,0,0,0,0,0,0,0,0,730,0,0,0
"24",306405,196850,291295,404375,379965,645630,330295,130895,114265,307175,212685,39670,30185,175,3965,2900,261420,13905,4540,180,5,5,10,0,30,285,0,0,0,340,215,10,1100,33125,1070,NA,0
"25",205,30,30,25,35,10,10,5,10,255,10,0,0,0,0,0,0,0,0,0,0,0,0,0,0,0,0,0,0,0,0,0,0,165,0,0,0
"26",3875,1215,2790,2705,3085,2200,315,140,195,60,NA,255,250,NA,NA,NA,65,60,115,210,55,NA,120,80,45,NA,NA,15,10,0,20,5,0,80,20,5,0
"27",14505.3487461496,24418.9718955731,17770.9237347512,17322.4831836254,10828.0328246833,12461.337425477,8978.6327326155,5573.77938710095,7316.96335309103,2866.3431884517,5785.36333366777,2305.42622113351,6617.41789649359,8960.1377859356,2714.54710547558,630.045582585696,2363.41007304301,1966.46630094525,19705.4422469942,5601.30666782374,9948.88871021839,1893.3146045262,1057.36994596062,909.970484020732,825.735544795454,446.237748382332,11,84.8548553120827,143.398622370745,307.557239878916,288.862097738987,237.878470697335,210.864583205186,811.284857443246,487.29424377159,663.420716040371,915.2617376506
"28",14137.5529109714,16135.7314681297,66179.4727189245,44240.1052513438,23426.0500959622,14925.39329862,8101.69996159318,8560.52141854159,30899.7609316782,17984.98305412,11379.3967338873,9225.80770940543,44149.3222925586,29180.0065277476,14054.6940264613,12678.4694913982,41690.6395590427,6543.27704209429,3012.12562624045,14085.151174791,7182.26679888489,5168.9149493633,4337.86017799925,3644.60011116799,3250.17439906438,896.731318013448,1311.25008123938,1621.09969621834,2284.59463305588,1179.23804719728,1571.71371166346,1838.22396436428,2025.78510271382,1030.03608948943,1436.07271126892,1768.22617215179,565.568339748085
"29",187437.558091059,109332.635001653,69120.932419898,321623.420435101,104748.726662912,77393.8044723103,91582.3798232856,81054.9228171433,24556.3569441223,54342.6075705948,172202.430820643,128843.369319603,74450.1426189218,69840.7047951128,43734.818417412,22556.2338324299,17877.1475180427,16234.8342103627,28735.7999442787,147225.708529575,120927.098505981,50693.5070356509,35211.0862141715,52638.6409099994,28868.2912260286,2781.42106480463,4597.73639562959,6896.0081397076,1627.53220423944,5238.39999784548,28123.4608763265,7111.34704284303,28318.9990095618,24060.4145497111,17664.6910683751,21777.6087303594,21784.1387129101
"30",11535,5320,4670,20390,14080,74705,11925,3045,55725,5165,30890,13710,1015,2615,11805,1635,2895,60,145,1030,170,30,75,35,30,65,505,310,70,495,3795,60,410,2560,975,55,225
"31",NA,NA,NA,NA,NA,NA,37000,38000,13500,9950,13500,21500,15000,7000,7000,10000,32000,10000,4000,NA,3500,NA,2870,195,300,NA,5075,10110,4790,385,3105,305,875,345,175,NA,525
"32",32635,47190,33760,23925,85505,62815,13115,225395,65040,9790,10490,5,5,0,0,0,290,30,155,0,0,0,5,0,0,0,0,0,5,0,30,0,0,1015,45,0,0
"33",24283439.8465954,21876301.3981624,18647061.6523963,19614114.365393,10613590.9175153,8270900.00827132,5537241.78941454,4324535.58993352,3785066.70086466,3549438.58528702,4349770.58062514,5009340.83526331,4819011.00702562,4051424.59466489,3287574.00409333,3205252.25086036,3361549.20729281,2918313.89424581,2893702.96613596,3033353.33320498,2990558.32536717,2349076.26861576,2330384.11513481,2302075.39751995,2805684.52664965,2404139.66174,2530570.9370803,3174793.51951757,1873118.45612855,821524.735525995,715435.023391198,609384.966764688,745149.694303277,2083031.76516343,1401137.1059512,1017839.08099652,674487.04627244
"34",332139.114729735,313789.368363401,173503.907445131,132466.697821319,178173.421149001,516934.9768144,706659.317464892,351582.738010064,372301.986583493,354941.720188935,211243.383296776,294671.530431295,169998.828340922,198185.243322983,705179.246874122,420796.6897324,214638.451414667,244384.227049532,128186.006820947,121118.954212147,120603.860387118,122150.045176128,105361.816323733,76049.3392839794,32722.4837476177,2087.80026963793,8231.75033862364,13429.1270684466,6579.98577881145,15902.6975897824,27645.0342149431,7403.63278342886,12680.6531185873,22088.2179245146,3410.24890347903,11561.8392363538,18811.2312767226
"35",NA,487799.276656396,707686.734464452,443815.573028799,554163.826154069,368395.43939931,207164.150174043,266233.447960033,278874.238962565,244473.85498034,178831.806209576,317035.210702489,160984.196837534,68068.0947627692,51809.6248397127,134315.749437198,105640.908525197,128695.314597764,134031.614973029,170437.000791465,274440.512348396,8363.46798060615,5496.0357734626,13116.0587797567,18776.7332366995,18010.6804487307,10001.4149102261,7135.21222995987,12541.9011096042,5420.29689624508,12881.9805318717,16589.8356448922,7418.09187119432,23685.720137584,29340.6191303175,7802.73329588595,15227.9395159977
"36",38142,30775,26011.8243988664,37709.4604300684,49941.3810849193,64104.7333778723,79311.5688437515,95111.147341665,112789.357426774,131757.262028006,158805.747270102,183409.592722883,206040.359197359,229149.318654848,258038.501645005,293262.901628551,330155.983061974,371576.028451681,415633.087812267,436724.32088339,464056.61163546,493972.377563533,320784.971538595,341927.487313152,248213.123953949,152118.965343617,82194.918219537,45673.8768148172,36635.2291904331,32176.0738898727,133802,73870.8298607572,88381,5319.72531648404,5020,5092,45107
"37",58913.4116041621,131505.929021514,167291.130297781,187385.964685516,86353.1061661688,66556.4699555284,29550.6248880519,16265.2270409156,12092.9983869984,27480.0433208542,37854.1789014044,42573.3383020984,22225.9523976525,15054.9841835583,23627.0365837902,36738.9806849194,26513.4170948367,18474.0960263782,16261.5503482845,21232.3717688916,25942.5449328035,31495.3558318542,38344.880749558,38395.4604781275,2924.50487025393,5295.2400146592,6686.59046328411,980.168941933379,2638.45917447082,3483.2222363948,1552.49092844614,2496.06307528145,4997.01092291476,1635.15597411341,5390.28223240825,6697.1312679953,2192.95595309222
"38",86.2802817285524,157.409242981191,148.341745977745,142.440756756405,132.933996150047,127.923255103794,117.594353499739,106.623075730281,691,481.415123964195,368.06348099663,293.527437981778,237.132900884883,206.989035075148,175.628987205148,160.380232141174,194,128.723257438455,0.821575781757285,2,2.53594445866019,3.00685839521003,17,3.24857373488686,3.34666574460609,6,1,0.166712822812357,0.522473049431825,0.567385137826998,0.666159215855043,0.731510476004038,0.799734463606004,0.870771992444991,0.93604539096535,1.04337226143057,1.118526162705
"39",98060,46365,65495,59245,27860,25900,103100,74005,62990,62600,51955,39880,45525,2625,2050,800,335,305,220,5,15,695,0,0,0,0,0,0,0,0,30,5,5,12580,5,0,0
"40",0,0,0,0,0,0,0,0,850,11640,0,0,0,10,0,0,0,0,0,NA,NA,0,0,0,4560,425,0,0,5,0,15,5,0,0,0,0,0
"41",4205.01646416868,26353.602574747,28829.885550342,2631.16475686106,5594.78460281013,7665.91239580519,9257.91638235722,1336.52574073151,826.123583065831,784.804945311124,895.547854264962,759.172320285753,619.438142168233,950.455426969089,818.5910589078,684.985786574129,22756.6754747019,5880.47097193465,1219.89007896728,753.396201608657,582.197347886678,509.275876066156,465.179274908675,431.404030587321,402.515331192596,146.860583306349,235.646171279705,272.957116597427,279.820234117623,128.433301037084,89.3563393974458,70.6101131419501,62.7976548627317,28.060692781058,35.9936628880172,72.5233827993504,29.5312939114532
"42",850,835,195,55,5,22670,20020,1790,165,380,31480,11805,1365,0,175,120,130,135,115,0,0,0,5,0,5,NA,0,0,0,0,0,0,0,190,0,0,0
"43",91935,117040,16435,16575,14370,16560,4290,605,60,60,85,60,10,0,5,0,0,0,0,0,0,0,0,0,0,0,0,0,0,0,0,0,0,5575,0,0,0
"44",15,135,915,15,5,5,0,0,0,20,5,100,0,0,0,275,5,5,0,0,NA,0,0,0,5,0,0,5,0,90,0,5,450,50,0,0,15
"45",NA,NA,NA,NA,NA,NA,NA,NA,NA,12100,4195,2080,70,45,25,50,70,95,10,45,30,20,150,85,0,35,10,10,25,0,85,110,75,1110,45,35,710
"46",26450,10145,48990,58795,2840,995,945,85,225,NA,NA,NA,NA,NA,NA,NA,NA,NA,NA,NA,30120,23285,3895,605,3890,11535,2835,4585,2870,3900,8035,830,8855,2180,12320,1630,4645
"47",NA,2628.07180999089,7713.24888411279,82355.9394150163,8460.08486408144,12731.0892214766,6957.60372118731,24561.1628850924,26079.563244726,8455.19194458258,5056.15006759205,8591.4106995051,6305.21874571335,10983.7350812899,5610.7148625313,21029.318332919,18193.1227936497,13791.9103762687,19283.8241947478,12433.3480883005,7973.15627961307,5875.85198644439,1447.25955775808,941.151209066011,13083.3764802609,2325.13853193748,3057.80543211188,7091.12857401549,1644.26069371568,2052.60533054294,3297.02861930165,30487.2196230718,3578.65586390437,2257.20057284716,2552.14623428149,882.309304003419,957.892351572046
"48",135,10,5,940,320,225,410,50,45,65,30,0,0,0,0,0,0,0,0,0,0,0,0,0,0,0,0,0,0,0,0,0,0,5,0,0,0
"49",178255,78280,166210,105940,65935,117450,31340,3090,2025,900,810,645,575,180,100,595,305,NA,NA,70,55,160,0,0,10,135,10,70,30,25,420,10,85,145,45,15,20
"50",17050,18355,14800,22145,22085,2505,2495,3460,7525,17385,37560,38250,23185,15,0,0,5,70,1370,1270,565,0,0,0,0,0,0,0,0,0,10,0,0,270,0,0,0
"51",510043.916385299,972923.064583187,981975.541098164,995267.287332256,769899.330166361,479323.950108843,356180.523164972,291223.744567392,272600.048937054,238084.508351735,253136.777032497,286736.309262134,248763.359696938,250009.762137821,268578.842418734,406882.52807558,162659.121557645,144940.532219183,128175.70378988,120089.167832356,115656.582220457,124926.765889671,219395.819352948,3289,2647.37441063253,3387.36014000176,4134.02945830263,5134.26187813217,7381.53763021254,9633.71951907979,12062.0913932387,13693.8828024683,16104.995109503,5614.3369923282,2227.36635857009,3646.12635375492,1695.31422389356
"52",23390,8235,12780,34895,5915,4195,7685,40020,18245,8230,7925,21780,18135,18340,4595,210,0,0,0,0,10,0,0,0,0,0,0,5,0,0,1315,360,0,0,0,5,0
"53",405220.631258967,1288081.06111263,307994.844285563,1034525.72051318,1197628.28300322,301789.60232967,395815.291719902,790101.086885415,869207.362746207,245560.456506361,270795.497509601,1013543.40501598,606871.842018781,326472.623529591,389160.82794246,999150.747501156,1006861.67350312,1093278.57056795,333314.381022099,592572.903797733,455372.470448982,166024.805210483,39391.6838301451,28403.6682168765,24444.8711451856,263183.666984826,359077.650087419,165596.929628649,135869.938058137,10641.5866204135,11401.0644254947,49525.2216990221,85372.8435881431,707337.903666649,1269137.24775603,160788.639043695,56251.1118687079
"54",NA,NA,NA,NA,NA,NA,NA,NA,NA,NA,NA,NA,NA,56319.2227176193,42944.099541045,72828.4758248213,105262.343602206,63236.8666167783,53346.5516565338,102933.854348842,42604.5422080092,51605.1780055058,55128.7535880229,6465.61496355656,8361.73408899918,14766.3689367103,7960.49893843089,8881.91271690827,13060.7077478259,7487.46178123804,9989.36488208659,19134.972048436,11354.933664439,15735.2451408451,11168.0457721347,6743.90804256092,57280.5119970914
"55",733445,797810,1521750,194570,403315,1100545,175730,113505,164540,108250,122225,122300,59925,33980,44245,24820,9210,2230,1230,760,NA,335,1280,130,110,1810,1335,1485,205,1510,19010,6020,655,1315,575,185,805
"56",NA,NA,NA,NA,NA,NA,NA,NA,NA,165,645,355,1560,1150,85,95,90,85,60,45,0,0,0,0,10,135,5,0,0,0,35,20,10,195,20,10,5
"57",113993.59212693,230949.211748931,370735.737975904,541615.662463851,1646618.05312635,1584550.41839605,1549445.47611768,1548700.4954247,1508510.79938239,1421231.24291328,1426129.7725229,1490120.45654002,1489469.54785416,1386246.86911197,1370832.25791155,1318782.30219561,1294647.27490287,1318853.46644393,1406674.548743,1455150.12152029,366469.616083429,525494.552703977,589490.641501621,510895.650000463,377306.347510437,465604.909744404,81725.61201921,146695.899457798,220828.387161754,246927.64303807,48485.7538309887,58269.8775440771,111697.350144764,30008.2684072164,67585.3243902114,112400.439763548,29988.0979244358
"58",19065,27010,23755,3645,3070,3705,3175,645,5160,15,40,25,0,5,30,0,0,5,NA,NA,5,0,0,0,5,0,0,25,10,25,135,0,10,15,10,20,55
"59",23250.302214223,20860.0770944778,8197.76085551618,19097.5127566676,4674.67534718522,8960.75491879904,25876.0766778622,14246.8457225712,2947.85389217551,1708.55024885513,3505.89602805976,27573.7715566687,10239.7243065762,1900.86275073534,10795.8399824978,1981.8090513193,21832.2629713105,462.467431580177,3157.61333204334,6178.45413919961,1820.62789801859,7167.32891005676,7101.5218784479,1639.60440294255,2296.04696275687,3141.9512879643,410.632684548192,233.94703119219,199.405195724367,146.874603122925,411.637234555385,234.328955023831,215.005156735168,3181.3205202643,3609.782700004,987.545655861104,473.03564008485
"60",5660,4060,4350,4890,1995,4655,NA,NA,NA,NA,784245,547740,386160,220025,271195,330000,4e+05,NA,NA,50000,NA,25925,NA,22240,180,200,195,3020,7705,25240,74745,0,1360,1335,785,395,2595
"61",NA,NA,NA,NA,NA,NA,NA,517.162399587057,503.718985999866,574.106166175539,666.004623308085,742.891890777267,776.106797813464,1168.20030860538,906.012347390093,770.31772932321,704.702569297155,626.017277329051,672.99209163827,626.939330001235,574.366080169329,509.994943956669,464.187660269946,430.366665204665,382.981363985056,364.630188509333,332.558189045933,317.356622411458,300.056924531961,297.184853285005,154.112883638339,158.98110263265,163.094731190954,66.3293770795531,34.1008496587546,52.2896713659198,27.5840912091511
"62",21046.2767075951,16401.8552580582,39099.9539864358,66041.1812043198,45662.7495309511,62174.6376043406,21856.1636242467,9051.91623641339,14977.9816846465,8309.09102765827,9286.92047949403,10867.9969331768,9207.32289923715,10824.1412465256,12440.8801142821,4399.81353870186,6571.30673295459,8781.8196957572,10953.5993215381,3883.78678091765,8497.00903451501,4626.98248678913,7073.79164560372,3535.11610852829,320.636117769252,1224.54074824439,1404.91027014154,421.594229075336,965.987319482852,1326.73995873938,1448.47989231354,1550.57477561494,726.14942905233,340,897.547496847646,3416.52873818705,1445.12998148588
"63",308895,528210,574740,338160,523870,451070,224250,441295,150800,141140,58635,61585,60090,117625,45085,34330,24220,370,NA,520,365,1570,2300,945,395,3820,5110,7225,6060,2215,5560,10460,9595,685,455,2790,1820
"64",NA,NA,NA,NA,NA,NA,NA,NA,NA,NA,NA,1061.74881904465,6847,1554.88539184506,1823.19908626858,2073.46262961441,2175.02673864335,2256.71162954772,2330.19358477053,2409.87185513016,2582.20388391912,7872,3241,2889.28834539347,2905.56561890398,94,38.1143654816425,40.30883810235,6.25381310233682,7.39890448262693,8.92657661930949,10.3400535643007,11.3507382369571,0.0374152702359574,0.000273306618230233,0.0183421896352251,9.89960265912989e-05
"65",361150.704834123,788248.694545689,381050.705749927,392196.116196493,617453.756113791,196017.389224665,239436.493314487,378503.697729314,220507.682062867,301897.837828766,194633.366737442,368924.61532355,333593.51072259,331778.290878811,377869.172130078,330648.600527837,350968.547815144,242510.36679735,175918.082457858,211548.871880459,156559.724120566,128638.431254897,1939,8922.91711750408,18629.9459175147,24830.6055757778,10158.4660900103,18992.6212898487,22103.5701747819,26096.7785438722,10850.2058312169,18083.0111474422,19000.3633271234,1030,2109.94474186112,5986.40224283841,29.6394459770858
"66",318784.792349041,367678.608777187,205327.847244744,108977.567836561,76860.4863506818,67376.725078105,174125.035319303,91190.5304682238,99671.4602540736,163225.6986729,155947.97896154,60037.7819558936,120945.428860787,68196.9072177564,40568.0459101567,285164.78227477,235517.373342051,212569.35250589,441378.801466156,263955.577136542,177994.368476565,78612.288256176,61144.5363518475,1290.53611719747,9359.66562784998,14393.7676341235,3174.01952671874,10824.8856476509,18403.826962136,3580.06915256375,10077.8838721546,14441.5999805291,3283.36433210738,12564.5240157641,1821.7169400634,3104.89512723159,45815.414833871
"67",4772.78557876423,37902.0891798557,25465.4801723423,18569.0569213645,31772.5653725824,22363.6116769362,16857.6027152353,14820.924535046,13279.6957637972,12361.9522534224,5044.07663122208,6720.11964664625,16960.6414071883,7507.28564160932,4151.07019378353,2143.27625664138,9786.99107266938,10305.0303685653,15740.041594746,8280.47541589208,4243.70033767118,2576.64777750404,2909.84050608146,72.8109648856397,423.562528644212,743.913780380304,998.378729144805,440.527538248779,724.631943452443,981.317048264285,1164.97842905168,369.340101236716,554.881885946834,1334.8537560271,1625.48131133256,1575.56989661111,1352.94179124393
"68",57909.6841856932,41403.4921957748,90967.9561868194,13658.8319101338,34644.9896292595,61935.9084112452,9375.0185172124,28936.0285392099,7383.42904832518,8050.27632282568,76535.6153067877,22933.0750755169,45914.9670972635,13083.587980582,14555.811589909,6655.67036591602,13013.2647739214,17718.8453621443,13145.5478563244,16285.081435598,6796.47993462758,8409.95264192023,30941.5871823372,26158.4480133307,6408.02759604917,3618.97701169325,157.938540420178,1283.46487892232,2076.4590736004,1047.57708761171,1963.48496376354,2536.36654904529,1100.40786634166,2121.807480822,4486.20659021996,1171.39715964038,1882.50413116463
"69",NA,NA,NA,NA,1146.06227730563,2288.92435450821,13599.4012100003,80990.1449658641,41047.7662217386,23858.3075499539,16344.7464573332,12745.492545622,10472.6054024354,9100.78524442777,7909.70598575118,7040.49359929019,6395.24907022879,6071.19468609993,6559.3808642418,6999.2043270225,8673.32903071553,8558.74634968895,8519.21183979771,8565.3482436121,8880.44940463461,2685.08341186155,3577.518959432,4694.53053336995,5586.61833528004,585.714186967906,1250,1714.4289766698,888.84022648397,1734.96571735481,4880.68472030229,3738.38868726962,5643.97328667679
"70",6945,17085,118615,6000,7420,5250,9455,25500,2670,1225,6855,17240,2515,815,560,30410,680,330,345,280,60,25,NA,5,610,NA,10,5,10,745,200,15,15,5,5,0,4840
"71",45,8565,1340,55,35,100,30,20,10,30,10,0,0,0,15,0,0,0,0,0,0,0,0,0,0,0,0,0,0,0,0,0,0,0,0,0,0
"72",17360,19960,13810,15360,11360,8250,2000,910,12065,44010,1045,485,85,1020,115,5,40,5,0,0,0,0,0,0,0,0,0,0,0,0,0,0,0,1210,0,0,0
"73",35,205,100,1470,435,75,110,4585,55,5,60,0,0,0,0,0,0,0,0,0,0,0,0,0,0,0,0,0,0,0,0,0,0,265,0,0,0
"74",29285,12230,5840,25140,32380,3015,7185,5775,31765,41800,475,290,65,15,0,20,25,0,0,0,0,0,0,0,0,0,0,0,0,0,0,0,0,1380,0,0,0
"75",NA,NA,NA,NA,NA,NA,NA,NA,NA,595,585,800,435,690,3485,595,1200,3240,155,45,40,30,95,270,10,5,0,255,10,35,60,10,0,75,1030,20,35
"76",12510,5320,4345,8405,10555,1345,15650,1175,2900,7070,NA,NA,NA,NA,NA,5,0,15,0,4960,795,0,0,0,0,0,0,0,0,0,0,0,0,590,0,NA,0
"77",52865,12605,620,490,100,85,150,5515,NA,145,80,70,165,55,20,60,120,115,5,5,100,0,0,0,10,5,0,0,5,0,25,10,5,0,0,0,180
"78",NA,NA,NA,NA,NA,NA,NA,NA,NA,704858.734901002,874829.716942283,3120318.92605994,2302199.45716685,1886404.60244221,2094989.05607712,1996982.87952254,1141736.82529235,1983457.44314246,2783226.2627941,1851800.8477641,1616338.16512605,1873611.96088484,1994011.91042738,1441517.77789726,1952306.52197667,2069360.72781218,1271163.74136204,647527.736907553,1324791.41923405,655851.453846119,1404445.07541516,581399.988438758,525842.865158207,479393.788285232,561196.22304071,321525.826837406,344513.789741496
"79",27747017.697536,24376478.5883682,22988905.7250822,28228114.6519034,26099542.498167,24858330.1342605,31993271.0180413,24043572.4704111,23048491.8658432,16147824.0221897,15511310.4875605,14395837.6399964,12226408.7561274,11174667.5325436,9811800.76087905,10427177.7711532,12305942.757203,11111602.5941739,10027519.3586005,10660329.7539134,11776821.8597413,11523979.601926,11429295.1246677,11202434.2298483,10965479.4499361,11527225.1561346,10596019.0151421,10116885.5488752,10586363.9052281,9404429.84536807,8145671.12838133,5663113.35541037,4099692.29002315,237365.34334014,972450.209329239,1362729.6911062,107346.438822746
"80",5375,9485,30900,28625,49515,2255,1005,4680,6240,2780,675,895,21640,6165,1175,1140,925,1020,735,NA,1205,1215,2920,1670,475,435,320,285,820,2215,1425,535,0,210,20,NA,125
"81",797814.326826019,1093313.72126468,1115742.024833,925898.782499388,612433.151288,491376.489093022,525050.008824542,360213.136606406,252822.054559734,199465.127904206,183284.821386939,155138.055536366,137371.209497837,96499.4434451682,74545.4820903438,71239.0663052876,79942.560925397,77857.6825966915,83900.5677677236,146786.062553083,176657.323215625,191125.260168016,218507.370181843,707.455650993947,1299.21356140517,1804.53642818065,2488.66867480165,3102.77363655564,3971.67288149417,5283.41563176902,6079.29618685457,7473.98436989358,8443.47448761461,3568,2127.81867782411,2729.51411187287,404.781168605209
"82",868141.128360302,428095.460228616,509654.801441,511154.988073402,298228.940125221,154533.521088226,116553.662064223,131469.852774233,154350.27646289,62264.8267903021,151117.812680226,271314.266864429,219836.662447152,147774.428710608,107465.159119347,13661.451409588,16721.9181672861,90682.3311282877,130363.626048606,62985.8821786556,63768.3928320995,97881.0928412664,42882.1867196949,120453.918948402,11806.6626313598,9968.12857882985,7044.62961059649,54301.3258890011,53671.2864475539,6952.56257061881,4500.19943893084,9454.97580768456,9063.93177168425,7043.4964399541,12161.894449138,6918.74053042686,1851.77409440895
"83",120,70,195,810,1870,660,70,55,115,70,50,40,40,35,10,5,5,NA,NA,0,0,NA,0,0,0,0,0,0,0,0,0,0,0,5,0,5,15
"84",1140,39320,645,685,15025,9755,2190,970,145,1150,4955,330,705,7775,110,95,60,40,70,180,95,10,620,580,10,45,2695,4655,25,115,350,1055,250,15,400,40,210
"85",356195,92115,131855,385745,375200,106530,103135,460940,146070,26115,117290,325065,84450,30790,185655,162980,206270,20360,14540,7285,NA,46925,54910,2995,675,2195,1605,8085,1755,1860,25945,0,0,8995,795,NA,20210
"86",26330,14075,5820,1180,335,150,185,150,28630,18255,1540,0,0,0,75,20,0,10,0,0,0,0,0,0,0,0,0,10,0,0,0,0,0,1160,0,0,0
"87",1174,1594,2080.28274735959,5385.11440732353,6929.45593949348,7744.62204345335,14180.5297823406,37842.6880296425,39349.9894108047,34767.311061786,30077.7654854918,31548.380349493,47156.0760337315,41268.0107302055,35100.1865688623,31698.3032843651,51058.1152166493,428,225.719023295935,121.963970107156,131.622232671708,141.213569385325,151.944155880538,154.481051972076,162.182191456242,167.933837198838,171.189523127336,176.809833070026,182.186759183404,182.315950743559,182.643647047875,182.721137038369,174.510436383633,132,1.54315816793295,2.44179793160252,0.0219474880417294
"88",107355,33580,36405,61340,14050,31615,29360,15545,8765,16295,27260,NA,10010,NA,NA,8200,NA,4495,NA,112485,112760,169060,41430,43760,NA,2600,NA,55075,3705,2250,2170,1140,1145,5235,175,825,935
"89",NA,NA,NA,NA,NA,NA,NA,NA,NA,1365,7125,3235,16485,8940,1420,615,600,9675,6955,1225,470,90,120,11020,80590,545,65,100,0,20,635,275,365,1585,2630,610,10
"90",1220406.47743386,1057287.55649134,1120015.39374966,780548.022762326,445496.609199242,164738.98077782,197424.616487878,273154.87042731,337667.014708818,302569.568421826,240164.226141486,253582.925217296,72025.0022830458,42642.8617935845,33121.6674106716,31540.4467387635,31508.9007207207,42406.3386321324,49305.3883012545,85698.7308761609,69044.6893865463,41260.5109918449,543.357286202089,10387.8028997655,21770.8713712216,28873.3347765184,30270.5429048391,26282.051727522,25579.5531953856,10320.0587976242,20576.5259410204,18961.2947182996,8069.84221275045,15275.2758085307,22918.2960352434,12079.2857692378,16608.5045067583
"91",NA,NA,NA,NA,NA,NA,NA,NA,NA,2920,4120,4075,19125,840,85,370,4990,11985,2390,80,85,10,30,40,265,135,200,80,5,0,1110,0,5,0,88895,0,25
"92",522969.793273151,711884.707048023,192213.175346169,462861.627278665,538247.873395689,233866.311791601,142205.224710171,100057.613128317,125855.97277819,81502.1658626135,67882.8576788884,69198.4442498887,58709.7420580338,49431.7593887353,49159.9397531609,55039.9697202644,65226.5987762213,55873.0453889617,131695.326925203,134283.659195701,85648.277801167,27095.1590241957,15126.022754999,8850.42726588036,15237.9143476763,19130.6121976485,22471.5479683574,18070.8381716742,41379.8722625689,33475.1275715175,29016.0369507694,8416.8300515428,8104.83553166585,636,508.325974522836,1201.04043924175,20.490081554557
"93",432.75822628937,327.447485793555,267.45844137379,4166.72983711391,5940.26799415961,283.465194478545,350.098881913484,784.386495637768,5172.41471032159,185.264712492281,192.270627878133,6971.97216457826,329.373485393358,843.767408238958,296.828871221515,215.288676621238,163.899467789274,1077.19594303959,8.85992470539648,47.4741052926231,83.3295212588034,68.1424709000289,376.036164267338,216.511698640082,108.811836472796,644.050709355545,110.785404523335,63.3097200600897,54.9463746630954,18.3494675801013,18.9409098044054,30.5567854602155,45.2004099516236,53.7990923035428,340.963154248424,842.623043435005,248.719576542478
"94",260,690,2780,10,135,110,105,60,60,400,0,0,0,0,5,0,0,0,0,0,0,0,0,0,0,0,0,0,0,0,0,0,0,0,0,0,0
"95",11535,33880,3475,11230,6415,9090,9400,7895,11970,17075,NA,NA,NA,39415,355,355,10,20,NA,163235,115300,310,165,55,35,140,970,10,85,570,210,10,535,8155,35,90,25
"96",13146.404766335,9749.37054623608,26145.9526037536,11073.9540669323,37152.5299692489,8242.05640076166,6799.77847942517,2669.55148299987,1746.13707273302,1929.43271409188,2773.76335854681,5684.98690091656,4399.25442117656,6490.15085013337,537.119163783588,427.316810097911,454.727388003339,1017.245671508,187.344258091572,186.077832673436,222.508476380556,272.703697578593,327.806493664451,367.746904678341,312.929793768637,346.457623073537,391.392151242721,448.487801204404,492.337520812489,344.219677157534,424.122905535229,444.31911045112,683.793745202808,809.347386939268,612.68441557964,480.882596392299,451.214971501065
"97",NA,NA,12614.065407153,32427.3634342397,73976.7873840622,96658.1769362932,159188.690930906,168100.036226453,196172.506016527,176896.820756474,137592.835643633,93569.4844242386,92180.7822344344,84623.2192334719,159140.043460132,110483.208873177,85389.4984696609,213874.168732926,184819.274729478,107686.524248237,68204.2470740381,46997.5473569039,80595.3359530805,99060.3107132493,72257.8185255065,54243.5483866831,84380.2197490394,712.019643223085,2330.04630293597,4801.48900105171,7440.54924008502,491,369.849551773653,1283.39043813541,208.348672261613,648.942915936033,1161.94749649658
"98",NA,NA,NA,NA,NA,NA,NA,NA,NA,NA,NA,NA,NA,10476.6427875328,9863.30271327973,9402.41078171662,8925.19166530441,10340.5887929051,9373.2555240561,8851.30091394711,337,66.6000142183656,113.83236887214,410.786117126569,1111.90506361758,1667.36558077366,2409.82270756224,2679.50216734595,2765.17887460054,2817.09144380679,2882.91565449745,2913.36299039928,3429.58683855061,7.50364202998287,14.9323367739755,57.5136020673131,0.354404688860627
"99",272333.229628991,200410.867370394,134679.508752355,176691.205346892,75783.4319312897,32824.7449931418,60204.5694671631,70770.4925098731,53916.4924240832,70919.2363378337,76643.1667537559,79473.291953834,88138.3089225638,27960.0843439603,14752.1168492125,53406.9004450786,81668.7281899738,46591.9417229741,46312.9902584365,85992.4015941506,42090.3734809574,15792.9103525666,12162.2583669921,9940.68671060267,108.209419893784,2577.34198432891,3969.67625534948,869.847667457682,2259.75160826084,78738.4416258805,21969.1004544981,3111.85666220666,4281.75145748366,4958.92393851545,28806.7588420471,24490.8130238195,27182.8036860518
"100",7850,4640,4980,12630,20965,4255,2005,1580,1035,4655,8475,18455,3665,5635,NA,NA,130,250,NA,NA,3165,19450,NA,13855,1460,5,295,40,1645,NA,NA,1600,0,1180,410,160,40
"101",670,10195,355,65,45,160,20,20,50,150,10,0,0,0,10,0,0,0,0,0,0,0,0,0,0,0,0,0,0,0,0,0,0,5,0,0,0
"102",31160,66365,40855,66075,46990,31175,17540,13150,3900,20020,9480,3505,2790,2830,2040,790,975,885,12085,82635,1545,695,325,175,15,0,220,165,105,395,300,255,10535,15305,7840,560,5
"103",26190.6122805277,24828.180777264,19515.8312599097,20426.4947631319,25356.4228116897,16410.5687223794,10218.7555880695,7536.91365704771,5976.79494929786,7369.3653647619,8128.19135940873,7055.47695132043,3637.25854061186,3157.77099001678,2490.63369542178,3121.26397362669,1872.0106900242,2634.63026900334,3472.75668958278,1728.99202119119,217,321.426780579236,673.430577820023,348.166351272558,630.449194505489,658.833125629894,693.368793757602,275.645568140489,492.265024663239,3506.1379220671,2549.28981157763,2136.40659880517,2321.78556105706,784.198795812157,916.949204157199,982.866884976441,318.876103851956
"104",NA,NA,NA,NA,NA,NA,NA,NA,NA,NA,715,1000,1245,1430,940,175,150,90,115,95,35,515,5,5,5,5,0,5,0,10,35,0,175,55,250,110,10
"105",1070,1215,105,175,310,135,765,90,60,80,5,240,20,5,5,125,5,NA,NA,0,NA,NA,5,0,NA,40,0,5,0,0,30,10,0,5,0,0,20
"106",NA,NA,NA,NA,NA,NA,NA,NA,NA,105,30,1240,270,50,10,15,20,15,0,0,5,NA,NA,0,10,35,0,15,0,0,5,15,0,180,0,0,0
"107",1371637.54348049,624087.916918174,973251.687318322,213543.458676164,111929.360745472,183112.977693987,311762.737344288,84723.342871318,47632.364979289,39288.3865107461,40181.3472211197,72912.7560585651,100940.063025872,60792.1182158799,43528.269760755,29656.2933466918,35166.2434278903,91238.1621352292,126342.306310261,93716.1284501141,48848.8765512308,70469.9872062562,129629.902110577,78848.4966023555,72378.223036307,26536.3769574696,26780.7669255315,20184.9158866438,7082.03531861955,8112.43149998308,11308.5283485886,9887.97048969041,5810.13009504927,227,234.866104294424,695.118372907352,3.68643870740433
"108",60,0,0,0,0,0,0,0,0,0,NA,800,NA,NA,NA,NA,NA,0,NA,NA,NA,NA,0,NA,NA,NA,NA,NA,NA,NA,NA,0,0,0,NA,NA,5
"109",NA,NA,NA,NA,NA,NA,NA,NA,NA,NA,5292.76236264371,4929,7694.4163630779,7037.49430425709,10170.3873067549,4455.34829133494,3359.50141821092,5825.46532879714,2905.57551714123,6048.73859102436,4250.35777691135,9861.72375480493,318.527930601313,182.579924562194,134.031557202529,205.747274949601,151.481657123328,96.357596172022,69.3986213665293,52.4437952824063,41.9544158866473,58.5323270815122,129.073427698103,81.0949891150156,24.5464132614771,12.2606653666541,7.35670987748345
"110",1530893.36766988,658504.017544091,817692.290885996,516695.800774763,541805.605692447,203792.744723423,118998.907392977,141627.352639091,228235.517573273,137511.373981371,79192.4895722028,50849.644480326,64148.8279715475,111627.186162599,108013.972787581,82341.3706995694,119493.45570912,134358.086532352,269674.41601179,275290.825297612,122916.74661444,106674.253878048,531081.019761682,286804.896510842,1125.93028895492,10960.1702634539,16498.7733174775,7733.54786077866,19068.7555082659,24610.9067455289,10474.6989066722,21354.6778684961,30211.8256553002,12635.5781258065,27168.2480303827,36652.5128854478,13106.3614875726
"111",NA,858.722410867109,910.609758328317,2029,8594.05358350739,867.793625009011,1019.54298419117,722.521340672272,642.185495659645,536.755545479686,503.805180847301,482.704061060665,3154.25181686936,35347.0600364933,26352.4889787479,114.121912657838,7.70744786262268,145.074758718826,979.696921965079,1221.73728516448,926,51711.1410362024,4420.4209535662,2049.18571963828,6919.0663879628,1695.41174483527,1236.5211130136,341.272310276316,429.36101843967,288.514591758665,240.801554115365,213.193140382749,198.265501196646,190.236960531649,101.881238846106,156.282145091497,205.921079164785
"112",55680,31820,16840,25790,119130,49120,13880,19575,101905,343910,25385,2665,860,640,1220,10,0,0,0,150,15,0,220,320,30,115,0,0,0,0,15,0,0,22560,0,0,0
"113",2.32785927480643,7.54324128553194,16.3302126371532,27.8339869741515,41.5608256556709,57.0315166823685,69.0821312401548,82.9926123430433,94.2936844207569,103.01805624054,106.842578533851,108.206185304467,124.004450453709,133.880148207427,144.535286455681,151.760134637833,164.358841306107,160.850626433038,157.721445355298,157.832732112017,166.7154111938,165.769735996589,1127,160.892434779092,159.028269176774,156.314232219257,152.660215846782,149.478622236895,148.042774020765,143.677585738559,139.595321476421,139.864391645304,146.52091517035,146.81300169147,146.99898303989,147.245491690402,146.632681876333
"114",NA,NA,NA,NA,NA,NA,NA,NA,NA,NA,NA,15832.5147742508,38948.5293694284,23821.1545325065,18423.7085383303,61129.5104491161,34142.3645944435,23910.3822213295,12058.9531670088,7820.12358748792,5639.2186310384,4265.82189318853,3429.62311146278,2746.10694042734,2232.49838038189,1853.62227755868,1554.78662140862,1645.99890663596,1437.63396146854,3145.08377196498,29945.8338948425,10946.0811163333,6617.13412365487,6810.22082098128,1668.12248702044,658.033789957487,457.912420951448
"115",451634.100987786,925412.583102802,471357.035689779,263639.899236789,354796.077081292,257521.427491269,237928.356828422,239424.053467156,199621.196976842,111685.02635664,817803.652206429,425525.836580354,554099.353509284,227367.199360765,186657.102889064,592717.701519902,236047.009260619,532489.417688266,199559.135018895,126235.334835386,219713.095268356,1429.42336914364,15192.1331645897,25347.8025469747,3876.13261851381,15640.7313881957,22736.972454943,8023.74023667703,105406.98597602,109171.232231218,69173.2663560938,23067.5869790248,30870.4278491027,45948.7451281717,48626.2886632699,44863.6476981797,52699.1700486109
"116",605,7650,3100,290,875,9220,230,85,85,30,40,215,15,40,135,80,25,15,5,10,10,35,20,20,30,5,10,5,5,0,15,0,0,0,10,0,0
"117",1230766.06121566,2091476.16475679,1516227.18420509,1328607.15607589,1313164.30119094,455679.94213841,468894.910501674,380892.860105752,331242.798675327,349969.357925014,358992.360353329,190335.781457001,219915.295744817,167515.393214636,116341.685904454,138069.957098668,100280.871685207,120129.241501807,83898.5824246733,79794.7692178788,200902.123942681,101339.576547644,74681.4258492996,103211.670001923,52240.2161257679,68693.582263246,91522.5009362761,30076.1107128196,30395.1836696593,22747.9096740005,194254.362597726,174566.847170138,78744.360223141,48743.0046039115,16172.0494996105,10769.4279002289,65655.7800085407
"118",NA,NA,NA,NA,NA,NA,NA,NA,NA,NA,NA,NA,NA,NA,NA,NA,NA,NA,NA,NA,NA,NA,NA,NA,NA,0,0,0,0,25,25,0,0,0,NA,0,0
"119",37975.6993696266,51587.6150282373,60176.9920259849,57847.9207420522,58161.9801674498,61562.1296163125,36466.9316074026,25765.2118968829,18420.2414008029,14027.7930554368,12339.2626018167,11009.2829160797,10063.6413393238,9672.76144929475,7519.66414389269,7082.16432778902,3791.23405533555,3857.02912386511,3905.68601637755,4132.83183962992,10677,3109.54345466041,3014.62636061224,2937.51392539379,2881.04605890824,2854.92478453044,2831.26447780464,1951.43306100713,2042.29975446988,2144.19485711822,2188.86823219796,2226.27919641714,28.5412069381674,137,20359,30273,9
"120",469382.645389421,312537.20078753,307027.39493957,327518.512658637,436621.39636652,422081.388627003,335200.422517876,317971.170721846,640613.681591722,474874.470955077,166637.843361825,102055.587577013,152007.713132923,253683.410975851,129108.334911539,242963.171621234,409448.173499239,411166.242948925,147421.039514518,193397.237316606,188742.279237734,189734.253443884,239123.268016862,246468.416552655,330862.342549879,4527.83531706858,15527.6581385807,17769.6389702949,5730.23272870977,60771.9288268337,33191.5833700651,8095.35783160376,12301.3734278412,16255.1789001582,17651.1701625219,50868.840650878,9524.17748577208
"121",84034.7178335731,50959.8077133215,132598.828887771,83502.9052989703,118084.862872165,44364.3396689628,23027.0277027187,10126.4174076228,38528.9026244856,17434.4235025892,34076.3195789582,37483.5490027144,42857.4640566376,24147.3725283227,8909.16083870342,4161.83684557005,5285.01047890176,10134.3672687563,40748.3360099756,18682.0129991153,13720.6446956201,9261.46191557917,26405.8560673299,37178.5270294382,194.944401515361,1619.96576990575,2569.22705587309,3247.47167031601,5100.3977143254,10152.052965586,6929.70922806755,1595.15282302255,2478.39865885106,3246.20505175818,86.4827994887687,1490.86406333872,2650.80625339277
"122",394.130358282145,872.806626350679,1308.30933128285,1779.04284943535,2147.28011935402,2480.68985396637,2853.49007589326,3171.50798062589,3371.9388896859,3626.79776127958,3659.80780415508,3750.98003747686,3829.72067759228,3882.33408477242,3864.0625559155,4304.8636354065,4281.60591175825,4292.35011739232,4381.44406378613,4398.02057148355,4318.63539355371,4333.44714110118,4044.68328931464,3761.66745139324,3533.40106798369,3318.81951342701,3132.2990611067,2955.01695497555,2795.1507243121,2645.38675001118,2508.737586219,2382.58760269496,2182.76462417273,2146.2902428434,2053.42759170267,1974.83312107784,1902.93199625237
"123",84610,126654.980047852,246455.774421746,234022.201049968,279588.594797749,267303.471164316,255223.173120468,217640.581422086,211193.879730309,179322.354974236,126378.780054487,116408.227559866,96049.3174925916,86153.9697894034,77428.4887453284,74390.5850269866,74917.3399410645,69967.2378893745,2055.6881695629,10865.2548691904,21314.9965854161,37118.0635231048,47886.4120810078,55842.3860110443,60976.5905091216,12829.7407186827,24222.6733565866,33815.3957683374,7901.21907253806,118712,49863.3037843492,55888.1755730024,60908.1402596866,18259.7716969932,29588.0313499196,44145.1533511451,15578.4906724846
"124",28450,46340,46565,40735,25815,23495,27145,11520,5135,2815,1375,1815,2710,1730,3270,2300,3135,2415,12880,30935,10990,2040,3160,28645,7035,2820,1970,1670,765,365,7845,9340,975,22745,6590,7845,8545
"125",NA,NA,NA,NA,NA,NA,NA,2213.1514707592,4901,6629.18712489751,7186.29841006503,13658.5580174174,14308.361518504,13271.2338146877,14608.4991946292,20708.0640673039,27615.875751323,171.604693462607,82.7215755463692,296.41738640602,200.480379905007,4076,3138,281.725699683844,567.147648890627,1034.36045704037,1540.22847604135,2048.198102669,5093.91222836546,3759.23261304101,4346.32524035662,4864.36030253231,103.489870190998,291.006364382944,166.98154941095,6.60193243809839,96.2172171455387
"126",324623.865611695,298972.879306594,229892.531174461,319747.59259221,509630.905979053,163616.572554842,119696.75805393,131360.683611908,173696.489854942,159965.362711456,827714.654124671,264870.046058162,275555.907453777,365627.955877068,523260.883081852,520652.557937654,264346.649329141,126490.498345649,270509.007827814,181769.69448526,477702.820996098,261079.335307848,407175.376762612,473038.35393979,8840.63241221525,17794.7313104751,24406.6921488499,30424.6848282982,6202.00544342813,15991.8012816787,7775.50517141634,17051.2081424659,1224,12547.7212867637,56245.8418570519,776,14310.9824994776
"127",3156650.54337796,3080231.37230879,3014794.79934481,4087481.09407569,3567331.77923526,2565885.18445363,4531783.7204004,4326895.64402221,1102909.65363183,2708679.08128919,2492401.14058896,5101850.7336075,3151129.18729394,2363000.56536976,1083093.97348157,1957736.32321945,831950.499859761,3471602.28431875,4894426.77229486,4690579.06156133,3712619.49736577,2564716.08667667,3112247.00097954,2047451.69104458,2450951.46911334,340766.170806921,248114.357959157,629501.949967567,99463.6205767075,500128.310897993,542575.023806069,212163.76301967,1202707.12562769,325494.816995251,415010.087536335,516518.730366532,228661.828759368
"128",1120,1130,560,765,4780,12750,3960,1570,0,0,0,11660,1695,15,25,0,0,0,0,0,0,0,0,0,0,0,0,0,0,0,0,0,0,720,0,0,0
"129",2,0.915618876749142,1.19225665992439,1.56054530337193,21,7,2.29908630800962,2.3729306633297,2.42050233065088,2.45551840831019,121,2.59264254749839,2.5979574916712,2.60752719604108,3.1524996771611,3.17568819343294,3.21274341559794,0.0115918763831816,0.0126911347057205,0.0138122205497228,0.0149617528529173,0.0167064750628362,0.0210456595715995,0.0224676370634041,0.02604718258083,0.0277390580233505,0.0296962305167675,0.0315392397926021,0.0334668590917951,0.0354393448657769,0.0374581216010762,0.0384446560217314,0.0394419017239157,0.0404497448481448,0.0414681138707205,0.0424968540720156,0.0435357955306729
"130",385,475,2400,410,120,450,1135,7595,620,80,295,2360,2340,1510,920,285,105,45,11840,5095,NA,15,20,55,20,5,50,545,75,75,255,50,13160,720,35,30,80
"131",22930,54870,30905,8875,6560,6095,2815,665,65,475,85,365,35,30,90,115,55,NA,NA,0,20,25,40,35,0,0,NA,20,10,15,195,20,40,15,70,0,5
"132",1473.79091023775,6519.47023459969,8920.4996146375,13524.0532019407,10957.6896934913,7390.75529511537,6365.20001173379,5420.95524874032,4904.68349646568,4669.31139792681,4324.03613396496,4255.05976634581,4037.54850013721,7794.85821430817,26364.8495998191,44163.2813456852,78839.8876175546,48127.8271709515,51211.7613715557,59861.6655763674,68853.2365998344,50402.679389736,81811.4119717099,78900.6935662468,26602.8535058826,13188.553983721,11877.7693677532,13664.2639605514,3769.31204083051,3670.61179864644,9039.3810827013,17703.9462721091,1861,973.578383744466,3377.90416981648,1269,273.719163963139
"133",11.4750475483985,21.5668720166111,35.1692544464364,50.2984874016869,66.1652626076596,81.918141830619,99.4131511572969,116.401269449948,131.972900509873,300,194.645297569601,203.438094597578,214.769886921253,225.51339098662,235.092475158302,245.483524433489,221.217557799041,0.727430737516197,2.91669643875804,9.93829125959887,9.85701509143808,16.1618026684851,22.0418853964357,23.4685535543914,24.4423287077527,23.5147080572886,22.6256962369798,21.7850165040908,21.075510624866,20.3173846592942,19.53560017916,19.3649663027419,18.9005161014796,18.460074692002,18.0153830304522,17.5931826678753,17.2376165845725
"134",NA,NA,NA,NA,NA,NA,NA,NA,0,NA,46195,NA,345,165,NA,NA,10205,820,530,325,325,105,330,165,100,100,125,NA,990,215,2985,340,40,1595,50,515,75
"135",203395,83225,45755,48260,20805,10005,19020,30260,21275,6310,1100,9170,15540,905,340,230,60,25,45,75,75,25,5,90,125,65,120,90,95,15,25,65,0,4525,0,555,45
"136",4071458.01451232,2182400.94704059,2129900.10890753,1791383.6108207,3366635.21655699,5466313.0473758,5833687.53898869,5609998.60581948,1166629.71595339,2726352.08125744,767782.909375573,602745.624013318,486100.622965165,413324.715831304,426355.48440161,380231.936533579,413557.236050535,453892.334360903,507129.585060304,450208.93059117,566614.761772984,598789.358245293,682302.653787846,651295.28164953,521851.883898397,886899.098010801,561280.554146512,179746.7121714,81941.6251788912,361708.189001296,458480.069035008,706008.122328068,1029782.91859754,91108.9314424129,9870.00299375602,147476.288452839,91609.6480725852
"137",21660,20070,2975,1790,21475,20995,9425,1890,1505,9455,12150,4225,450,15,95,0,0,0,0,0,0,0,0,0,0,0,0,0,0,0,20,0,0,1080,0,0,0
"138",50355,63540,38095,65195,46965,30495,31200,28925,5725,3685,5070,113025,8650,3350,1765,525,475,50,60,5,0,0,0,0,0,0,0,5,0,0,0,0,0,2010,20,0,0
"139",228811.094534288,565375.329877541,937157.932011215,1591410.76018805,1661984.33073601,1624998.19130026,1915661.31162467,1841863.53654109,1772717.88121853,1385770.94842572,1072478.73961401,1051812.92977476,715437.302434214,531940.263117936,445803.790473004,479182.529323723,434213.63551878,357772.139486583,4413.60709707571,19682.6946843145,46368.0912667923,83489.0933934816,135744.111953364,147282.115489741,56368.3255034712,70532.2633960368,84087.0891205197,42862.5495158119,50168.924561216,80356.1731454236,112526.331327169,51995.4749893761,64189.6571320834,230733.850418534,75070.6374882824,88685.3428475447,99528.3924911856
"140",118.827427721216,157.101191441281,175.278976615562,177.911328952804,178.590470575349,67.2789773536049,47.2636401536362,38.9289313880469,44.2513254312177,38.4927511923744,36.1008385418976,38.8848069995599,2052.89834736822,113.122284433683,63.1837917800505,48.4310646641477,60.1875544351967,86.8420607447575,49.6668429892889,42.7024511600209,74.8930184194142,44.6717347138949,58.4723863513551,38.2498233883617,30.411620474944,25.8740361794416,26.0613135444995,25.3865448308054,55.3338305392795,119.313433376622,64.7944348181242,30.3095755768113,26.1359961680104,23.4998697454642,22.1802684911877,21.2084562715859,20.5903543808141
"141",233270.275241016,173027.001425033,136245.338001648,133521.983742909,80472.1798408145,87462.5816481325,138452.676142936,90132.0419187041,133098.021306587,62593.0549883729,38823.519856742,92764.9719852862,110852.679606276,92895.6844390666,55855.8222907894,39924.1401344008,21505.5253202104,11798.6919960555,93723.0667127591,95604.6564877061,58374.6515316957,83139.9876232221,55197.4831672542,27361.547639054,16308.3584154616,3447.56842117545,6084.81370214876,7380.09065326917,8084.99585960136,4899.26887606157,6538.45507269406,6962.71529366574,2722.28730398303,64439.1873905801,19042.0424460819,4558.33579769143,6987.8651707823
"142",176415,38100,56355,272015,178400,34030,6430,5025,36125,282355,12095,18475,7050,4320,3760,3195,1690,11275,495,385,665,170,240,55,65,600,200,NA,575,65,NA,0,420,540,NA,NA,315
"143",390.838984455081,1150.9998489476,2314.41253840488,3865.61426704278,5624.93404400064,7508.5915294155,9923.09114752094,11789.8961111232,12234.1503835923,12715.1179279138,13191.3504414502,13624.4486784016,14056.9377807473,15137.6813843926,16910.3737712965,19510.0141559789,22993.7861256986,25888.9947008922,28118.6841748166,12844.5565303847,13525.6906229812,13989.3011147504,14544.6571748736,15093.7426821492,15607.088577986,16118.5409689673,16531.7929537034,57.9633502421543,61.2374035098179,63.9918620193105,66.8795070439994,69.7913769701347,72.6749238401678,76.0069709400165,79.1991363780151,81.808902936397,84.6604517823746
"144",NA,NA,NA,NA,NA,NA,4065,11425,58955,2035,1375,1040,4405,16150,960,560,645,480,250,225,NA,40,40,25,35,0,0,5,15,25,10,115,5,25,40,NA,170
"145",2140,2655,6295,4895,3330,3050,8710,3775,1930,6980,2630,4320,10330,610,365,65,715,350,0,0,0,0,0,0,0,0,0,0,0,0,0,0,0,1665,0,0,0
"146",13458.5591870443,4964.20216252815,7328.99673246955,7850.56723429754,13115.2627707172,7928.30930454149,3992.56424632747,3467.25097811719,10553.2508690825,3323.49471855829,4959.12209012156,1446.25712107493,1056.46471790293,672.370549910281,416.773803503476,402.910732778683,4863.29232642014,1541.01965048801,1503.95374350323,685.393350637196,86.5471633027424,192.434679047907,228.048001872449,260.106869613248,492.715573524668,1056.84417972297,3010.24152798628,1237.23412919975,1049.90890365781,2155.72909953548,1305.61343758266,1379.45440426471,987.277840364818,1655.6516795541,863.027593795096,652.01764704303,478.691278590435
"147",291701.793455856,771640.568737822,106689.670588178,61748.1145960492,67689.1418381034,372105.528012658,161779.077249939,72417.8698392106,63087.9947720127,64652.189860026,46722.200712224,67218.7174030078,295210.847010256,110913.741146641,60587.5726346311,39810.3877217696,222594.654797685,129667.79793517,1587.22611244878,2587.39866595024,3698.76934251438,4794.56886351304,5815.09183642121,7074.69450025236,31576.4922602836,39906.9023925731,27574.1955981835,21177.2365830755,18057.7599809594,16818.7047375667,35944.1798222994,72175.0609945954,42745.4038485739,27221.4711756614,20991.010973062,29634.1524209441,82880.0511335043
"148",NA,NA,NA,NA,NA,NA,NA,NA,NA,91850,102245,92850,372315,143360,33150,35600,14370,31075,37140,24000,10360,2900,16455,12220,2270,5735,865,135,505,645,3145,10615,11695,16460,4215,890,3605
"149",588721.780875551,222336.973596823,125337.900594014,108252.122310507,105184.866027283,286612.88527502,85913.2872756828,39243.2992993468,36529.6200931765,54004.6013897411,39161.4226924983,109151.763305682,64839.7629347009,51762.9728258093,200715.985014098,44333.7465421213,21530.1296244521,46420.220029099,33483.4848591465,24411.2176986855,19632.8371499784,25337.05259686,16775.5559846693,840.485839464485,4310.64151426989,7220.12800045454,2441.45228841961,5177.48715689583,6498.64117111379,3114.31855999056,5425.83045088052,6667.62853736514,6944.81075886875,414,2093.65530342455,4028.56920975311,145
"150",335856.867677762,310184.173221341,427850.593776204,284288.132046631,176602.290462945,212535.456127537,273595.354523633,104060.264414254,51728.8813788073,55574.7952435085,58600.0385505289,107137.572817436,42416.5407561892,20121.4192729988,23665.8977498513,23386.2002855109,35526.5000900488,50035.8396881884,20188.9383162366,22405.6674362806,8239.67976234584,6152.64365339291,9768.88689162111,15639.2113494696,4597.02689384466,6873.47546830592,40208.2913784856,1650.07421200516,1971.43126979547,2670.17880747464,3314.49618409514,294,1164,1161.32943748853,1722.04016933842,1874.7310788915,3153.55488802304
"151",1641899.29527745,2807540.8332427,413402.791264253,288352.760330944,2963585.50912215,1130872.67902983,343847.131481675,363776.528133148,568984.441314648,575393.792450338,1123654.30669129,733751.012560429,285532.434131872,214986.394843959,189820.200437571,206817.199922987,173019.126984405,178943.454806235,235731.566433969,238411.148337886,272909.207437142,289770.472570556,283546.465004248,232910.681656749,74314.3609530828,72050.9483552014,61044.6696005867,67637.1117253491,69138.4854610467,90309.7688575259,149165.450038593,187559.601204995,138762.063045621,2315,22049.7929657257,33649.7864784149,665
"152",617607.689426576,504835.323080163,407701.752563672,292000.073780841,272548.442695312,117553.299765707,70139.2477777666,46774.0021651681,164163.504599964,97555.0811935736,172299.492282285,233170.710321445,224629.564319939,113825.938709181,114917.891883352,125572.18528896,110539.119503876,109779.311672099,79067.106296291,100809.218593664,392029.353041982,282295.543353367,84505.4094896251,726.851979312436,8672.21380182528,14208.2891316481,5283.48119273564,13537.2333734558,26008.9679224487,26932.6779378424,21898.7413388528,22827.7150648607,23130.6194516236,991,8272.4475239277,13230.1660799015,134.128140050471
"153",3855,9825,3385,12085,680,1090,615,960,730,715,1080,3030,0,795,925,NA,7065,570,325,705,2040,1055,165,480,165,115,75,90,80,250,740,0,0,1280,NA,NA,350
"154",NA,NA,NA,NA,NA,NA,NA,NA,NA,NA,NA,NA,NA,593.575810408006,819.655087276696,888.501767726271,1141.39639827461,86.0056697233599,4.66674384253628,27.7680375255568,1006,235.999363028907,412.742011213784,616.59454428466,867.279450850863,1013.87116983594,400.171685991861,698.253791659675,1056.50055759048,499.176799289368,715.225864877801,686.023737015047,71.8064277749442,75.2377680050743,25.5780597454248,2.85373212711034,3.73214183193974
"155",256570.495737594,275869.241676192,291815.286086797,267592.67040667,220061.200699782,44317.59793725,68268.4763986,34885.1091085782,47576.522350764,59763.9370896456,36928.9627815458,62801.5458058402,150366.717051553,39900.5988268454,36108.2265172364,82342.4916072104,42860.7074150153,90441.3992850591,82406.905872844,113157.320072053,53477.5962082606,42227.1579319253,40670.8562774048,763.796729259797,4500.49340487754,7811.94302835443,2967.98817005654,6781.33908139438,7765.6318442661,50275.1836795381,126760.158137872,55117.5386291542,6040.10277904995,11813.6442176727,37985.2183862791,47954.2903718147,122564.139820891
"156",62770,18320,12035,23875,7065,1390,2025,3935,0,0,0,2545,190,0,0,5,0,0,0,0,10,0,0,0,0,0,0,0,0,0,0,0,0,2285,NA,0,0
"157",NA,NA,NA,NA,NA,NA,NA,NA,NA,5,5,35,30,NA,NA,NA,110,NA,0,5,NA,NA,15,0,0,0,0,NA,0,0,0,5,0,0,NA,0,0
"158",NA,NA,NA,19990.7521442044,45454.3858012554,69836.2028390136,86698.9025288861,95809.0561572611,112653.266586491,140766.308081899,161673.465364866,174825.39176287,183303.782651321,187503.230439826,191888.076077795,174290.271343006,196055.449925435,201499.432880904,243012.915404017,246690.444363945,246798.126681128,333374.452999534,351029.046022181,433737.14773306,335755.851901231,191681.797171045,53208.9231097689,17298,35009.6582085574,20793.5795103022,48526.1542954613,19456.5320383854,20375.1171008228,23039,16538.632511625,7298.54008802062,74510.2058308007
"159",104390,69130,64835,101165,126625,70740,43195,33145,80745,24890,4955,10540,83885,4000,2620,2290,23460,4610,1440,190,175,315,75,55,10,10,1005,10,5,100,1850,0,5,175,1915,55,3605
"160",7236.5739666386,1043.54186149965,8411.03581423195,5322.57980034348,2228.24313802757,2201.68086852819,575.414623732694,4357.46841946534,3330.85487517456,857.084570292026,366.287200036705,320.262080362129,3029.07903544849,12451.4562718636,1526.18588544757,578.522836362858,377.037633252191,918.000742305891,1412.74346697943,20.2401484704009,100.655281991337,138.381558196004,158.297810223366,160.659515241834,172.45765846651,189.592689547665,197.591414099212,1.46783853766541,51.5265671542134,97.9147955996734,134.603588846217,156.011704826707,67.9075271326925,122.608809358433,146.182210406559,60.2287077370617,112.932058047909
"161",3580,3235,85,200,550,185,25,340,0,175,0,0,0,0,0,0,0,0,0,0,0,0,0,0,0,0,0,0,0,0,0,0,0,450,0,NA,0
"162",NA,NA,NA,NA,NA,NA,NA,NA,NA,235,1055,2075,2755,145,10,0,3100,2650,0,0,0,0,5,10,0,0,0,0,0,0,0,0,0,0,5,0,35
"163",NA,NA,NA,NA,NA,NA,NA,NA,NA,NA,160,50,35,670,1990,40,45,65,5,NA,0,0,0,0,0,0,0,0,0,10,110,10,5,260,90,5,40
"164",17700,31115,23130,5015,1630,865,NA,190,310,145,125,285,125,105,115,220,310,NA,NA,295,25,45,15,25,65,95,5,125,15,30,130,150,255,140,110,15,205
"165",12960,45925,16335,23970,16265,11265,21305,7905,7305,7325,7335,10210,35740,3050,855,11005,3045,900,0,50,245,185,1750,0,0,0,0,5,130,1565,0,0,0,185,0,5,0
"166",20,1735,1335,95,50,20,10,0,25,65,30,0,0,0,0,10,15,3130,10,NA,0,0,0,0,0,50,5,0,0,0,0,0,0,0,0,0,0
"167",3224.291980749,6329.16446097964,10806.2196327569,17128.0911115146,22548.7458220861,31908.6562545836,36535.9268454041,38630.4776412385,39927.1834420245,40279.7712945792,40099.2982098279,40015.4982795012,47952.0869674268,50869.9376617091,53930.7047824971,61495.1286354147,111791.029366757,102189.475679942,345.422081985112,375.687295690707,401.893541856851,538,801,498.952863902002,530.383698595834,565.794889350157,598.991612780547,126.69657367045,135.878640726016,148.146219689502,158.968832030991,183.946438617305,740,1289,45,66,737
"168",NA,5160,6921,12140.73182107,25989.9461278749,36567.7525306436,46990.0192407452,55832.7687148595,80577.03208666,99558.931946839,212402.770070667,278438.746968674,326222.745552473,258182.231511585,312622.580416932,365872.540790569,286382.70742888,262650.358644893,204285.629281476,155180.034325953,232192.949821823,188321.956550598,204071.531765302,189745.8166661,131367.432965716,36646.5546934946,6377.29956672052,10118.9130631721,946.440146532807,8650,262.003508430245,305.169425327635,1313,418,118,14.9029266881608,284.8501947516
"169",169608.711225167,157310.003134946,139005.363040529,189847.960413256,186681.981992181,96551.6579159749,72649.3277580279,132803.269094816,37589.4406763435,33656.3598045999,73796.1488194535,52074.5827124969,33471.4035583259,52161.3482688459,46091.4813431633,16778.4313027781,11597.1948648887,27397.0238256558,22568.6753898668,27272.3030632912,20942.4614021302,363,3022.39475983361,3864.18811224738,840.592424613017,2145.61845650235,3362.93962504498,5260.54228505867,2996.39189356725,4468.38223433656,2031.54725864862,4240.51625514925,6732.27081484804,1530.7011618723,2527.00205064176,3137.83462992532,490.125030474646
"170",774784.379134326,887373.332683896,1106897.01988811,1522823.48026281,1035098.12864044,648342.037158138,1463820.4001147,1151951.14579296,522869.796480792,998111.481616329,851984.332225509,326322.395068225,587524.636237201,1408101.92952518,437737.417611831,216917.233031659,520275.17126352,438048.07494006,148445.765430736,130316.568700906,238954.430884516,207844.055706947,149356.751743187,125776.71096714,112960.78992648,113422.956833474,122342.47457009,246500.219754248,195384.063492494,99111.4518662847,97287.6795713761,164782.933178282,96206.8039998549,51568.5111720398,22074.6949327032,21862.8312545502,54848.9039676079
"171",NA,NA,NA,NA,NA,NA,NA,NA,NA,NA,58103.1067423502,61555.113019757,77203.7156230633,64161.7194942065,53810.6172426342,44735.8907642775,56824.5148582589,63592.5050696898,49687.8743892823,40081.2601323338,33451.5553901482,31635.7517461775,34942.12165074,29100.7583105881,127.176487327224,216.857207775923,654,466.418725925699,619.613585440656,3.2238567089988,15.5150676080829,46.0580564723316,93.5325095768744,158.38532289279,216.507321438878,287.071131480342,430.447576475402
"172",NA,NA,NA,NA,NA,NA,NA,NA,NA,14030,6730,3460,12430,13065,1965,480,1885,5175,2260,565,45,55,5,5,0,240,295,0,0,0,0,0,0,0,0,0,0
"173",NA,NA,NA,NA,NA,NA,NA,NA,NA,NA,NA,NA,NA,NA,NA,NA,NA,NA,NA,NA,NA,0,470,205,1015,450,0,0,50,250,3815,80,20,400,215,10,0
"174",935,95,180,25,2060,1165,0,0,125,325,90,50,0,NA,0,0,5405,180,30,0,20,0,0,0,0,0,0,0,0,0,0,0,0,0,NA,0,0
"175",18005,6420,11960,17780,17745,13300,2205,1940,10850,2555,705,0,0,0,0,0,5,0,0,0,0,0,0,0,0,0,0,0,0,0,0,0,0,30,0,0,0
"176",15035,9140,7320,12405,23830,18700,2865,1440,5735,2735,6250,59360,7065,2985,3380,2665,1855,615,505,235,1155,490,110,5,75,15,20,10,5,5,55,240,80,735,80,35,25
"177",98022.2314162153,132443.825283564,199373.731213163,289157.573566101,314463.249415445,275903.235328145,247993.683006955,241113.419891513,284631.987273673,278177.864720539,325474.151539618,366169.061761305,451088.718194503,451229.6443017,412561.111996782,445049.990053839,418485.904786669,418649.871768301,365604.41528274,329702.628023539,359107.949672498,293682.46952511,244776.91498836,8927,6200,1335.42799666241,1436.04545947173,1526.88150117287,1633.59301177798,1733.0120575635,1845.14881813594,1950.57335506395,7405,2821.52637944268,2979.19494850264,3081.83736045378,3219.66535361814
"178",37.6008446323155,67.6548418373587,73.1679906988296,75.7212682095378,70.3967148789035,76.7782688103419,284,84.426575575998,83.3888657950114,75.7383523814179,81.7568201232824,85.9172226624196,89.1718895488405,86.2519108341825,78.385467670517,73.4720349856596,66.7634559026188,61.9373315098859,0.214405855255632,1.09053117817435,1.16600122071043,1.27180125548595,1.34438794743596,1.40834617750254,1.63186658677403,0.0150590097446471,0.0282943167890664,0.0505529942925769,0.0926640953211989,0.152013765381454,0.188421747584877,0.218799066310081,0.255447546602565,0.267903130466293,0.309458406955624,0.348296042779414,0.391796552062944
"179",1031627.01798712,1087637.59001749,713282.983038874,422716.077949418,477131.964919453,395822.263119946,436419.000676183,189331.721001047,106482.093210619,155706.418429605,281424.985224108,164083.730417173,177980.909170452,85666.152214313,63724.4688064663,113732.518790007,101726.73910562,120198.519538196,96288.0353380884,155129.516283017,124198.149143182,65282.4518668174,42870.1094691206,36862.4995652804,29287.0148561062,15111.7600366188,71240.7122907959,47143.3345647017,30250.4800181386,19320.4842264347,20060.3606552562,7940.35927001385,6996.5913911828,9831.62006161168,30.937247055384,528.885894793761,2147.81131877046
"180",27304.9835155932,85256.4516549387,197865.158328984,236731.669615757,252297.472219565,263389.915646108,269664.574692931,99768.5517994325,66197.0337631436,59544.0019458341,70905.9559318479,409417.049150914,399104.857088848,603587.532610819,538684.375080926,383883.854971885,243058.42705744,445558.054627828,492370.406357792,515963.67199903,374555.16410338,562477.570191079,419506.936931196,1498.04429482075,4557.81940714281,14329.3515846514,26272.7872316275,29973.5709747763,32875.1175105096,7494.95334425021,15147.0666345825,21479.8458914662,7878,11102.3842786726,15141.8433431349,3567.00369254165,7446.38292039072
"181",NA,NA,NA,NA,NA,NA,NA,NA,NA,NA,131497.717259215,144536.881803947,378582.458145814,368599.710712373,327343.386590414,331905.618557715,328929.578848399,316537.35532324,282563.184820475,251493.941022201,324192.807869848,333111.884910091,287794.373615767,250398.545979703,233693.274884676,1002203.94937407,768627.089956675,602804.615755524,491766.586568977,411591.45394754,366015.469646396,408883.852134264,348736.698941295,319765.512927282,115117.56767518,77187.7899669748,85185.2362787702
"182",77325,675,90,1760,800,990,5950,380,100,550,10200,935,80,0,25,10,10,30,170,0,0,0,0,0,0,0,0,0,0,0,0,0,0,45,0,0,0
"183",15620,8570,7485,12935,14110,31410,18275,16980,90965,138930,48215,11155,1560,4790,1545,2445,690,500,500,425,580,205,280,185,330,275,215,700,355,315,1110,0,935,2560,940,NA,0
"184",NA,NA,NA,NA,NA,NA,NA,NA,NA,NA,577460.852284018,301378.708245136,354660.58441162,247940.561688282,75884.589630897,44119.1510798695,40096.0880838071,125376.546713283,174591.094366313,47531.5136017159,20467.8005512805,12613.9129413662,13085.8490186311,12573.2074839797,101395.567394898,119180.836445093,122945.289718342,569.474038743637,2559.34836340729,11015.2335752678,61812.4202080504,207.794137167208,340.053614791496,585.068163075017,1120.58257075907,1256.13193365544,1348.58670784175
"185",95,3785,315,75,25,10,5,50,5,5,0,0,0,0,0,0,0,0,0,0,0,0,0,0,0,0,0,0,0,0,0,0,0,0,0,0,0
"186",156275,71000,56315,59165,109870,70130,96305,61695,50800,49405,76365,59745,101220,76820,860,445,135,20,0,110,575,11960,0,0,0,390,160,0,0,0,0,5,0,3200,0,0,3635
"187",709971.070381256,1107647.77011756,1477784.87258419,1679018.86302618,1691765.57551103,1557876.24604521,1482542.93150557,1313813.5757906,1107127.88551269,919492.005315329,805467.73585258,720778.304447538,648133.517229582,554225.559030454,515963.321731319,481384.169821074,453097.538981919,430196.736263511,416617.358547787,398136.011867165,380792.693687618,371734.088546764,212053.979959358,104558.1068408,130223.222429042,127696.869146254,163276.206544514,152174.481419542,172166.155604996,180513.362886056,81109.7741638796,95356.3691792443,111253.127024766,18597,256,1082.02289868029,227
"188",660.124782483882,6348.85515087546,2879.52779968598,12348.253885881,6056.00850582568,6881.56762305357,2225.95635388928,1245.58709540354,1212.16381094803,709.654162245247,3784.8895090778,1440.87832214103,740.148637065059,520.394698638166,436.952993253403,332.004974369552,717.134845500313,1127.04294138247,19.2051318799904,132.219011067139,212.344475947158,634.804491200432,1078.01172732889,1597.22407357171,624.387982753867,433.967134623919,34.8608526053832,41.3110634356827,44.3015046688373,10.0507802849438,21.3048177114979,40.3813911238333,55.1091442262495,21.006719046225,104.476702181574,163.850943719491,29.609654365263
"189",212.828429765554,193.48784751508,306.313792705734,405.249181484128,2919.44393383601,2420.18585330987,2226.20776460734,2115.53676234373,1952.50661867327,1754.34690927596,1721.36830228182,1567.12474144311,1430.76324926075,1307.57745145043,1196.01316430083,1120.86700901962,1026.56014786501,951.942305825032,6.07173003736666,18.9754395842685,40.1659011623469,41.4988945918872,144.300812972857,71.965220866948,135.1238283289,277.567396657289,360.344132664102,463.425173721039,136.033704858772,63.5394541225346,96.0456039152463,113.660205756714,118.421881886087,122.699875656351,155.809961702176,191.478230762697,239.967011659307
"190",258184.086294875,527544.104296188,749526.534929785,904518.073392742,698579.25770292,468554.583472099,451253.434670882,340399.798597574,543786.831066363,404180.713313456,190609.368216104,168655.270705775,139841.898191882,136314.658977528,131635.276939536,193489.531256903,145692.83410316,197142.535814865,256337.366822376,257301.164717884,163985.273196809,106341.126120062,168314.088201282,217187.47268376,194629.398245689,207252.567741113,964.747096596878,3679.77181601569,12614.5961449058,21396.4290099122,34716.6537649147,43726.0347711767,4660.17184875238,4289,468,143,433
"191",639814.189425584,557874.827577735,675737.866658218,651310.304858466,721054.90453274,553543.873337611,939352.485766009,628730.369920225,738525.598769997,451891.169399414,237804.452981191,229655.658062203,521738.654732648,298670.736724366,348953.71013832,269245.303858912,83252.9452496858,9813.0855258107,17066.9998990884,43797.1603986052,31849.396829813,45075.9035588543,33356.9341842892,39522.7473774844,22380.3085121209,27262.8042499381,28233.1077167603,10062.0960904032,67477.4795817182,296867.98194328,98663.7195169168,51608.7957976139,38463.2323943291,28352.8485205501,24597.5779167878,23847.6480987533,8522.65547962883
"192",729098.537380436,245625.37759486,170193.083821747,124586.307824269,170257.722197301,88747.1418557827,55245.9441514179,45967.6395314778,28792.0729706796,26234.7649820876,19143.3876099509,37006.3472871434,40934.5005476948,47831.2660902901,35433.7992391496,35830.4740772357,30591.616763602,57070.9878195406,78455.5792254692,102790.066287034,65559.4981627175,84076.8797931381,23018.27918266,205.394528917215,4123.73299173157,8723.8894194381,9510.99559003688,3287.05434532342,6742.06543001416,53973.0561269986,52756.3970960409,27374.3020135852,260.459036687399,6241.34291168581,9265.12557253912,119.428777307336,3387.17670831144
"193",28868.2359070909,37296.8172529803,284734.195209305,163744.031034946,152044.169487687,139308.364401911,121939.376506348,364014.296999982,321503.70168002,130487.674762851,158500.372623014,123895.357733595,225946.688609254,252849.801957699,99492.6499665392,250103.453125151,118571.305904895,50748.9836059539,955.881501146194,5607.16783142069,8627.6035998021,10260.3408848105,5193.60963932256,8280.19327365659,11004.334403193,12028.3786285909,3994.42825439533,7279.4423991366,10895.8635953952,27771.8070911444,15841.5337251664,12539.242735043,2919.41428305651,7055.16422384053,8548.57150505454,2301.31087621536,5287.18712252996
